"","Chrom","Segment","Pos","Index","Effect","Trait"
"1557",1,0,202946,202946,0.00105145418180111,"Domesticated"
"1585",1,0,203073,203073,0.000456592159865217,"Domesticated"
"1597",1,0,203120,203120,0.000461988400776715,"Domesticated"
"16549",1,0,2573566,2573566,0.000644829350433223,"Domesticated"
"17008",1,0,2576630,2576630,0.000524685049191858,"Domesticated"
"17011",1,0,2576637,2576637,0.00149914703888096,"Domesticated"
"17260",1,0,2578356,2578356,0.000665106940948656,"Domesticated"
"17265",1,0,2578380,2578380,0.000801774405197345,"Domesticated"
"23910",1,0,3195233,3195233,0.000451979799656619,"Domesticated"
"23916",1,0,3195278,3195278,0.000522615087833746,"Domesticated"
"23921",1,0,3195291,3195291,0.000549038491233326,"Domesticated"
"25853",2,0,267,3356035,0.000498146130484273,"Domesticated"
"33549",2,0,853515,4209283,0.000586276828070254,"Domesticated"
"33572",2,0,853712,4209480,0.00046358095782163,"Domesticated"
"34270",2,0,858471,4214239,0.000613984038110496,"Domesticated"
"34696",2,0,860978,4216746,0.000456210103425742,"Domesticated"
"34731",2,0,861155,4216923,0.000507996307343794,"Domesticated"
"36220",2,0,1092534,4448302,0.00045481983278203,"Domesticated"
"42575",2,2,624970,5514462,0.000741070555215367,"Domesticated"
"42578",2,2,624987,5514479,0.000513012313613668,"Domesticated"
"42644",2,2,625467,5514959,0.000509709288274784,"Domesticated"
"42666",2,2,625576,5515068,0.000510362529777063,"Domesticated"
"48969",2,3,15425,6062250,0.00052810727746221,"Domesticated"
"51367",2,3,191791,6238616,0.000587070489528022,"Domesticated"
"51491",2,4,536,6239648,0.000548560894800166,"Domesticated"
"51552",2,4,844,6239956,0.000514969720108229,"Domesticated"
"51562",2,4,882,6239994,0.000592866504858288,"Domesticated"
"51760",2,4,2254,6241366,0.000480334484796556,"Domesticated"
"51839",2,4,3213,6242325,0.000451572693229298,"Domesticated"
"53531",2,4,235575,6474687,0.000496847174035813,"Domesticated"
"57304",2,4,704740,6943852,0.000457908942677697,"Domesticated"
"61970",3,1,102182,7425713,0.000534737571787543,"Domesticated"
"62706",3,1,229711,7553242,0.00486139863614002,"Domesticated"
"66108",3,1,810119,8133650,0.0136891588558261,"Domesticated"
"81577",3,2,1778236,10847995,0.000474455433153376,"Domesticated"
"86907",4,1,1407,11246179,0.000571461213607814,"Domesticated"
"88935",5,0,180383,11452962,0.00047601902608615,"Domesticated"
"91523",5,0,563546,11836125,0.000553588005070604,"Domesticated"
"91525",5,0,563590,11836169,0.000699251482811758,"Domesticated"
"95994",5,0,1129011,12401590,0.0221946205773193,"Domesticated"
"107685",5,1,1220,13700958,0.00045988526550486,"Domesticated"
"108052",5,1,23784,13723522,0.000506687497158644,"Domesticated"
"108979",5,1,73408,13773146,0.00061252702043063,"Domesticated"
"108980",5,1,73412,13773150,0.000634057417629748,"Domesticated"
"123596",5,1,2210818,15910556,0.0005155671716007,"Domesticated"
"132756",6,0,146322,16064909,0.000584927820492701,"Domesticated"
"137156",6,0,953360,16871947,0.000486815596103686,"Domesticated"
"137157",6,0,953366,16871953,0.000604288490539596,"Domesticated"
"137158",6,0,953399,16871986,0.000789543744569934,"Domesticated"
"138484",6,0,1216360,17134947,0.0145030102564275,"Domesticated"
"170858",8,0,8034,21584799,0.000532023147297159,"Domesticated"
"170900",8,0,8473,21585238,0.000477237413930851,"Domesticated"
"170903",8,0,8510,21585275,0.000467256647010475,"Domesticated"
"176928",8,1,464962,22108441,0.000669200276855311,"Domesticated"
"181690",8,1,1008988,22652467,0.000611550828502886,"Domesticated"
"181691",8,1,1008992,22652471,0.000581274027704971,"Domesticated"
"181796",8,1,1009874,22653353,0.00058388057899881,"Domesticated"
"181817",8,1,1010034,22653513,0.000782181683753805,"Domesticated"
"181845",8,2,3775,22657334,0.000563567999785355,"Domesticated"
"182766",8,2,146245,22799804,0.000465903247403616,"Domesticated"
"183145",8,2,149388,22802947,0.000853933802219729,"Domesticated"
"183283",8,2,150297,22803856,0.00046571810401442,"Domesticated"
"183414",8,2,151187,22804746,0.000473751177579352,"Domesticated"
"184070",8,2,156281,22809840,0.000585002461721818,"Domesticated"
"185346",8,2,222970,22876529,0.000487411199835175,"Domesticated"
"187938",8,2,567052,23220611,0.000482065454773522,"Domesticated"
"188344",8,2,571715,23225274,0.000469571568883787,"Domesticated"
"188513",8,2,572762,23226321,0.000464540070311835,"Domesticated"
"188812",8,2,576028,23229587,0.00049569717951024,"Domesticated"
"188823",8,2,576112,23229671,0.000517111795625286,"Domesticated"
"190745",9,1,6155,23390432,0.000579659291197868,"Domesticated"
"191068",9,1,10307,23394584,0.000582536511836394,"Domesticated"
"191094",9,1,10525,23394802,0.000792413124688151,"Domesticated"
"191421",9,1,26100,23410377,0.000503065750143127,"Domesticated"
"191892",9,1,32862,23417139,0.000634652248220632,"Domesticated"
"191931",9,1,33205,23417482,0.000739757536841751,"Domesticated"
"192198",9,1,35590,23419867,0.00058946362344162,"Domesticated"
"192328",9,1,38580,23422857,0.000525859614840364,"Domesticated"
"193088",9,1,46352,23430629,0.000671787576393211,"Domesticated"
"193181",9,1,47054,23431331,0.000587181468627961,"Domesticated"
"195310",9,1,317414,23701691,0.0174541325500151,"Domesticated"
"196122",9,1,386683,23770960,0.000503354630546785,"Domesticated"
"207551",9,1,1839714,25223991,0.000892836476732686,"Domesticated"
"207552",9,1,1839717,25223994,0.00151769353694273,"Domesticated"
"207802",9,1,1845709,25229986,0.000642436625305023,"Domesticated"
"207854",9,1,1850834,25235111,0.000651667860659774,"Domesticated"
"208201",9,1,1874183,25258460,0.000460268500663662,"Domesticated"
"212683",10,1,10725,25706566,0.000456369903249824,"Domesticated"
"212757",10,1,11234,25707075,0.000502449848515577,"Domesticated"
"216449",10,1,322755,26018596,0.000546850500792504,"Domesticated"
"222268",10,1,1206055,26901896,0.00060513016064232,"Domesticated"
"224414",10,1,1367380,27063221,0.000631803904825088,"Domesticated"
"229674",10,1,2035430,27731271,0.000469159677703627,"Domesticated"
"229741",10,1,2036282,27732123,0.000529189649602932,"Domesticated"
"232111",10,1,2276258,27972099,0.000535228429116049,"Domesticated"
"232151",10,1,2276588,27972429,0.000502412774505867,"Domesticated"
"232156",10,1,2276629,27972470,0.00121833288882883,"Domesticated"
"232161",10,1,2276647,27972488,0.000559325317784198,"Domesticated"
"232482",10,1,2279289,27975130,0.000451049991310965,"Domesticated"
"232561",10,1,2279844,27975685,0.00104462730813709,"Domesticated"
"232689",10,1,2281007,27976848,0.000571564583060595,"Domesticated"
"235173",11,0,689709,28672121,0.000452545613861673,"Domesticated"
"238707",12,0,11808,29245839,0.000508595536986387,"Domesticated"
"239319",12,0,42141,29276172,0.000460552269302928,"Domesticated"
"239320",12,0,42145,29276176,0.000573687258668244,"Domesticated"
"239401",12,0,42839,29276870,0.000707088536679672,"Domesticated"
"239402",12,0,42840,29276871,0.000675993883600868,"Domesticated"
"239408",12,0,42902,29276933,0.00049811775680246,"Domesticated"
"259854",13,0,777517,31851477,0.000699319946217206,"Domesticated"
"259864",13,0,777577,31851537,0.000637278626109275,"Domesticated"
"260131",13,0,786668,31860628,0.000549000719607328,"Domesticated"
"260152",13,0,787044,31861004,0.000476436655736806,"Domesticated"
"260222",13,1,569,31861906,0.000597722627580035,"Domesticated"
"260277",13,1,1216,31862553,0.000458900486275534,"Domesticated"
"260278",13,1,1218,31862555,0.000590929396699709,"Domesticated"
"267256",13,2,979,32699165,0.000556325056299867,"Domesticated"
"267260",13,2,995,32699181,0.000744811457227932,"Domesticated"
"268853",13,2,17656,32715842,0.000747722371161213,"Domesticated"
"268864",13,2,17757,32715943,0.000614763866603527,"Domesticated"
"271200",14,0,243102,32997600,0.000566512189029232,"Domesticated"
"287230",14,2,1408,35259328,0.000646477191537921,"Domesticated"
"287236",14,2,1446,35259366,0.000519601585146438,"Domesticated"
"287440",14,2,3106,35261026,0.00057796913134864,"Domesticated"
"288600",14,2,48801,35306721,0.000727204354241917,"Domesticated"
"288743",14,2,49919,35307839,0.000697165546841936,"Domesticated"
"288750",14,2,49956,35307876,0.000524445299845466,"Domesticated"
"288753",14,2,49969,35307889,0.000719443227859161,"Domesticated"
"292439",15,1,275244,35700815,0.000710696986518767,"Domesticated"
"292443",15,1,275289,35700860,0.000521290364987556,"Domesticated"
"292608",15,1,277081,35702652,0.000642292297166269,"Domesticated"
"293073",15,3,4586,35771938,0.000573892471019557,"Domesticated"
"293374",15,3,19742,35787094,0.0005152910175391,"Domesticated"
"294364",15,3,30449,35797801,0.000640347077408526,"Domesticated"
"313337",16,1,358809,38471091,0.000548569463908418,"Domesticated"
"316288",16,1,863761,38976043,0.000535881398740078,"Domesticated"
"316317",16,1,863949,38976231,0.000574373490370794,"Domesticated"
"316928",16,1,892155,39004437,0.00064637106277413,"Domesticated"
"316975",16,1,892539,39004821,0.00046864604390224,"Domesticated"
"321188",16,3,81601,39327470,0.015434606718144,"Domesticated"
"327171",16,3,424684,39670553,0.000693277677480358,"Domesticated"
"329257",16,5,96123,39957158,0.000549267479515757,"Domesticated"
"329574",16,5,98404,39959439,0.000653319146988922,"Domesticated"
"334568",16,7,159872,40350212,0.000572509470150479,"Domesticated"
"334864",16,7,161528,40351868,0.000525654342178704,"Domesticated"
"334865",16,7,161534,40351874,0.000797323701885782,"Domesticated"
"334871",16,7,161560,40351900,0.000453469564030918,"Domesticated"
"334877",16,7,161588,40351928,0.000947913608300073,"Domesticated"
"334952",16,7,162032,40352372,0.00137177296896053,"Domesticated"
"336927",16,8,135262,40489522,0.000477285741804889,"Domesticated"
"338074",16,10,271,38112553,0.000588397507933451,"Domesticated"
"338317",16,10,2868,38115150,0.00077359074038609,"Domesticated"
"338318",16,10,2872,38115154,0.00109236528509573,"Domesticated"
"343861",16,11,778802,41387792,0.000535302553773507,"Domesticated"
"343862",16,11,778842,41387832,0.000517760657653328,"Domesticated"
"15571",1,0,202946,202946,0.000525044262017826,"Wild"
"1559",1,0,202952,202952,0.000373843661011233,"Wild"
"1561",1,0,202962,202962,0.000373319186254989,"Wild"
"1564",1,0,202983,202983,0.000411041634048321,"Wild"
"1602",1,0,203140,203140,0.000477144312650879,"Wild"
"1785",1,0,204261,204261,0.000373208383728744,"Wild"
"12644",1,0,1872836,1872836,0.000402561100065893,"Wild"
"12645",1,0,1872846,1872846,0.000402561100065893,"Wild"
"12646",1,0,1872851,1872851,0.000402561100065893,"Wild"
"16594",1,0,2573905,2573905,0.000435673230643709,"Wild"
"16999",1,0,2576581,2576581,0.000454737135777353,"Wild"
"170111",1,0,2576637,2576637,0.00134861922470005,"Wild"
"17012",1,0,2576640,2576640,0.00073131186632514,"Wild"
"172601",1,0,2578356,2578356,0.000409356039611084,"Wild"
"172651",1,0,2578380,2578380,0.000866343850474687,"Wild"
"17397",1,0,2579272,2579272,0.00072907260600925,"Wild"
"17529",1,0,2580117,2580117,0.000716611947859358,"Wild"
"17934",1,0,2584046,2584046,0.000379513761086153,"Wild"
"18175",1,0,2585544,2585544,0.000519766802314367,"Wild"
"23855",1,0,3194949,3194949,0.000415857649651451,"Wild"
"239211",1,0,3195291,3195291,0.000389954233206255,"Wild"
"24032",1,0,3195950,3195950,0.000446266041946591,"Wild"
"24495",1,0,3213426,3213426,0.000461200080239461,"Wild"
"25803",1,1,140869,3355640,0.000444555389182483,"Wild"
"25833",2,0,23,3355791,0.000373083460895561,"Wild"
"26009",2,0,1818,3357586,0.00039187270628443,"Wild"
"335491",2,0,853515,4209283,0.000440550175491531,"Wild"
"33556",2,0,853566,4209334,0.000397222139781996,"Wild"
"335721",2,0,853712,4209480,0.000554826479897511,"Wild"
"34179",2,0,857876,4213644,0.000401489423293251,"Wild"
"34271",2,0,858472,4214240,0.000372162736735662,"Wild"
"34274",2,0,858481,4214249,0.00046235835069391,"Wild"
"347311",2,0,861155,4216923,0.000675630641070615,"Wild"
"36215",2,0,1092490,4448258,0.000392591416810183,"Wild"
"36310",2,0,1093370,4449138,0.000452321932266608,"Wild"
"38713",2,1,408752,4861453,0.000509356877656854,"Wild"
"425751",2,2,624970,5514462,0.000546457441738169,"Wild"
"426441",2,2,625467,5514959,0.000450025589454746,"Wild"
"42647",2,2,625487,5514979,0.000647729767789904,"Wild"
"42648",2,2,625488,5514980,0.000886665543526574,"Wild"
"42651",2,2,625506,5514998,0.000405562981351411,"Wild"
"489691",2,3,15425,6062250,0.00105596140629149,"Wild"
"51473",2,4,421,6239533,0.000516474656806484,"Wild"
"51479",2,4,449,6239561,0.000441083861694739,"Wild"
"515521",2,4,844,6239956,0.000514597780357167,"Wild"
"51564",2,4,886,6239998,0.000422188530361407,"Wild"
"51639",2,4,1508,6240620,0.000403542395019255,"Wild"
"51705",2,4,1916,6241028,0.000632610108774457,"Wild"
"51735",2,4,2096,6241208,0.00058511728607879,"Wild"
"51837",2,4,3208,6242320,0.000423846793103682,"Wild"
"518391",2,4,3213,6242325,0.000513334417576901,"Wild"
"51864",2,4,3354,6242466,0.000558874126601456,"Wild"
"51908",2,4,3684,6242796,0.000563801686528022,"Wild"
"51911",2,4,3689,6242801,0.000444881811127079,"Wild"
"51913",2,4,3699,6242811,0.000431393297833278,"Wild"
"51916",2,4,3718,6242830,0.000604239858578912,"Wild"
"627061",3,1,229711,7553242,0.00109136374370288,"Wild"
"661081",3,1,810119,8133650,0.0338373059221656,"Wild"
"815771",3,2,1778236,10847995,0.000462974620795215,"Wild"
"87501",4,1,27414,11272186,0.000422098155579789,"Wild"
"915231",5,0,563546,11836125,0.00135227047618895,"Wild"
"915251",5,0,563590,11836169,0.00137934982002382,"Wild"
"91560",5,0,566074,11838653,0.000523415208915612,"Wild"
"91582",5,0,567991,11840570,0.000456613727398284,"Wild"
"959941",5,0,1129011,12401590,0.0265506575869251,"Wild"
"106132",5,0,2394595,13667174,0.00119254578496777,"Wild"
"106400",5,0,2399195,13671774,0.000467022795053337,"Wild"
"106457",5,0,2399715,13672294,0.000487803046482867,"Wild"
"1080521",5,1,23784,13723522,0.000419270091072028,"Wild"
"108688",5,1,53948,13753686,0.000489967391050372,"Wild"
"124105",5,1,2214719,15914457,0.000763599239458631,"Wild"
"124112",5,1,2214749,15914487,0.000541213813140157,"Wild"
"125844",6,0,13932,15932519,0.000409388952464863,"Wild"
"127411",6,0,38936,15957523,0.000381662208888775,"Wild"
"127520",6,0,39979,15958566,0.000583133112287821,"Wild"
"128702",6,0,49342,15967929,0.000486110560636425,"Wild"
"129511",6,0,72992,15991579,0.000440101467936191,"Wild"
"1371561",6,0,953360,16871947,0.000480984108328575,"Wild"
"1371571",6,0,953366,16871953,0.000572486325657828,"Wild"
"1384841",6,0,1216360,17134947,0.0107141126823593,"Wild"
"144671",6,1,12782,17825395,0.000404765148665352,"Wild"
"147036",6,3,980,18108870,0.000442171676872636,"Wild"
"155963",7,0,834278,19329644,0.000543753186590316,"Wild"
"163543",7,2,339149,20460171,0.000388391816535434,"Wild"
"1769281",8,1,464962,22108441,0.000375058870467138,"Wild"
"181273",8,1,999667,22643146,0.000381347155641012,"Wild"
"181435",8,1,1003168,22646647,0.000395488810618185,"Wild"
"181487",8,1,1004305,22647784,0.000372343436094241,"Wild"
"1816911",8,1,1008992,22652471,0.000403087893390248,"Wild"
"1818171",8,1,1010034,22653513,0.000508139116977846,"Wild"
"1818451",8,2,3775,22657334,0.000390281679065791,"Wild"
"1831451",8,2,149388,22802947,0.000457711008657971,"Wild"
"1832831",8,2,150297,22803856,0.000508251494430573,"Wild"
"1834141",8,2,151187,22804746,0.000595714232237696,"Wild"
"183458",8,2,151571,22805130,0.000438181121755372,"Wild"
"184769",8,2,182174,22835733,0.00055526072702029,"Wild"
"1879381",8,2,567052,23220611,0.000394054223359624,"Wild"
"1883441",8,2,571715,23225274,0.000484300879229119,"Wild"
"188503",8,2,572713,23226272,0.00054836056477535,"Wild"
"1885131",8,2,572762,23226321,0.00055846467090375,"Wild"
"1888121",8,2,576028,23229587,0.000891343801954268,"Wild"
"188959",8,2,576965,23230524,0.000404027120818801,"Wild"
"190181",9,1,311,23384588,0.000593505967833509,"Wild"
"190213",9,1,541,23384818,0.000408899721801342,"Wild"
"190291",9,1,961,23385238,0.000611891055841182,"Wild"
"190694",9,1,5747,23390024,0.000566541125664311,"Wild"
"190701",9,1,5819,23390096,0.000400145296216412,"Wild"
"190756",9,1,6285,23390562,0.000535187762785818,"Wild"
"1910941",9,1,10525,23394802,0.000402342918835657,"Wild"
"1918921",9,1,32862,23417139,0.0010393892986394,"Wild"
"1919311",9,1,33205,23417482,0.00071681158675963,"Wild"
"1923281",9,1,38580,23422857,0.00066718213660063,"Wild"
"192995",9,1,43386,23427663,0.000622597707708478,"Wild"
"192996",9,1,43391,23427668,0.000464538320680569,"Wild"
"192997",9,1,43393,23427670,0.000682213356033698,"Wild"
"1930881",9,1,46352,23430629,0.000933620820365072,"Wild"
"193089",9,1,46364,23430641,0.000383867535291842,"Wild"
"1931811",9,1,47054,23431331,0.000405676510749954,"Wild"
"193345",9,1,50894,23435171,0.000375911767730347,"Wild"
"1953101",9,1,317414,23701691,0.0310603110695172,"Wild"
"207489",9,1,1839200,25223477,0.000582764986219673,"Wild"
"2075511",9,1,1839714,25223991,0.000907556321863763,"Wild"
"2075521",9,1,1839717,25223994,0.0015132135904886,"Wild"
"207553",9,1,1839725,25224002,0.000407889932876167,"Wild"
"207555",9,1,1839731,25224008,0.00066797111866242,"Wild"
"2078541",9,1,1850834,25235111,0.000372860702168043,"Wild"
"210203",9,1,2076135,25460412,0.000461969729932463,"Wild"
"212552",10,1,9814,25705655,0.000494143805486018,"Wild"
"2127571",10,1,11234,25707075,0.000481393739213213,"Wild"
"213427",10,1,23119,25718960,0.00077454672058363,"Wild"
"2164491",10,1,322755,26018596,0.000656141081415581,"Wild"
"216450",10,1,322757,26018598,0.000726057632874328,"Wild"
"216451",10,1,322763,26018604,0.00046084946530888,"Wild"
"216921",10,1,350818,26046659,0.000532694495240768,"Wild"
"216938",10,1,350913,26046754,0.000582116270652075,"Wild"
"2222681",10,1,1206055,26901896,0.000811749226643967,"Wild"
"224081",10,1,1363015,27058856,0.000536575782936488,"Wild"
"224303",10,1,1366774,27062615,0.00037527242556873,"Wild"
"224385",10,1,1367166,27063007,0.000399725117442569,"Wild"
"224496",10,1,1367895,27063736,0.000541730984934821,"Wild"
"231636",10,1,2259650,27955491,0.000433468800228424,"Wild"
"2321511",10,1,2276588,27972429,0.000731216171447693,"Wild"
"232154",10,1,2276611,27972452,0.000379190206443891,"Wild"
"2321561",10,1,2276629,27972470,0.00074102141962018,"Wild"
"232158",10,1,2276637,27972478,0.00106362990752338,"Wild"
"2321611",10,1,2276647,27972488,0.000830143681503039,"Wild"
"2325611",10,1,2279844,27975685,0.000634055269931508,"Wild"
"232594",10,1,2280193,27976034,0.000425828647439418,"Wild"
"232595",10,1,2280200,27976041,0.000388577172658136,"Wild"
"232669",10,1,2280757,27976598,0.000384826283196834,"Wild"
"2326891",10,1,2281007,27976848,0.00121642685374851,"Wild"
"232839",10,1,2282349,27978190,0.000486375883292532,"Wild"
"2351731",11,0,689709,28672121,0.000755076365253926,"Wild"
"2393191",12,0,42141,29276172,0.00051278697120331,"Wild"
"2393201",12,0,42145,29276176,0.000878740340360657,"Wild"
"239391",12,0,42742,29276773,0.000426646255562944,"Wild"
"2394011",12,0,42839,29276870,0.000419001360104942,"Wild"
"2394021",12,0,42840,29276871,0.000410053158683027,"Wild"
"2394081",12,0,42902,29276933,0.000573987949349587,"Wild"
"241010",12,0,269554,29503585,0.000455912271089493,"Wild"
"252879",13,0,22641,31096601,0.000621272535335823,"Wild"
"259392",13,0,766584,31840544,0.000382736739606096,"Wild"
"259447",13,0,767967,31841927,0.000563634642804887,"Wild"
"2598541",13,0,777517,31851477,0.000435366254205744,"Wild"
"2602781",13,1,1218,31862555,0.000478948475445045,"Wild"
"2672561",13,2,979,32699165,0.000398260880010644,"Wild"
"2672601",13,2,995,32699181,0.000446785972798361,"Wild"
"267365",13,2,1636,32699822,0.000586183439355429,"Wild"
"268494",13,2,11570,32709756,0.00045104575021542,"Wild"
"268762",13,2,16992,32715178,0.000535898329307264,"Wild"
"268849",13,2,17630,32715816,0.000440552528813099,"Wild"
"2688531",13,2,17656,32715842,0.00054576473109782,"Wild"
"268867",13,2,17764,32715950,0.000621083234799253,"Wild"
"274602",14,0,622966,33377464,0.000379628082812313,"Wild"
"276288",14,1,3685,33553288,0.000542338611765901,"Wild"
"276330",14,1,3879,33553482,0.000575618362038656,"Wild"
"287051",14,2,134,35258054,0.000434632326420455,"Wild"
"287227",14,2,1392,35259312,0.000435045173826892,"Wild"
"2872361",14,2,1446,35259366,0.000418788587823666,"Wild"
"287350",14,2,2422,35260342,0.000561801700021825,"Wild"
"287364",14,2,2643,35260563,0.000574894522517278,"Wild"
"287471",14,2,3280,35261200,0.000457974201502279,"Wild"
"287472",14,2,3288,35261208,0.000390257318378098,"Wild"
"288327",14,2,47054,35304974,0.000576295444935127,"Wild"
"288374",14,2,47270,35305190,0.000418250219401891,"Wild"
"288440",14,2,47740,35305660,0.000379067059156009,"Wild"
"2886001",14,2,48801,35306721,0.000403444758626739,"Wild"
"288738",14,2,49880,35307800,0.000402316548469436,"Wild"
"290922",15,1,126163,35551734,0.000478972082598286,"Wild"
"292432",15,1,275162,35700733,0.000464896288921431,"Wild"
"2926081",15,1,277081,35702652,0.00072557630837876,"Wild"
"292673",15,1,277770,35703341,0.000481719743313143,"Wild"
"292846",15,2,934,35709412,0.000401905536235562,"Wild"
"2930731",15,3,4586,35771938,0.000414152512925923,"Wild"
"293314",15,3,19275,35786627,0.000448313773470927,"Wild"
"293315",15,3,19277,35786629,0.000582196987401711,"Wild"
"298139",15,4,536130,36335113,0.000406767840835782,"Wild"
"299928",16,0,148306,36513977,0.000533077699043785,"Wild"
"309812",16,0,1549830,37915501,0.00047095722969106,"Wild"
"311019",16,1,25287,38137569,0.000441572822740535,"Wild"
"311035",16,1,25767,38138049,0.000391994510442095,"Wild"
"316290",16,1,863775,38976057,0.000433865325120092,"Wild"
"3169281",16,1,892155,39004437,0.000634315581223253,"Wild"
"319136",16,2,132955,39243772,0.000604613637998773,"Wild"
"3211881",16,3,81601,39327470,0.0299294781244757,"Wild"
"3271711",16,3,424684,39670553,0.0004162164073273,"Wild"
"3292571",16,5,96123,39957158,0.000441952367264677,"Wild"
"329644",16,5,98911,39959946,0.000493463881095296,"Wild"
"329859",16,5,100116,39961151,0.000391367912210871,"Wild"
"332157",16,7,19308,40209648,0.000552653974976361,"Wild"
"334295",16,7,158260,40348600,0.000391630511639732,"Wild"
"334402",16,7,158831,40349171,0.000549622666460166,"Wild"
"334569",16,7,159877,40350217,0.000450344104609434,"Wild"
"3348641",16,7,161528,40351868,0.000563894733679162,"Wild"
"3348651",16,7,161534,40351874,0.000620741832536833,"Wild"
"3348771",16,7,161588,40351928,0.000495307959776642,"Wild"
"3349521",16,7,162032,40352372,0.000771689764489702,"Wild"
"336846",16,8,134747,40489007,0.000503266303477044,"Wild"
"3383171",16,10,2868,38115150,0.000407565115568084,"Wild"
"338449",16,10,4238,38116520,0.000520786153751937,"Wild"
"338700",16,10,57212,38169494,0.00043824620412174,"Wild"
"3438611",16,11,778802,41387792,0.000601671039965808,"Wild"
"3438621",16,11,778842,41387832,0.000659143735371183,"Wild"
"12348",1,0,1862301,1862301,0.000475183706278538,"DmWoD"
"16628",1,0,2574117,2574117,0.000485443678345883,"DmWoD"
"16632",1,0,2574134,2574134,0.000425632619762191,"DmWoD"
"16633",1,0,2574135,2574135,0.000386485630124873,"DmWoD"
"16638",1,0,2574157,2574157,0.000495490336131609,"DmWoD"
"16847",1,0,2575542,2575542,0.000278573363404686,"DmWoD"
"17081",1,0,2577072,2577072,0.000501540421192092,"DmWoD"
"17116",1,0,2577279,2577279,0.000304513340019052,"DmWoD"
"17119",1,0,2577319,2577319,0.000552560300477903,"DmWoD"
"17681",1,0,2582160,2582160,0.000403758492809493,"DmWoD"
"17694",1,0,2582254,2582254,0.000679924871348469,"DmWoD"
"17758",1,0,2582779,2582779,0.000261752744268104,"DmWoD"
"17761",1,0,2582806,2582806,0.00117833099315406,"DmWoD"
"17764",1,0,2582813,2582813,0.000286092490844765,"DmWoD"
"17822",1,0,2583227,2583227,0.000419562860477528,"DmWoD"
"17825",1,0,2583234,2583234,0.000356844763681991,"DmWoD"
"17826",1,0,2583236,2583236,0.000275794564711798,"DmWoD"
"17829",1,0,2583269,2583269,0.000351637867075622,"DmWoD"
"18216",1,0,2585754,2585754,0.000271894093016367,"DmWoD"
"23790",1,0,3194479,3194479,0.000462975224687097,"DmWoD"
"23797",1,0,3194535,3194535,0.000545074314493881,"DmWoD"
"24447",1,0,3212245,3212245,0.0194985219695196,"DmWoD"
"24627",1,1,1133,3215904,0.000265272024160246,"DmWoD"
"24707",1,1,1792,3216563,0.00054831558065363,"DmWoD"
"25752",1,1,140576,3355347,0.000278750256317723,"DmWoD"
"33113",2,0,850591,4206359,0.000745901380772509,"DmWoD"
"33114",2,0,850596,4206364,0.000834489667875141,"DmWoD"
"33115",2,0,850597,4206365,0.00072122984050636,"DmWoD"
"33117",2,0,850607,4206375,0.00064125499999352,"DmWoD"
"33119",2,0,850614,4206382,0.000663589296579261,"DmWoD"
"33120",2,0,850617,4206385,0.000282088366856183,"DmWoD"
"33125",2,0,850644,4206412,0.000265936230743027,"DmWoD"
"33129",2,0,850660,4206428,0.000286975430906565,"DmWoD"
"33152",2,0,850776,4206544,0.000412944956559159,"DmWoD"
"34040",2,0,856906,4212674,0.000388526795706452,"DmWoD"
"34082",2,0,857220,4212988,0.000304347783758176,"DmWoD"
"34236",2,0,858291,4214059,0.000660556335284069,"DmWoD"
"34245",2,0,858347,4214115,0.000287742414371449,"DmWoD"
"34404",2,0,859163,4214931,0.000305849334032168,"DmWoD"
"34405",2,0,859167,4214935,0.000309260717343491,"DmWoD"
"34412",2,0,859212,4214980,0.000576707576255298,"DmWoD"
"34413",2,0,859213,4214981,0.000339710544648986,"DmWoD"
"34873",2,0,861959,4217727,0.000459920958486135,"DmWoD"
"36266",2,0,1092889,4448657,0.000259079640115596,"DmWoD"
"38700",2,1,407724,4860425,0.000278835951657697,"DmWoD"
"39390",2,2,1976,4891468,0.000476718651701261,"DmWoD"
"39391",2,2,1979,4891471,0.000334553782960534,"DmWoD"
"42737",2,2,626055,5515547,0.000342072279935605,"DmWoD"
"42821",2,2,634915,5524407,0.000346728936885604,"DmWoD"
"42825",2,2,634960,5524452,0.000405017175537891,"DmWoD"
"42852",2,2,635234,5524726,0.000301592451065911,"DmWoD"
"47955",2,2,1141974,6031466,0.00026918868181821,"DmWoD"
"48293",2,3,4115,6050940,0.000353048648207694,"DmWoD"
"49030",2,3,16360,6063185,0.000266848459837871,"DmWoD"
"49031",2,3,16362,6063187,0.00030632793844904,"DmWoD"
"49166",2,3,17755,6064580,0.000353155008297456,"DmWoD"
"51045",2,3,186242,6233067,0.000459527880995976,"DmWoD"
"52462",2,4,65942,6305054,0.000283204650515923,"DmWoD"
"56535",2,4,627254,6866366,0.000383852551973829,"DmWoD"
"57215",2,4,703944,6943056,0.00027829735689532,"DmWoD"
"57488",2,4,705777,6944889,0.000279853784196254,"DmWoD"
"57652",2,4,706590,6945702,0.0003261610057138,"DmWoD"
"60227",3,0,40423,7190859,0.0364197828182361,"DmWoD"
"60228",3,0,40427,7190863,0.0070549265374278,"DmWoD"
"60229",3,0,40468,7190904,0.0109823548832521,"DmWoD"
"60318",3,0,41828,7192264,0.0212515230429286,"DmWoD"
"627062",3,1,229711,7553242,0.0190020670593525,"DmWoD"
"70809",3,1,1745648,9069179,0.000259130222756125,"DmWoD"
"77709",3,2,976644,10046403,0.000279115151016207,"DmWoD"
"82590",4,0,84982,10960819,0.000541115858451436,"DmWoD"
"82712",4,0,85767,10961604,0.000259933912605338,"DmWoD"
"86621",4,0,363383,11239220,0.000310967241704164,"DmWoD"
"86791",4,0,364553,11240390,0.000270414074712928,"DmWoD"
"86880",4,1,488,11245260,0.000499424984663267,"DmWoD"
"86881",4,1,490,11245262,0.000308648213287492,"DmWoD"
"86983",4,1,4270,11249042,0.000314748615186965,"DmWoD"
"86984",4,1,4279,11249051,0.000310513156667008,"DmWoD"
"103021",5,0,2084402,13356981,0.000363058690189371,"DmWoD"
"105467",5,0,2331516,13604095,0.000371838266324188,"DmWoD"
"106039",5,0,2392514,13665093,0.000454091533237674,"DmWoD"
"106073",5,0,2392889,13665468,0.000268403275144471,"DmWoD"
"106615",5,0,2401039,13673618,0.000269059145774117,"DmWoD"
"106732",5,0,2402170,13674749,0.00079767438190768,"DmWoD"
"106734",5,0,2402182,13674761,0.000340290445341787,"DmWoD"
"107509",5,0,2419093,13691672,0.000342162029632618,"DmWoD"
"108596",5,1,51237,13750975,0.000460128590141885,"DmWoD"
"108672",5,1,53483,13753221,0.000320895948287158,"DmWoD"
"108673",5,1,53487,13753225,0.000320895948287158,"DmWoD"
"108674",5,1,53516,13753254,0.000649917015876447,"DmWoD"
"108723",5,1,54447,13754185,0.000266526231327323,"DmWoD"
"108740",5,1,55606,13755344,0.00036861554875762,"DmWoD"
"108741",5,1,55610,13755348,0.000479511752937667,"DmWoD"
"114203",5,1,752200,14451938,0.000295987672567981,"DmWoD"
"119547",5,1,1690701,15390439,0.013914231232237,"DmWoD"
"119551",5,1,1690860,15390598,0.0393500566291485,"DmWoD"
"120027",5,1,1706239,15405977,0.000408982722996701,"DmWoD"
"123142",5,1,2207392,15907130,0.000488585165700311,"DmWoD"
"123155",5,1,2207487,15907225,0.000296971232548656,"DmWoD"
"123157",5,1,2207492,15907230,0.000424405338663717,"DmWoD"
"123228",5,1,2207938,15907676,0.000272589143669918,"DmWoD"
"123366",5,1,2208959,15908697,0.000622009578166766,"DmWoD"
"123367",5,1,2208965,15908703,0.000305562866178296,"DmWoD"
"123368",5,1,2208967,15908705,0.000445564216978151,"DmWoD"
"123370",5,1,2208973,15908711,0.000305193135743417,"DmWoD"
"123817",5,1,2212672,15912410,0.00025838998262605,"DmWoD"
"123823",5,1,2212721,15912459,0.000286988089017986,"DmWoD"
"123971",5,1,2213712,15913450,0.000300814313212945,"DmWoD"
"124002",5,1,2213986,15913724,0.000292154470674626,"DmWoD"
"124099",5,1,2214620,15914358,0.000335943384424842,"DmWoD"
"126918",6,0,34327,15952914,0.000301405912362135,"DmWoD"
"127224",6,0,37013,15955600,0.000278468763581913,"DmWoD"
"127227",6,0,37041,15955628,0.000272149265775554,"DmWoD"
"132762",6,0,146376,16064963,0.000259104002515301,"DmWoD"
"137494",6,0,974814,16893401,0.00033805284417272,"DmWoD"
"1384842",6,0,1216360,17134947,0.000912765511868716,"DmWoD"
"140583",6,0,1490473,17409060,0.000359033794214631,"DmWoD"
"140584",6,0,1490476,17409063,0.000310429650532054,"DmWoD"
"140678",6,0,1490955,17409542,0.000526809066269201,"DmWoD"
"140773",6,0,1491480,17410067,0.00029566761142518,"DmWoD"
"142356",6,0,1654738,17573325,0.0334940028552358,"DmWoD"
"144609",6,1,11588,17824201,0.000295237144603561,"DmWoD"
"145524",6,2,1148,17989324,0.00031981945969745,"DmWoD"
"145542",6,2,1298,17989474,0.000263794585136183,"DmWoD"
"145567",6,2,1490,17989666,0.000262717858981462,"DmWoD"
"147057",6,3,2815,18110705,0.000273776829335916,"DmWoD"
"147138",6,3,3264,18111154,0.000478067807761133,"DmWoD"
"150554",7,0,945,18496311,0.000373431018014617,"DmWoD"
"152487",7,0,363062,18858428,0.000286936003431808,"DmWoD"
"170718",8,0,5042,21581807,0.000383600939159496,"DmWoD"
"170959",8,0,11340,21588105,0.000276407173614555,"DmWoD"
"170976",8,0,11436,21588201,0.000359574358333103,"DmWoD"
"170977",8,0,11440,21588205,0.000595055954898044,"DmWoD"
"171084",8,0,15139,21591904,0.000508736363720572,"DmWoD"
"171382",8,0,17498,21594263,0.000279813496465375,"DmWoD"
"171383",8,0,17501,21594266,0.000311236818472421,"DmWoD"
"171413",8,0,17666,21594431,0.00028057075146006,"DmWoD"
"171449",8,0,17847,21594612,0.000385146772520079,"DmWoD"
"171494",8,0,18049,21594814,0.000286016213496235,"DmWoD"
"173370",8,1,95504,21738983,0.000272325030917366,"DmWoD"
"173371",8,1,95519,21738998,0.000355076913145473,"DmWoD"
"173373",8,1,95533,21739012,0.000549970374156874,"DmWoD"
"173375",8,1,95539,21739018,0.00034751255355716,"DmWoD"
"173511",8,1,96368,21739847,0.000310972024586817,"DmWoD"
"173521",8,1,96438,21739917,0.000525112725255944,"DmWoD"
"173636",8,1,97090,21740569,0.000267916242439589,"DmWoD"
"173738",8,1,97784,21741263,0.00027292943739049,"DmWoD"
"173767",8,1,97917,21741396,0.000317644762127364,"DmWoD"
"176881",8,1,460888,22104367,0.000470566211496533,"DmWoD"
"176892",8,1,462483,22105962,0.000270286135794659,"DmWoD"
"181205",8,1,998695,22642174,0.000311492165529831,"DmWoD"
"181210",8,1,998740,22642219,0.000552447804327724,"DmWoD"
"181570",8,1,1006045,22649524,0.000308143222565693,"DmWoD"
"181706",8,1,1009123,22652602,0.000277969861953874,"DmWoD"
"181709",8,1,1009164,22652643,0.000642256992559903,"DmWoD"
"181754",8,1,1009613,22653092,0.000443515149302485,"DmWoD"
"181789",8,1,1009834,22653313,0.000351776718607196,"DmWoD"
"183230",8,2,149978,22803537,0.000395992898559138,"DmWoD"
"183234",8,2,150027,22803586,0.000311961392893004,"DmWoD"
"183524",8,2,151916,22805475,0.000351416198717587,"DmWoD"
"183527",8,2,151932,22805491,0.000593057690093122,"DmWoD"
"183546",8,2,152062,22805621,0.000306964646984664,"DmWoD"
"184801",8,2,182403,22835962,0.000282850918949847,"DmWoD"
"184809",8,2,182461,22836020,0.000297126058841007,"DmWoD"
"185392",8,2,223612,22877171,0.000287011435350599,"DmWoD"
"185397",8,2,223663,22877222,0.000425151576831716,"DmWoD"
"185399",8,2,223683,22877242,0.000535920706649468,"DmWoD"
"185404",8,2,223718,22877277,0.000269762726796122,"DmWoD"
"185405",8,2,223720,22877279,0.000488122632864303,"DmWoD"
"185461",8,2,231021,22884580,0.000313345699794954,"DmWoD"
"185506",8,2,236067,22889626,0.000293005975018937,"DmWoD"
"187835",8,2,565823,23219382,0.000648264937165073,"DmWoD"
"187860",8,2,566138,23219697,0.000323532090635059,"DmWoD"
"188099",8,2,569037,23222596,0.000262700635860039,"DmWoD"
"188469",8,2,572543,23226102,0.000455667201744906,"DmWoD"
"188565",8,2,573113,23226672,0.000284978817606559,"DmWoD"
"188614",8,2,573509,23227068,0.000618968450719176,"DmWoD"
"188820",8,2,576100,23229659,0.000281083876485418,"DmWoD"
"188825",8,2,576115,23229674,0.000491982354060726,"DmWoD"
"188828",8,2,576130,23229689,0.000348771529623586,"DmWoD"
"188877",8,2,576367,23229926,0.000302602789858323,"DmWoD"
"188878",8,2,576373,23229932,0.000260252573037556,"DmWoD"
"188977",8,2,577102,23230661,0.000318428494753336,"DmWoD"
"189911",9,0,101968,23334605,0.00026379536273748,"DmWoD"
"190143",9,1,17,23384294,0.000332682140216132,"DmWoD"
"190208",9,1,528,23384805,0.00037641147068928,"DmWoD"
"190238",9,1,685,23384962,0.000441466418369609,"DmWoD"
"190374",9,1,3201,23387478,0.000306976387501879,"DmWoD"
"190379",9,1,3244,23387521,0.000714506386200186,"DmWoD"
"190380",9,1,3248,23387525,0.000414541387048688,"DmWoD"
"190381",9,1,3250,23387527,0.000513404155836935,"DmWoD"
"190382",9,1,3253,23387530,0.000666178900892295,"DmWoD"
"190385",9,1,3260,23387537,0.000511983977685623,"DmWoD"
"190386",9,1,3267,23387544,0.000348301821079031,"DmWoD"
"190387",9,1,3291,23387568,0.000543257185028902,"DmWoD"
"190388",9,1,3297,23387574,0.000772897824659838,"DmWoD"
"190576",9,1,4711,23388988,0.000275012730536582,"DmWoD"
"190583",9,1,4764,23389041,0.000270350150428026,"DmWoD"
"191077",9,1,10356,23394633,0.00033925340549054,"DmWoD"
"191519",9,1,29622,23413899,0.000271173407602187,"DmWoD"
"192735",9,1,42046,23426323,0.000296715528938484,"DmWoD"
"192796",9,1,42366,23426643,0.000355176660280299,"DmWoD"
"193237",9,1,47587,23431864,0.000281581288983663,"DmWoD"
"202350",9,1,1258985,24643262,0.000263407251666339,"DmWoD"
"205730",9,1,1617562,25001839,0.000268679431400122,"DmWoD"
"205731",9,1,1617563,25001840,0.000268679431400122,"DmWoD"
"205733",9,1,1617576,25001853,0.000268679431400122,"DmWoD"
"205734",9,1,1617586,25001863,0.00036183468114854,"DmWoD"
"206763",9,1,1723748,25108025,0.000278256499894695,"DmWoD"
"207288",9,1,1791169,25175446,0.000268903398711326,"DmWoD"
"207600",9,1,1840045,25224322,0.000271883425370236,"DmWoD"
"208194",9,1,1873907,25258184,0.00065026693150852,"DmWoD"
"208870",9,1,2005625,25389902,0.000276271888328403,"DmWoD"
"209693",9,1,2067525,25451802,0.000359410045014818,"DmWoD"
"212104",10,0,37188,25663254,0.000304335272557687,"DmWoD"
"212105",10,0,37193,25663259,0.000338936008235489,"DmWoD"
"212106",10,0,37205,25663271,0.000813450583376463,"DmWoD"
"212302",10,0,69775,25695841,0.000495738235475081,"DmWoD"
"212636",10,1,10477,25706318,0.000331839568825757,"DmWoD"
"212663",10,1,10627,25706468,0.000491923139197297,"DmWoD"
"212718",10,1,10928,25706769,0.000368229902638148,"DmWoD"
"212730",10,1,10997,25706838,0.000313907388579822,"DmWoD"
"212744",10,1,11087,25706928,0.000362494336817168,"DmWoD"
"212781",10,1,11418,25707259,0.000288134563736144,"DmWoD"
"212786",10,1,11450,25707291,0.000335240068850564,"DmWoD"
"212791",10,1,11484,25707325,0.000621463501518938,"DmWoD"
"212904",10,1,12207,25708048,0.000565636952137933,"DmWoD"
"212920",10,1,12306,25708147,0.000366601337610904,"DmWoD"
"212951",10,1,12612,25708453,0.000376091541219041,"DmWoD"
"212952",10,1,12636,25708477,0.000310332365022259,"DmWoD"
"212959",10,1,12682,25708523,0.000263185416967683,"DmWoD"
"213119",10,1,14315,25710156,0.000303473238793742,"DmWoD"
"217034",10,1,353268,26049109,0.0238534461372868,"DmWoD"
"223849",10,1,1361365,27057206,0.000310022094551251,"DmWoD"
"223985",10,1,1362074,27057915,0.000383485576960257,"DmWoD"
"224017",10,1,1362581,27058422,0.00026836396127446,"DmWoD"
"224134",10,1,1363353,27059194,0.000316493604781705,"DmWoD"
"229573",10,1,2033881,27729722,0.000266686009410537,"DmWoD"
"229581",10,1,2033963,27729804,0.000284596089075945,"DmWoD"
"229587",10,1,2034016,27729857,0.000259015842382255,"DmWoD"
"229885",10,1,2037704,27733545,0.000300953106489291,"DmWoD"
"229891",10,1,2037720,27733561,0.000275425418512399,"DmWoD"
"229943",10,1,2038104,27733945,0.000321553977569755,"DmWoD"
"230019",10,1,2043608,27739449,0.000280615806063471,"DmWoD"
"232087",10,1,2276066,27971907,0.00027829966744987,"DmWoD"
"232146",10,1,2276544,27972385,0.000288670360320536,"DmWoD"
"232444",10,1,2278899,27974740,0.000343596510762064,"DmWoD"
"232451",10,1,2278991,27974832,0.000503098129114936,"DmWoD"
"232878",10,1,2282643,27978484,0.000285313274215816,"DmWoD"
"234795",11,0,546346,28528758,0.000289099775561644,"DmWoD"
"242415",12,0,457256,29691287,0.000320313379064121,"DmWoD"
"244991",12,0,807750,30041781,0.000307013107490083,"DmWoD"
"249718",12,1,579017,30750062,0.000296692237991308,"DmWoD"
"252265",13,0,18956,31092916,0.000302561744571461,"DmWoD"
"252358",13,0,19502,31093462,0.000295999712244381,"DmWoD"
"252368",13,0,19549,31093509,0.000258727880128743,"DmWoD"
"252526",13,0,20445,31094405,0.000474503096059409,"DmWoD"
"252541",13,0,20529,31094489,0.00041645170339703,"DmWoD"
"252703",13,0,21320,31095280,0.000281315907370104,"DmWoD"
"252711",13,0,21351,31095311,0.000313777888558672,"DmWoD"
"258696",13,0,754545,31828505,0.00033355262420342,"DmWoD"
"259059",13,0,764492,31838452,0.000271359118348194,"DmWoD"
"259240",13,0,765656,31839616,0.00037719071849147,"DmWoD"
"259241",13,0,765658,31839618,0.000359614497699934,"DmWoD"
"259244",13,0,765677,31839637,0.000509833519115561,"DmWoD"
"259245",13,0,765691,31839651,0.000360130862390818,"DmWoD"
"259373",13,0,766467,31840427,0.000292734491879825,"DmWoD"
"259576",13,0,768656,31842616,0.000488654973671873,"DmWoD"
"267737",13,2,3667,32701853,0.000546232608395233,"DmWoD"
"267888",13,2,7313,32705499,0.000257940215095816,"DmWoD"
"268042",13,2,8203,32706389,0.000792822089957433,"DmWoD"
"268043",13,2,8205,32706391,0.000486419387257487,"DmWoD"
"268291",13,2,10026,32708212,0.000279015587510502,"DmWoD"
"268375",13,2,10813,32708999,0.000328190731579546,"DmWoD"
"268415",13,2,11082,32709268,0.000552030843776022,"DmWoD"
"268871",13,2,17781,32715967,0.000305735193492916,"DmWoD"
"271107",14,0,238569,32993067,0.000283935221371545,"DmWoD"
"276040",14,1,2063,33551666,0.000278919948301558,"DmWoD"
"276056",14,1,2110,33551713,0.000300806267208183,"DmWoD"
"276070",14,1,2189,33551792,0.00041597883258502,"DmWoD"
"276166",14,1,2831,33552434,0.000300351217308371,"DmWoD"
"283825",14,1,1172119,34721722,0.000348057642390603,"DmWoD"
"287042",14,2,96,35258016,0.000308843885420145,"DmWoD"
"287134",14,2,618,35258538,0.000322955968342822,"DmWoD"
"287139",14,2,639,35258559,0.000294882280562513,"DmWoD"
"287373",14,2,2684,35260604,0.000418020411212633,"DmWoD"
"287503",14,2,3587,35261507,0.000302082279916032,"DmWoD"
"287609",14,2,4304,35262224,0.000403623972337398,"DmWoD"
"287626",14,2,4448,35262368,0.000325663735864293,"DmWoD"
"287706",14,2,5056,35262976,0.000265858425096192,"DmWoD"
"287791",14,2,5725,35263645,0.000746906777286991,"DmWoD"
"288484",14,2,48002,35305922,0.000621996124588949,"DmWoD"
"288487",14,2,48005,35305925,0.000331419556468707,"DmWoD"
"2887431",14,2,49919,35307839,0.000952063515825533,"DmWoD"
"288745",14,2,49925,35307845,0.00092329792210657,"DmWoD"
"288751",14,2,49962,35307882,0.00131417852240095,"DmWoD"
"288752",14,2,49963,35307883,0.000418260949261776,"DmWoD"
"288760",14,2,50023,35307943,0.00043826352368299,"DmWoD"
"289695",15,1,1603,35427174,0.000297757252116689,"DmWoD"
"292351",15,1,273975,35699546,0.000283312955469696,"DmWoD"
"292400",15,1,274461,35700032,0.000354507214788527,"DmWoD"
"292426",15,1,274942,35700513,0.000295280549546386,"DmWoD"
"292437",15,1,275238,35700809,0.000268914971810774,"DmWoD"
"292464",15,1,275479,35701050,0.000268040852851331,"DmWoD"
"292656",15,1,277624,35703195,0.000323433488925611,"DmWoD"
"292657",15,1,277630,35703201,0.00039378422039328,"DmWoD"
"293399",15,3,20012,35787364,0.000319672684791858,"DmWoD"
"293980",15,3,27358,35794710,0.000280155601396881,"DmWoD"
"294204",15,3,29232,35796584,0.000358502443061437,"DmWoD"
"294538",15,3,31422,35798774,0.000349135725878625,"DmWoD"
"294819",15,4,18110,35817093,0.000282983932998377,"DmWoD"
"294878",15,4,18451,35817434,0.000261825356254297,"DmWoD"
"295023",15,4,20452,35819435,0.00032944062273686,"DmWoD"
"299208",16,0,87512,36453183,0.000265333013437744,"DmWoD"
"300388",16,0,185286,36550957,0.000646415023254783,"DmWoD"
"310773",16,1,3092,38115374,0.000465097108142664,"DmWoD"
"311232",16,1,41891,38154173,0.000298022099580546,"DmWoD"
"313354",16,1,358915,38471197,0.000313798344784308,"DmWoD"
"316378",16,1,864297,38976579,0.00025759417925776,"DmWoD"
"316982",16,1,892603,39004885,0.000310729489300658,"DmWoD"
"316986",16,1,892627,39004909,0.00034965567348801,"DmWoD"
"316987",16,1,892632,39004914,0.000455438472459914,"DmWoD"
"316995",16,1,892767,39005049,0.000539623485752811,"DmWoD"
"316996",16,1,892783,39005065,0.000273441502177809,"DmWoD"
"317018",16,1,892987,39005269,0.000269544227375841,"DmWoD"
"317314",16,1,896196,39008478,0.000307872309989642,"DmWoD"
"317928",16,2,3660,39114477,0.000365400113934245,"DmWoD"
"317931",16,2,3683,39114500,0.000277101598200545,"DmWoD"
"317933",16,2,3790,39114607,0.000268402273896818,"DmWoD"
"319203",16,3,192,39246061,0.00031253543793772,"DmWoD"
"319939",16,3,45122,39290991,0.000333668680582067,"DmWoD"
"322228",16,3,107579,39353448,0.000274528298262645,"DmWoD"
"322302",16,3,108620,39354489,0.000521557769751408,"DmWoD"
"323600",16,3,147486,39393355,0.000317234976516353,"DmWoD"
"324292",16,3,170356,39416225,0.000258042326434511,"DmWoD"
"329103",16,5,94324,39955359,0.00026822263512141,"DmWoD"
"329127",16,5,94448,39955483,0.000308110980602911,"DmWoD"
"329338",16,5,96554,39957589,0.000426468841453184,"DmWoD"
"329343",16,5,96599,39957634,0.000375678509390043,"DmWoD"
"329461",16,5,97351,39958386,0.00035084924906821,"DmWoD"
"329576",16,5,98414,39959449,0.000267370347168906,"DmWoD"
"331663",16,7,13666,40204006,0.000261391750677335,"DmWoD"
"331789",16,7,15178,40205518,0.000396158667319475,"DmWoD"
"332344",16,7,32313,40222653,0.00037175972754027,"DmWoD"
"332695",16,7,118650,40308990,0.000410682482799265,"DmWoD"
"333081",16,7,125204,40315544,0.000348515815589297,"DmWoD"
"333083",16,7,125227,40315567,0.00052715633027862,"DmWoD"
"333084",16,7,125235,40315575,0.000331631825020354,"DmWoD"
"333086",16,7,125259,40315599,0.000629642473029856,"DmWoD"
"333091",16,7,125469,40315809,0.000372926639219409,"DmWoD"
"333092",16,7,125479,40315819,0.000396700879305884,"DmWoD"
"333093",16,7,125480,40315820,0.000720042526821037,"DmWoD"
"333173",16,7,126338,40316678,0.000285037172082451,"DmWoD"
"333174",16,7,126348,40316688,0.000328803006084368,"DmWoD"
"333175",16,7,126355,40316695,0.000303295547505019,"DmWoD"
"333195",16,7,126713,40317053,0.000298582582114462,"DmWoD"
"333196",16,7,126731,40317071,0.000290548263283681,"DmWoD"
"333198",16,7,126738,40317078,0.000367819607532083,"DmWoD"
"334014",16,7,156750,40347090,0.000260929345137096,"DmWoD"
"334015",16,7,156751,40347091,0.000434416621001821,"DmWoD"
"334019",16,7,156764,40347104,0.000615851973539271,"DmWoD"
"334533",16,7,159630,40349970,0.000374059627944337,"DmWoD"
"334637",16,7,160254,40350594,0.00026550753039389,"DmWoD"
"334957",16,7,162062,40352402,0.000589666574549428,"DmWoD"
"334958",16,7,162081,40352421,0.000336824267974625,"DmWoD"
"334967",16,7,162149,40352489,0.000289664699091851,"DmWoD"
"337114",16,9,4040,40493843,0.000414574691152529,"DmWoD"
"337772",16,9,104196,40593999,0.000263540640298064,"DmWoD"
"337777",16,9,104218,40594021,0.000491127217850716,"DmWoD"
"337792",16,9,104294,40594097,0.000270341883589899,"DmWoD"
"3380741",16,10,271,38112553,0.000395055957626582,"DmWoD"
"338136",16,10,1022,38113304,0.000315060490348713,"DmWoD"
"338186",16,10,1526,38113808,0.000322849729151292,"DmWoD"
"338193",16,10,1580,38113862,0.000299952172700367,"DmWoD"
"338310",16,10,2836,38115118,0.000275474415056263,"DmWoD"
"338377",16,10,3376,38115658,0.00044646612383939,"DmWoD"
"338403",16,10,3577,38115859,0.000450720764980654,"DmWoD"
"338867",16,11,5536,40614526,0.000290795945112746,"DmWoD"
"345351",16,11,920405,41529395,0.000424656762285887,"DmWoD"
