"","Chrom","Segment","Pos","Index","Effect","Plant"
"1",5,0,1129011,12401590,0.0531947434223716,"LA0410"
"2",9,1,317414,23701691,0.0469763000296997,"LA0410"
"3",3,1,229711,7553242,0.041488940635974,"LA0410"
"4",3,1,810119,8133650,0.027270972367796,"LA0410"
"5",6,0,1216360,17134947,0.0181686827421092,"LA0410"
"6",16,3,81601,39327470,0.0091583643126952,"LA0410"
"7",10,1,353268,26049109,0.00755094340101856,"LA0410"
"8",2,0,865955,4221723,0.00160833243379318,"LA0410"
"9",9,1,30223,23414500,0.00159019737026602,"LA0410"
"10",13,1,1216,31862553,0.00156080613775397,"LA0410"
"11",1,0,2585805,2585805,0.00150976800064872,"LA0410"
"12",2,2,625467,5514959,0.00148914482157706,"LA0410"
"13",16,7,17426,40207766,0.00144955813476728,"LA0410"
"14",16,10,1625,38113907,0.00142427043379992,"LA0410"
"15",13,2,16381,32714567,0.00136834930216059,"LA0410"
"16",13,2,974,32699160,0.00134924106049324,"LA0410"
"17",5,1,57029,13756767,0.0013278362245577,"LA0410"
"18",9,1,1839731,25224008,0.00132267412435458,"LA0410"
"19",1,0,2577597,2577597,0.0013219304702549,"LA0410"
"20",15,1,275244,35700815,0.00126681077192925,"LA0410"
"21",13,2,3667,32701853,0.00126537066446863,"LA0410"
"22",16,8,134624,40488884,0.00125254867987955,"LA0410"
"23",6,3,3804,18111694,0.00124787751563175,"LA0410"
"24",9,1,34301,23418578,0.00124451324617069,"LA0410"
"25",9,1,2076326,25460603,0.00123841630275935,"LA0410"
"26",13,2,3664,32701850,0.00123470600990862,"LA0410"
"27",14,2,45432,35303352,0.00121689357889956,"LA0410"
"28",16,5,97240,39958275,0.00117718513158532,"LA0410"
"29",1,0,202946,202946,0.00116763980879783,"LA0410"
"30",8,1,1010034,22653513,0.00115473173116248,"LA0410"
"31",1,0,2577546,2577546,0.00115427265095865,"LA0410"
"32",5,0,2396013,13668592,0.00114446286062823,"LA0410"
"33",14,2,48755,35306675,0.00114444969214189,"LA0410"
"34",2,0,1092444,4448212,0.00113844383076417,"LA0410"
"35",16,7,157022,40347362,0.00113363320756692,"LA0410"
"36",6,0,142774,16061361,0.00113290961434651,"LA0410"
"37",5,0,2425938,13698517,0.00112944697347918,"LA0410"
"38",8,1,1009840,22653319,0.0011159932043655,"LA0410"
"39",6,0,531,15919118,0.00110309202962877,"LA0410"
"40",2,2,635453,5524945,0.00109645928918868,"LA0410"
"41",4,1,1407,11246179,0.00108886656546485,"LA0410"
"42",13,0,24527,31098487,0.00108162577071564,"LA0410"
"43",8,2,569941,23223500,0.00107055694108593,"LA0410"
"44",9,1,607,23384884,0.00106784240303954,"LA0410"
"45",8,2,568186,23221745,0.0010635363810519,"LA0410"
"46",15,1,273596,35699167,0.00105438064761718,"LA0410"
"47",16,7,161564,40351904,0.00103585094588509,"LA0410"
"48",10,1,2260188,27956029,0.00103459832530663,"LA0410"
"49",1,0,2577560,2577560,0.00102175874759907,"LA0410"
"50",5,0,2400151,13672730,0.00101573837134213,"LA0410"
"51",3,1,810119,8133650,0.0351856092232308,"LA0480"
"52",9,1,317414,23701691,0.0318640358826562,"LA0480"
"53",5,0,1129011,12401590,0.0249589465895788,"LA0480"
"54",16,3,81601,39327470,0.0117951244604397,"LA0480"
"55",6,0,1216360,17134947,0.00903054400578448,"LA0480"
"56",2,0,853732,4209500,0.00278645887743425,"LA0480"
"57",5,0,2394595,13667174,0.00182666178663374,"LA0480"
"58",8,2,146245,22799804,0.00166083773007301,"LA0480"
"59",9,1,1839717,25223994,0.00160170057550972,"LA0480"
"60",16,0,148306,36513977,0.00157524075250957,"LA0480"
"61",10,1,11234,25707075,0.00155035849034937,"LA0480"
"62",13,0,776895,31850855,0.00148398727764476,"LA0480"
"63",9,1,1839731,25224008,0.00148345160965663,"LA0480"
"64",13,0,25436,31099396,0.00142728380609879,"LA0480"
"65",5,0,563546,11836125,0.00135984333706858,"LA0480"
"66",14,1,3879,33553482,0.00135215245663287,"LA0480"
"67",9,1,172765,23557042,0.00132608301536554,"LA0480"
"68",16,10,4238,38116520,0.00132600256951884,"LA0480"
"69",9,1,1839714,25223991,0.00131319374794036,"LA0480"
"70",13,0,20359,31094319,0.00129423203319026,"LA0480"
"71",16,10,1429,38113711,0.00128528319527919,"LA0480"
"72",10,1,1367895,27063736,0.00128407333693271,"LA0480"
"73",12,0,41574,29275605,0.00127300503690375,"LA0480"
"74",10,1,2276637,27972478,0.00122847787913062,"LA0480"
"75",9,1,118,23384395,0.00121530783357256,"LA0480"
"76",9,1,1838552,25222829,0.00121499551868929,"LA0480"
"77",14,1,2190,33551793,0.00119240725510748,"LA0480"
"78",2,2,625488,5514980,0.00118374378681722,"LA0480"
"79",8,2,150297,22803856,0.00117319888589439,"LA0480"
"80",6,3,980,18108870,0.00114832098806671,"LA0480"
"81",13,0,767981,31841941,0.00114738422324638,"LA0480"
"82",9,1,34179,23418456,0.00114058195164606,"LA0480"
"83",2,2,625503,5514995,0.00112759040070957,"LA0480"
"84",10,1,11925,25707766,0.00112410887087024,"LA0480"
"85",10,1,2259650,27955491,0.00112233265190066,"LA0480"
"86",13,1,262757,32124094,0.00110528887716466,"LA0480"
"87",5,1,2211263,15911001,0.00110365316718248,"LA0480"
"88",5,1,2214719,15914457,0.00109370807054221,"LA0480"
"89",16,1,25287,38137569,0.00106242214530694,"LA0480"
"90",8,2,146266,22799825,0.00106143702328384,"LA0480"
"91",5,1,2207063,15906801,0.0010589289112252,"LA0480"
"92",8,1,96283,21739762,0.00105790947497578,"LA0480"
"93",16,1,232506,38344788,0.00104520959731396,"LA0480"
"94",13,1,262758,32124095,0.00103841602789926,"LA0480"
"95",5,1,2214952,15914690,0.00103691419067135,"LA0480"
"96",6,0,39979,15958566,0.00103633875496844,"LA0480"
"97",8,2,146262,22799821,0.00103472122619472,"LA0480"
"98",16,5,96123,39957158,0.00103327647633694,"LA0480"
"99",8,2,182174,22835733,0.00102991634985404,"LA0480"
"100",5,1,53948,13753686,0.00102770429729535,"LA0480"
"101",5,0,1129011,12401590,0.041962708105136,"LA1589"
"102",16,3,81601,39327470,0.0336209718904755,"LA1589"
"103",3,1,810119,8133650,0.0325586047983066,"LA1589"
"104",9,1,317414,23701691,0.0100487149978506,"LA1589"
"105",8,2,571715,23225274,0.00277880209350786,"LA1589"
"106",10,1,2276637,27972478,0.00264867299566855,"LA1589"
"107",16,7,19308,40209648,0.00208868722331559,"LA1589"
"108",10,1,2032376,27728217,0.00205587675082018,"LA1589"
"109",13,2,10199,32708385,0.00188247780768885,"LA1589"
"110",1,0,2576637,2576637,0.00181627610904724,"LA1589"
"111",2,2,625487,5514979,0.00180926941389687,"LA1589"
"112",16,1,864094,38976376,0.00179141131366999,"LA1589"
"113",1,0,2578380,2578380,0.00176250041146822,"LA1589"
"114",13,2,10229,32708415,0.00164257264454057,"LA1589"
"115",13,2,10214,32708400,0.0016343299441016,"LA1589"
"116",13,1,262757,32124094,0.00158598678144741,"LA1589"
"117",2,4,844,6239956,0.00137454893863541,"LA1589"
"118",9,1,1839717,25223994,0.00136888452394687,"LA1589"
"119",15,3,19277,35786629,0.00135840370321808,"LA1589"
"120",15,4,21285,35820268,0.00133253625900241,"LA1589"
"121",13,2,1641,32699827,0.0012351488134787,"LA1589"
"122",16,9,103367,40593170,0.00122981994461921,"LA1589"
"123",14,2,2422,35260342,0.00114106892489348,"LA1589"
"124",8,1,1008992,22652471,0.00112450167088305,"LA1589"
"125",16,8,134624,40488884,0.00111623714940133,"LA1589"
"126",9,1,8223,23392500,0.00111237674308216,"LA1589"
"127",10,1,2279844,27975685,0.00110395671050531,"LA1589"
"128",1,0,2584046,2584046,0.00110323301422718,"LA1589"
"129",9,1,47054,23431331,0.00107675540939269,"LA1589"
"130",9,1,30189,23414466,0.00106609958293173,"LA1589"
"131",12,0,42145,29276176,0.00105921637865519,"LA1589"
"132",10,1,2281007,27976848,0.00104579634007322,"LA1589"
"133",2,0,852771,4208539,0.001034355073285,"LA1589"
"134",6,1,12741,17825354,0.00103265005517178,"LA1589"
"135",16,0,148347,36514018,0.00102299778058574,"LA1589"
"136",8,0,4933,21581698,0.00101838209618019,"LA1589"
"137",2,4,3354,6242466,0.000995098569627585,"LA1589"
"138",1,0,2580117,2580117,0.000992920588487041,"LA1589"
"139",16,8,134610,40488870,0.00097475474553676,"LA1589"
"140",9,1,34196,23418473,0.000963931742295658,"LA1589"
"141",1,0,2585545,2585545,0.000949112879159863,"LA1589"
"142",8,2,151187,22804746,0.000945747820493155,"LA1589"
"143",13,2,10184,32708370,0.000939988808471708,"LA1589"
"144",1,0,2578403,2578403,0.000938406184470315,"LA1589"
"145",10,1,2034910,27730751,0.00093716223668679,"LA1589"
"146",10,1,10393,25706234,0.000907172303504079,"LA1589"
"147",9,1,1839714,25223991,0.000905241663407849,"LA1589"
"148",15,3,30505,35797857,0.000904909321481069,"LA1589"
"149",1,0,2578356,2578356,0.000904308468501758,"LA1589"
"150",5,0,2394595,13667174,0.00089570278072013,"LA1589"
"151",9,1,317414,23701691,0.0516244911263586,"LA1684"
"152",3,1,810119,8133650,0.0385735513426857,"LA1684"
"153",5,0,1129011,12401590,0.0323356961872697,"LA1684"
"154",16,3,81601,39327470,0.0298284260174235,"LA1684"
"155",1,0,3212245,3212245,0.0167651461028387,"LA1684"
"156",6,0,1216360,17134947,0.0127027761231506,"LA1684"
"157",3,0,40427,7190863,0.00472387539114348,"LA1684"
"158",2,4,894,6240006,0.00161208108292357,"LA1684"
"159",2,3,15425,6062250,0.0015575932910862,"LA1684"
"160",13,2,17656,32715842,0.0015190137581039,"LA1684"
"161",15,4,20403,35819386,0.00147605066126702,"LA1684"
"162",9,1,961,23385238,0.00146743924974111,"LA1684"
"163",2,4,895,6240007,0.00146393507033665,"LA1684"
"164",10,1,2278146,27973987,0.00146042619591164,"LA1684"
"165",10,1,9623,25705464,0.00142282652427773,"LA1684"
"166",2,0,787,3356555,0.00135739093630319,"LA1684"
"167",9,1,4092,23388369,0.00135655328159336,"LA1684"
"168",10,1,2276588,27972429,0.00132633426683613,"LA1684"
"169",10,1,2280670,27976511,0.00129307622986822,"LA1684"
"170",10,1,322757,26018598,0.00128967374503872,"LA1684"
"171",2,0,768,3356536,0.00126405526243932,"LA1684"
"172",1,1,139919,3354690,0.00123524913283484,"LA1684"
"173",2,4,706035,6945147,0.00122137935882943,"LA1684"
"174",16,7,157685,40348025,0.00121028342821574,"LA1684"
"175",2,0,1144,3356912,0.00119797278038435,"LA1684"
"176",1,0,2576809,2576809,0.00119594398330915,"LA1684"
"177",5,1,2214749,15914487,0.00115616349710801,"LA1684"
"178",16,7,162323,40352663,0.00112057554168696,"LA1684"
"179",10,1,2279322,27975163,0.0011119219502173,"LA1684"
"180",5,0,566074,11838653,0.00111136852342499,"LA1684"
"181",8,0,17017,21593782,0.00108324675939188,"LA1684"
"182",2,0,852760,4208528,0.00107881637373438,"LA1684"
"183",12,0,42141,29276172,0.0010710555138512,"LA1684"
"184",1,0,2579257,2579257,0.00107068521293344,"LA1684"
"185",13,2,11570,32709756,0.00106079158687052,"LA1684"
"186",16,11,778842,41387832,0.00105647316038474,"LA1684"
"187",13,2,11578,32709764,0.00105246218227019,"LA1684"
"188",2,4,886,6239998,0.00102563919695369,"LA1684"
"189",13,2,17200,32715386,0.00102028802366417,"LA1684"
"190",5,0,563590,11836169,0.00100683736891416,"LA1684"
"191",16,11,778802,41387792,0.0010032243414043,"LA1684"
"192",2,4,897,6240009,0.000996553903101156,"LA1684"
"193",1,0,916019,916019,0.000977449318983893,"LA1684"
"194",1,0,2584494,2584494,0.00096878594467523,"LA1684"
"195",10,1,322763,26018604,0.000958177368836798,"LA1684"
"196",1,0,1211133,1211133,0.000957984472218194,"LA1684"
"197",1,1,736,3215507,0.00095514604198841,"LA1684"
"198",1,0,2585544,2585544,0.000952728959771376,"LA1684"
"199",2,0,786,3356554,0.000937098442239724,"LA1684"
"200",16,10,91,38112373,0.000935619206544977,"LA1684"
"201",9,1,317414,23701691,0.0192332224950872,"LA2093"
"202",16,3,81601,39327470,0.018306074585356,"LA2093"
"203",5,0,1129011,12401590,0.0141064452914219,"LA2093"
"204",3,1,810119,8133650,0.0105516951001346,"LA2093"
"205",6,0,1216360,17134947,0.00923355931424483,"LA2093"
"206",1,0,3212245,3212245,0.00242139119841518,"LA2093"
"207",9,1,1839717,25223994,0.00139037075204946,"LA2093"
"208",8,2,4516,22658075,0.00119882192064518,"LA2093"
"209",16,7,162438,40352778,0.00104331617359536,"LA2093"
"210",2,0,860989,4216757,0.00096781823050962,"LA2093"
"211",10,1,2036282,27732123,0.000957052683233711,"LA2093"
"212",2,4,1916,6241028,0.000933940000954045,"LA2093"
"213",16,7,156802,40347142,0.000920875028210391,"LA2093"
"214",13,2,6636,32704822,0.00089092279758347,"LA2093"
"215",5,1,1133190,14832928,0.000882544809694576,"LA2093"
"216",6,0,137010,16055597,0.000863725455554202,"LA2093"
"217",16,5,98557,39959592,0.000835802425475848,"LA2093"
"218",9,1,1839714,25223991,0.000816892840603632,"LA2093"
"219",1,0,2582542,2582542,0.00080401100439257,"LA2093"
"220",5,0,563546,11836125,0.000798100017657568,"LA2093"
"221",7,0,8777,18504143,0.000797114047281517,"LA2093"
"222",8,2,152970,22806529,0.000795833708160316,"LA2093"
"223",1,0,203137,203137,0.000776679033613836,"LA2093"
"224",5,0,563590,11836169,0.000775521550600706,"LA2093"
"225",6,0,93847,16012434,0.000759369108893789,"LA2093"
"226",9,1,32862,23417139,0.000759223458884737,"LA2093"
"227",2,0,853566,4209334,0.000755450497687915,"LA2093"
"228",10,1,24255,25720096,0.000751672017000699,"LA2093"
"229",6,0,71459,15990046,0.000727290692553345,"LA2093"
"230",8,2,4480,22658039,0.000681933397434223,"LA2093"
"231",9,1,33205,23417482,0.000665284023816408,"LA2093"
"232",13,0,356081,31430041,0.00065900333119187,"LA2093"
"233",14,2,49835,35307755,0.000653739323234024,"LA2093"
"234",9,1,1873791,25258068,0.000649362077040126,"LA2093"
"235",9,1,1839731,25224008,0.000646491735880817,"LA2093"
"236",7,0,8785,18504151,0.000645988382862301,"LA2093"
"237",10,1,1366876,27062717,0.000641072843984802,"LA2093"
"238",8,1,99009,21742488,0.00063888818422484,"LA2093"
"239",10,1,1206055,26901896,0.000634579336213079,"LA2093"
"240",14,2,1601,35259521,0.000631825335827771,"LA2093"
"241",6,0,478,15919065,0.000626570675989406,"LA2093"
"242",8,2,568633,23222192,0.000609514946986056,"LA2093"
"243",9,1,1118501,24502778,0.000608807210310246,"LA2093"
"244",14,2,48583,35306503,0.000602577581072226,"LA2093"
"245",16,10,4154,38116436,0.000602164943676087,"LA2093"
"246",14,2,3173,35261093,0.000597131705117119,"LA2093"
"247",13,2,25771,32723957,0.00059142892490119,"LA2093"
"248",10,1,2280200,27976041,0.000589674293283999,"LA2093"
"249",2,0,861135,4216903,0.000589243403970516,"LA2093"
"250",9,1,1839200,25223477,0.000584025709093658,"LA2093"
"251",9,1,317414,23701691,0.0593635146975589,"LA2176"
"252",5,0,1129011,12401590,0.0459022156364321,"LA2176"
"253",3,1,810119,8133650,0.0403921476248492,"LA2176"
"254",16,3,81601,39327470,0.0375091134030259,"LA2176"
"255",3,1,229711,7553242,0.0213296548343152,"LA2176"
"256",6,0,1216360,17134947,0.00650182363814213,"LA2176"
"257",8,2,576028,23229587,0.0019383476638414,"LA2176"
"258",10,1,1361695,27057536,0.00191128867555432,"LA2176"
"259",15,1,277081,35702652,0.00186006982564057,"LA2176"
"260",5,1,2214740,15914478,0.00185445900224066,"LA2176"
"261",10,1,2276647,27972488,0.00180804974899216,"LA2176"
"262",1,0,203566,203566,0.00166675199307839,"LA2176"
"263",13,2,22196,32720382,0.00165900150283513,"LA2176"
"264",9,1,43393,23427670,0.00161742797088046,"LA2176"
"265",9,1,10232,23394509,0.00159033064679238,"LA2176"
"266",9,1,30080,23414357,0.00158536353359049,"LA2176"
"267",2,3,17029,6063854,0.00156591871624,"LA2176"
"268",16,7,158260,40348600,0.0015403143501176,"LA2176"
"269",13,2,22193,32720379,0.00138409874748432,"LA2176"
"270",2,0,3563,3359331,0.00137270629385152,"LA2176"
"271",1,0,2576640,2576640,0.00134310631566054,"LA2176"
"272",1,0,3195306,3195306,0.00131939988498619,"LA2176"
"273",6,3,4750,18112640,0.00131930540318854,"LA2176"
"274",10,1,23119,25718960,0.0013105533740507,"LA2176"
"275",16,8,134741,40489001,0.00130925666763106,"LA2176"
"276",1,0,2578484,2578484,0.00127626264777429,"LA2176"
"277",16,5,96396,39957431,0.00127417239641874,"LA2176"
"278",10,1,1361648,27057489,0.00127068147079799,"LA2176"
"279",5,0,2393114,13665693,0.00124575683145326,"LA2176"
"280",10,1,350913,26046754,0.00122989178400751,"LA2176"
"281",8,1,100395,21743874,0.00121600901722224,"LA2176"
"282",14,2,48801,35306721,0.0012125166737174,"LA2176"
"283",10,1,2281007,27976848,0.00119968752876682,"LA2176"
"284",5,0,2394595,13667174,0.00118093318559656,"LA2176"
"285",10,1,1044635,26740476,0.00116061944720104,"LA2176"
"286",5,0,2393116,13665695,0.00112211731107788,"LA2176"
"287",4,0,85257,10961094,0.0011208229078303,"LA2176"
"288",5,0,563590,11836169,0.0011052401530494,"LA2176"
"289",16,2,132113,39242930,0.001095166067141,"LA2176"
"290",7,0,834278,19329644,0.0010805368802417,"LA2176"
"291",1,0,203598,203598,0.00107324485768565,"LA2176"
"292",1,0,2584125,2584125,0.00105309307616078,"LA2176"
"293",5,0,563546,11836125,0.0010456875927873,"LA2176"
"294",9,1,1839717,25223994,0.00104429690057876,"LA2176"
"295",8,2,152970,22806529,0.00103069200789915,"LA2176"
"296",14,0,243102,32997600,0.00102292872389546,"LA2176"
"297",9,1,2073356,25457633,0.00102090420041807,"LA2176"
"298",9,1,1873791,25258068,0.0010159138927717,"LA2176"
"299",1,0,2576637,2576637,0.00101284580600183,"LA2176"
"300",8,2,3753,22657312,0.00101170518182466,"LA2176"
"301",5,0,1129011,12401590,0.0374104065832547,"LA2706"
"302",3,1,810119,8133650,0.0290433341433396,"LA2706"
"303",16,3,81601,39327470,0.0274467617684224,"LA2706"
"304",6,0,1216360,17134947,0.0274130687780136,"LA2706"
"305",9,1,317414,23701691,0.0165853573108756,"LA2706"
"306",3,1,229711,7553242,0.0155150956063275,"LA2706"
"307",16,7,161534,40351874,0.00300353140636973,"LA2706"
"308",10,1,2276629,27972470,0.00292269661566736,"LA2706"
"309",9,1,1839717,25223994,0.00262950071532829,"LA2706"
"310",16,10,2868,38115150,0.00240395533419526,"LA2706"
"311",1,0,2576637,2576637,0.00192947978722214,"LA2706"
"312",10,1,2280193,27976034,0.00181425608537379,"LA2706"
"313",16,10,2872,38115154,0.00176135182401307,"LA2706"
"314",9,1,1839714,25223991,0.00166992487425565,"LA2706"
"315",2,4,3213,6242325,0.0015987748966991,"LA2706"
"316",2,2,624987,5514479,0.00150667776018103,"LA2706"
"317",6,2,16124,18004300,0.00149580247469688,"LA2706"
"318",13,0,318977,31392937,0.00146819294147751,"LA2706"
"319",1,0,2577546,2577546,0.00145334840546408,"LA2706"
"320",9,1,33584,23417861,0.00143803799927955,"LA2706"
"321",16,7,161588,40351928,0.00135389143804667,"LA2706"
"322",8,2,149388,22802947,0.00128985894308628,"LA2706"
"323",5,0,563590,11836169,0.00128880068448803,"LA2706"
"324",16,10,4238,38116520,0.00123005277019683,"LA2706"
"325",8,2,182174,22835733,0.00122753642878462,"LA2706"
"326",16,7,161528,40351868,0.00122095090694833,"LA2706"
"327",3,1,102182,7425713,0.00121061332583642,"LA2706"
"328",16,7,14497,40204837,0.0012074138568405,"LA2706"
"329",5,0,563546,11836125,0.00119068198967848,"LA2706"
"330",14,1,120,33549723,0.00118710796931368,"LA2706"
"331",10,1,2276647,27972488,0.00116785429909239,"LA2706"
"332",6,0,134192,16052779,0.00116380752993515,"LA2706"
"333",6,0,134195,16052782,0.00116380752993515,"LA2706"
"334",15,3,19277,35786629,0.00116299304085421,"LA2706"
"335",13,2,11680,32709866,0.00114269785219236,"LA2706"
"336",10,1,1366466,27062307,0.00114144024223449,"LA2706"
"337",2,0,1093292,4449060,0.00113319092957107,"LA2706"
"338",10,1,10609,25706450,0.00112018070150683,"LA2706"
"339",1,0,2578100,2578100,0.00112014176432983,"LA2706"
"340",5,0,2398329,13670908,0.0011138318017962,"LA2706"
"341",8,2,223513,22877072,0.00111158104346534,"LA2706"
"342",6,0,146281,16064868,0.00110156103877684,"LA2706"
"343",10,1,2279844,27975685,0.00109984239510689,"LA2706"
"344",2,3,15425,6062250,0.00107529279710375,"LA2706"
"345",2,2,1042332,5931824,0.00106668744351876,"LA2706"
"346",1,0,2576630,2576630,0.00106035682638229,"LA2706"
"347",14,2,47054,35304974,0.00106005783149344,"LA2706"
"348",9,1,32170,23416447,0.0010453385570318,"LA2706"
"349",10,1,350913,26046754,0.00104062348225842,"LA2706"
"350",5,0,2399195,13671774,0.00103599053713371,"LA2706"
"351",16,3,97881,39343750,0.000220986078300405,"LA3008"
"352",16,3,98617,39344486,0.000185069503804404,"LA3008"
"353",16,3,98722,39344591,0.000185069503804404,"LA3008"
"354",16,3,98746,39344615,0.000185069503804404,"LA3008"
"355",16,3,98890,39344759,0.000185069503804404,"LA3008"
"356",16,3,98983,39344852,0.000185069503804404,"LA3008"
"357",16,3,98692,39344561,0.000182179745656675,"LA3008"
"358",9,1,870978,24255255,0.000180313168119803,"LA3008"
"359",9,1,870979,24255256,0.000180313168119803,"LA3008"
"360",16,3,98531,39344400,0.000170729609421381,"LA3008"
"361",16,3,98587,39344456,0.000170729609421381,"LA3008"
"362",16,3,97866,39343735,0.000154347910488357,"LA3008"
"363",2,0,975308,4331076,0.00015347687835449,"LA3008"
"364",2,0,975910,4331678,0.00015347687835449,"LA3008"
"365",2,0,986549,4342317,0.00015347687835449,"LA3008"
"366",9,1,937600,24321877,0.000133576829121344,"LA3008"
"367",9,1,937610,24321887,0.000133576829121344,"LA3008"
"368",9,1,937669,24321946,0.000133576829121344,"LA3008"
"369",9,1,937816,24322093,0.000133576829121344,"LA3008"
"370",9,1,937865,24322142,0.000133576829121344,"LA3008"
"371",9,1,937982,24322259,0.000133576829121344,"LA3008"
"372",9,1,938021,24322298,0.000133576829121344,"LA3008"
"373",9,1,938166,24322443,0.000133576829121344,"LA3008"
"374",16,3,97980,39343849,0.000133129489500747,"LA3008"
"375",2,0,419265,3775033,0.000131535597812113,"LA3008"
"376",9,1,951587,24335864,0.000130410362301511,"LA3008"
"377",9,1,951642,24335919,0.000130410362301511,"LA3008"
"378",9,1,2059134,25443411,0.000128886183058712,"LA3008"
"379",16,3,98578,39344447,0.00012771419691064,"LA3008"
"380",12,0,283184,29517215,0.00012611798605015,"LA3008"
"381",12,0,283193,29517224,0.00012611798605015,"LA3008"
"382",12,0,283197,29517228,0.00012611798605015,"LA3008"
"383",16,3,97998,39343867,0.000123628256654381,"LA3008"
"384",8,2,16173,22669732,0.00012303716568278,"LA3008"
"385",12,0,283125,29517156,0.000121244798694466,"LA3008"
"386",5,1,1459007,15158745,0.000120828380098114,"LA3008"
"387",16,3,97822,39343691,0.000120431747326394,"LA3008"
"388",13,0,436468,31510428,0.000114959089874934,"LA3008"
"389",9,1,871214,24255491,0.000114280501158072,"LA3008"
"390",5,1,594337,14294075,0.000113866701108008,"LA3008"
"391",12,0,276891,29510922,0.000113844717233967,"LA3008"
"392",12,0,277333,29511364,0.000113844717233967,"LA3008"
"393",12,0,277834,29511865,0.000113844717233967,"LA3008"
"394",9,1,905173,24289450,0.000113734860339476,"LA3008"
"395",16,3,101356,39347225,0.000113505971486343,"LA3008"
"396",6,0,1277523,17196110,0.00011183423874995,"LA3008"
"397",16,3,98367,39344236,0.000108080798745248,"LA3008"
"398",16,3,98470,39344339,0.000108080798745248,"LA3008"
"399",16,3,98782,39344651,0.000108080798745248,"LA3008"
"400",16,3,99019,39344888,0.000108080798745248,"LA3008"
"401",16,1,360208,38472490,9.31066147975105e-05,"LA3475"
"402",2,2,657794,5547286,9.27560036811032e-05,"LA3475"
"403",16,1,658323,38770605,9.11933010027019e-05,"LA3475"
"404",16,1,657002,38769284,8.86454825247504e-05,"LA3475"
"405",3,2,1569509,10639268,7.76412541638144e-05,"LA3475"
"406",16,1,657001,38769283,7.73790886035154e-05,"LA3475"
"407",16,1,657006,38769288,7.73790886035154e-05,"LA3475"
"408",16,1,656977,38769259,7.54294920334597e-05,"LA3475"
"409",16,1,654848,38767130,7.33542041143716e-05,"LA3475"
"410",16,1,656213,38768495,7.33542041143716e-05,"LA3475"
"411",16,1,657280,38769562,7.33542041143716e-05,"LA3475"
"412",16,1,657405,38769687,7.33542041143716e-05,"LA3475"
"413",16,1,657406,38769688,7.33542041143716e-05,"LA3475"
"414",16,1,658354,38770636,7.33542041143716e-05,"LA3475"
"415",16,1,659386,38771668,7.33542041143716e-05,"LA3475"
"416",16,1,659819,38772101,7.33542041143716e-05,"LA3475"
"417",16,1,660781,38773063,7.33542041143716e-05,"LA3475"
"418",16,1,661967,38774249,7.33542041143716e-05,"LA3475"
"419",16,1,662996,38775278,7.33542041143716e-05,"LA3475"
"420",16,1,663007,38775289,7.33542041143716e-05,"LA3475"
"421",16,1,663390,38775672,7.33542041143716e-05,"LA3475"
"422",16,1,663749,38776031,7.33542041143716e-05,"LA3475"
"423",2,4,347752,6586864,7.30921572283817e-05,"LA3475"
"424",2,4,347779,6586891,7.30921572283817e-05,"LA3475"
"425",3,2,1570810,10640569,7.03507215485082e-05,"LA3475"
"426",9,1,373109,23757386,7.01392476928194e-05,"LA3475"
"427",13,1,696366,32557703,6.92681409332134e-05,"LA3475"
"428",2,0,424213,3779981,6.40552736958797e-05,"LA3475"
"429",5,0,1947489,13220068,6.24833892615736e-05,"LA3475"
"430",16,11,276433,40885423,6.22261767761796e-05,"LA3475"
"431",9,1,2059438,25443715,6.22064022992602e-05,"LA3475"
"432",9,1,2072084,25456361,6.02021653938176e-05,"LA3475"
"433",16,1,818187,38930469,5.76649452357928e-05,"LA3475"
"434",6,0,236888,16155475,5.72021346488244e-05,"LA3475"
"435",16,3,75808,39321677,5.65893137569507e-05,"LA3475"
"436",16,11,276237,40885227,5.59532905469858e-05,"LA3475"
"437",16,3,44027,39289896,5.49091485548656e-05,"LA3475"
"438",16,11,276308,40885298,5.41845473079706e-05,"LA3475"
"439",16,3,651,39246520,5.38142731176249e-05,"LA3475"
"440",4,0,341548,11217385,5.37492182681203e-05,"LA3475"
"441",7,1,359056,19996047,5.29296091782301e-05,"LA3475"
"442",16,11,280737,40889727,5.24549366517844e-05,"LA3475"
"443",16,3,12076,39257945,5.19581943962693e-05,"LA3475"
"444",16,3,12119,39257988,5.19581943962693e-05,"LA3475"
"445",5,1,1036890,14736628,5.16632589797226e-05,"LA3475"
"446",5,1,83067,13782805,5.06915973326503e-05,"LA3475"
"447",5,1,83122,13782860,5.06915973326503e-05,"LA3475"
"448",16,3,632,39246501,5.00979766791083e-05,"LA3475"
"449",16,0,1356916,37722587,4.98345159402139e-05,"LA3475"
"450",16,11,280842,40889832,4.92574619483706e-05,"LA3475"
"451",3,1,810119,8133650,0.0188355451813042,"LA4345"
"452",9,1,317414,23701691,0.0140670065290192,"LA4345"
"453",5,0,1129011,12401590,0.0138849224512256,"LA4345"
"454",16,3,81601,39327470,0.012845090282526,"LA4345"
"455",3,1,229711,7553242,0.00355143852938839,"LA4345"
"456",16,7,162032,40352372,0.0015789552442232,"LA4345"
"457",15,3,4586,35771938,0.00118537261752944,"LA4345"
"458",8,1,1008992,22652471,0.00111184488099083,"LA4345"
"459",6,0,72992,15991579,0.00110854766033648,"LA4345"
"460",6,0,72997,15991584,0.00108511210156471,"LA4345"
"461",10,1,2279844,27975685,0.00106486412858501,"LA4345"
"462",8,1,1009874,22653353,0.0010363155998871,"LA4345"
"463",13,2,17656,32715842,0.0010237173262986,"LA4345"
"464",9,1,10525,23394802,0.000992632849091409,"LA4345"
"465",14,1,3685,33553288,0.000962225440654404,"LA4345"
"466",9,1,5768,23390045,0.000937918073682405,"LA4345"
"467",2,4,137,6239249,0.000928464769655196,"LA4345"
"468",9,1,1845709,25229986,0.000901546117589565,"LA4345"
"469",14,2,3288,35261208,0.000891315883729274,"LA4345"
"470",14,1,163447,33713050,0.000848217969885256,"LA4345"
"471",10,1,12725,25708566,0.000828297829892936,"LA4345"
"472",16,7,161957,40352297,0.000820651496254817,"LA4345"
"473",8,2,576103,23229662,0.00081260512071082,"LA4345"
"474",2,2,625576,5515068,0.000805707777124613,"LA4345"
"475",8,2,576538,23230097,0.000770858184447148,"LA4345"
"476",2,2,624970,5514462,0.000764745054389943,"LA4345"
"477",1,0,2575005,2575005,0.000762664972006694,"LA4345"
"478",16,8,135468,40489728,0.00075338726477043,"LA4345"
"479",6,0,137479,16056066,0.0007514922260722,"LA4345"
"480",3,2,628942,9698701,0.000751085050740289,"LA4345"
"481",12,0,42840,29276871,0.000749659306288891,"LA4345"
"482",9,1,1636130,25020407,0.000733843050729954,"LA4345"
"483",14,2,49908,35307828,0.000724640062846552,"LA4345"
"484",8,1,996464,22639943,0.000714630313857849,"LA4345"
"485",10,1,2036657,27732498,0.000713564133453372,"LA4345"
"486",6,0,137536,16056123,0.000709935515168284,"LA4345"
"487",14,1,1707924,35257527,0.000699822535382657,"LA4345"
"488",10,1,1367344,27063185,0.000699242932222146,"LA4345"
"489",10,1,2277806,27973647,0.000667164698688628,"LA4345"
"490",8,1,996719,22640198,0.000666756017155906,"LA4345"
"491",6,0,72993,15991580,0.00066448053075593,"LA4345"
"492",2,2,625536,5515028,0.000661743556655016,"LA4345"
"493",10,1,2274656,27970497,0.000657088944777089,"LA4345"
"494",9,1,1839725,25224002,0.00065175624352277,"LA4345"
"495",10,1,12832,25708673,0.00064970171442126,"LA4345"
"496",13,0,777517,31851477,0.00063886356485515,"LA4345"
"497",16,11,778842,41387832,0.000634759195990784,"LA4345"
"498",9,1,46352,23430629,0.000632521176985739,"LA4345"
"499",16,8,135460,40489720,0.000629925071148949,"LA4345"
"500",9,1,5873,23390150,0.000622274037053208,"LA4345"
"501",3,2,60624,9130383,0.000108660553775483,"LA4355"
"502",3,2,60738,9130497,0.000108660553775483,"LA4355"
"503",3,2,60739,9130498,0.000108660553775483,"LA4355"
"504",15,1,248642,35674213,0.000102874100532899,"LA4355"
"505",15,1,248664,35674235,0.000102874100532899,"LA4355"
"506",7,0,1032137,19527503,9.5201114936072e-05,"LA4355"
"507",13,1,138434,31999771,9.19417459489402e-05,"LA4355"
"508",13,1,138474,31999811,9.19417459489402e-05,"LA4355"
"509",13,1,138490,31999827,9.19417459489402e-05,"LA4355"
"510",13,1,137597,31998934,9.1579469484524e-05,"LA4355"
"511",1,0,1827878,1827878,9.13507778999137e-05,"LA4355"
"512",1,0,1829665,1829665,8.89492077862533e-05,"LA4355"
"513",15,1,248999,35674570,8.87943370129174e-05,"LA4355"
"514",15,1,249118,35674689,8.87943370129174e-05,"LA4355"
"515",7,0,1031655,19527021,8.83161642292315e-05,"LA4355"
"516",15,1,248605,35674176,8.52836795300339e-05,"LA4355"
"517",13,1,133797,31995134,8.25394503116741e-05,"LA4355"
"518",13,1,133851,31995188,8.25394503116741e-05,"LA4355"
"519",13,1,133917,31995254,8.25394503116741e-05,"LA4355"
"520",13,1,134081,31995418,8.25394503116741e-05,"LA4355"
"521",13,1,134208,31995545,8.25394503116741e-05,"LA4355"
"522",13,1,134289,31995626,8.25394503116741e-05,"LA4355"
"523",13,1,134381,31995718,8.25394503116741e-05,"LA4355"
"524",13,1,136666,31998003,8.25394503116741e-05,"LA4355"
"525",1,0,1826968,1826968,8.1592180822137e-05,"LA4355"
"526",1,0,1827040,1827040,8.1592180822137e-05,"LA4355"
"527",1,0,1827214,1827214,8.1592180822137e-05,"LA4355"
"528",1,0,1827241,1827241,8.1592180822137e-05,"LA4355"
"529",1,0,1827769,1827769,8.1592180822137e-05,"LA4355"
"530",1,0,1828049,1828049,8.1592180822137e-05,"LA4355"
"531",1,0,1828051,1828051,8.1592180822137e-05,"LA4355"
"532",1,0,1828092,1828092,8.1592180822137e-05,"LA4355"
"533",1,0,1828375,1828375,8.1592180822137e-05,"LA4355"
"534",1,0,1829832,1829832,8.1592180822137e-05,"LA4355"
"535",13,1,138329,31999666,8.14612154717185e-05,"LA4355"
"536",1,0,2569270,2569270,8.13956894213767e-05,"LA4355"
"537",1,0,2569273,2569273,8.13956894213767e-05,"LA4355"
"538",6,0,1274474,17193061,8.09295128049602e-05,"LA4355"
"539",13,1,142358,32003695,8.08031518252037e-05,"LA4355"
"540",13,1,142385,32003722,8.08031518252037e-05,"LA4355"
"541",13,1,142421,32003758,8.08031518252037e-05,"LA4355"
"542",5,0,173042,11445621,7.99027019584324e-05,"LA4355"
"543",5,0,173063,11445642,7.85131151741004e-05,"LA4355"
"544",1,0,2489438,2489438,7.81256105385933e-05,"LA4355"
"545",13,1,123967,31985304,7.7946941583107e-05,"LA4355"
"546",13,1,142169,32003506,7.7946941583107e-05,"LA4355"
"547",3,2,60825,9130584,7.7279163659999e-05,"LA4355"
"548",3,2,60865,9130624,7.7279163659999e-05,"LA4355"
"549",3,2,60904,9130663,7.7279163659999e-05,"LA4355"
"550",3,2,60934,9130693,7.7279163659999e-05,"LA4355"
