"","Chrom","Segment","Pos","Index","PlantPhenos.Domest","PlantPhenos.Plant","PlantPhenos.Both"
"1",1,0,202946,202946,2,1,3
"2",1,0,203073,203073,1,NA,NA
"3",1,0,203120,203120,1,NA,NA
"4",1,0,2573566,2573566,1,NA,NA
"5",1,0,2576630,2576630,1,1,2
"6",1,0,2576637,2576637,2,3,5
"7",1,0,2578356,2578356,2,1,3
"8",1,0,2578380,2578380,2,1,3
"9",1,0,3195233,3195233,1,NA,NA
"10",1,0,3195278,3195278,1,NA,NA
"11",1,0,3195291,3195291,2,NA,NA
"12",2,0,267,3356035,1,NA,NA
"13",2,0,853515,4209283,2,NA,NA
"14",2,0,853712,4209480,2,NA,NA
"15",2,0,858471,4214239,1,NA,NA
"16",2,0,860978,4216746,1,NA,NA
"17",2,0,861155,4216923,2,NA,NA
"18",2,0,1092534,4448302,1,NA,NA
"19",2,2,624970,5514462,2,1,3
"20",2,2,624987,5514479,1,1,2
"21",2,2,625467,5514959,2,1,3
"22",2,2,625576,5515068,1,1,2
"23",2,3,15425,6062250,2,2,4
"24",2,3,191791,6238616,1,NA,NA
"25",2,4,536,6239648,1,NA,NA
"26",2,4,844,6239956,2,1,3
"27",2,4,882,6239994,1,NA,NA
"28",2,4,2254,6241366,1,NA,NA
"29",2,4,3213,6242325,2,1,3
"30",2,4,235575,6474687,1,NA,NA
"31",2,4,704740,6943852,1,NA,NA
"32",3,1,102182,7425713,1,1,2
"33",3,1,229711,7553242,3,4,7
"34",3,1,810119,8133650,2,8,10
"35",3,2,1778236,10847995,2,NA,NA
"36",4,1,1407,11246179,1,1,2
"37",5,0,180383,11452962,1,NA,NA
"38",5,0,563546,11836125,2,4,6
"39",5,0,563590,11836169,2,4,6
"40",5,0,1129011,12401590,2,8,10
"41",5,1,1220,13700958,1,NA,NA
"42",5,1,23784,13723522,2,NA,NA
"43",5,1,73408,13773146,1,NA,NA
"44",5,1,73412,13773150,1,NA,NA
"45",5,1,2210818,15910556,1,NA,NA
"46",6,0,146322,16064909,1,NA,NA
"47",6,0,953360,16871947,2,NA,NA
"48",6,0,953366,16871953,2,NA,NA
"49",6,0,953399,16871986,1,NA,NA
"50",6,0,1216360,17134947,3,6,9
"51",8,0,8034,21584799,1,NA,NA
"52",8,0,8473,21585238,1,NA,NA
"53",8,0,8510,21585275,1,NA,NA
"54",8,1,464962,22108441,2,NA,NA
"55",8,1,1008988,22652467,1,NA,NA
"56",8,1,1008992,22652471,2,2,4
"57",8,1,1009874,22653353,1,1,2
"58",8,1,1010034,22653513,2,1,3
"59",8,2,3775,22657334,2,NA,NA
"60",8,2,146245,22799804,1,1,2
"61",8,2,149388,22802947,2,1,3
"62",8,2,150297,22803856,2,1,3
"63",8,2,151187,22804746,2,1,3
"64",8,2,156281,22809840,1,NA,NA
"65",8,2,222970,22876529,1,NA,NA
"66",8,2,567052,23220611,2,NA,NA
"67",8,2,571715,23225274,2,1,3
"68",8,2,572762,23226321,2,NA,NA
"69",8,2,576028,23229587,2,1,3
"70",8,2,576112,23229671,1,NA,NA
"71",9,1,6155,23390432,1,NA,NA
"72",9,1,10307,23394584,1,NA,NA
"73",9,1,10525,23394802,2,1,3
"74",9,1,26100,23410377,1,NA,NA
"75",9,1,32862,23417139,2,1,3
"76",9,1,33205,23417482,2,1,3
"77",9,1,35590,23419867,1,NA,NA
"78",9,1,38580,23422857,2,NA,NA
"79",9,1,46352,23430629,2,1,3
"80",9,1,47054,23431331,2,1,3
"81",9,1,317414,23701691,2,8,10
"82",9,1,386683,23770960,1,NA,NA
"83",9,1,1839714,25223991,2,4,6
"84",9,1,1839717,25223994,2,5,7
"85",9,1,1845709,25229986,1,1,2
"86",9,1,1850834,25235111,2,NA,NA
"87",9,1,1874183,25258460,1,NA,NA
"88",10,1,10725,25706566,1,NA,NA
"89",10,1,11234,25707075,2,1,3
"90",10,1,322755,26018596,2,NA,NA
"91",10,1,1206055,26901896,2,1,3
"92",10,1,1367380,27063221,1,NA,NA
"93",10,1,2035430,27731271,1,NA,NA
"94",10,1,2036282,27732123,1,1,2
"95",10,1,2276258,27972099,1,NA,NA
"96",10,1,2276588,27972429,2,1,3
"97",10,1,2276629,27972470,2,1,3
"98",10,1,2276647,27972488,2,2,4
"99",10,1,2279289,27975130,1,NA,NA
"100",10,1,2279844,27975685,2,3,5
"101",10,1,2281007,27976848,2,2,4
"102",11,0,689709,28672121,2,NA,NA
"103",12,0,11808,29245839,1,NA,NA
"104",12,0,42141,29276172,2,1,3
"105",12,0,42145,29276176,2,1,3
"106",12,0,42839,29276870,2,NA,NA
"107",12,0,42840,29276871,2,1,3
"108",12,0,42902,29276933,2,NA,NA
"109",13,0,777517,31851477,2,1,3
"110",13,0,777577,31851537,1,NA,NA
"111",13,0,786668,31860628,1,NA,NA
"112",13,0,787044,31861004,1,NA,NA
"113",13,1,569,31861906,1,NA,NA
"114",13,1,1216,31862553,1,1,2
"115",13,1,1218,31862555,2,NA,NA
"116",13,2,979,32699165,2,NA,NA
"117",13,2,995,32699181,2,NA,NA
"118",13,2,17656,32715842,2,2,4
"119",13,2,17757,32715943,1,NA,NA
"120",14,0,243102,32997600,1,1,2
"121",14,2,1408,35259328,1,NA,NA
"122",14,2,1446,35259366,2,NA,NA
"123",14,2,3106,35261026,1,NA,NA
"124",14,2,48801,35306721,2,1,3
"125",14,2,49919,35307839,2,NA,NA
"126",14,2,49956,35307876,1,NA,NA
"127",14,2,49969,35307889,1,NA,NA
"128",15,1,275244,35700815,1,1,2
"129",15,1,275289,35700860,1,NA,NA
"130",15,1,277081,35702652,2,1,3
"131",15,3,4586,35771938,2,1,3
"132",15,3,19742,35787094,1,NA,NA
"133",15,3,30449,35797801,1,NA,NA
"134",16,1,358809,38471091,1,NA,NA
"135",16,1,863761,38976043,1,NA,NA
"136",16,1,863949,38976231,1,NA,NA
"137",16,1,892155,39004437,2,NA,NA
"138",16,1,892539,39004821,1,NA,NA
"139",16,3,81601,39327470,2,8,10
"140",16,3,424684,39670553,2,NA,NA
"141",16,5,96123,39957158,2,1,3
"142",16,5,98404,39959439,1,NA,NA
"143",16,7,159872,40350212,1,NA,NA
"144",16,7,161528,40351868,2,1,3
"145",16,7,161534,40351874,2,1,3
"146",16,7,161560,40351900,1,NA,NA
"147",16,7,161588,40351928,2,1,3
"148",16,7,162032,40352372,2,1,3
"149",16,8,135262,40489522,1,NA,NA
"150",16,10,271,38112553,2,NA,NA
"151",16,10,2868,38115150,2,1,3
"152",16,10,2872,38115154,1,1,2
"153",16,11,778802,41387792,2,1,3
"154",16,11,778842,41387832,2,2,4
"155",1,0,202952,202952,1,NA,NA
"156",1,0,202962,202962,1,NA,NA
"157",1,0,202983,202983,1,NA,NA
"158",1,0,203140,203140,1,NA,NA
"159",1,0,204261,204261,1,NA,NA
"160",1,0,1872836,1872836,1,NA,NA
"161",1,0,1872846,1872846,1,NA,NA
"162",1,0,1872851,1872851,1,NA,NA
"163",1,0,2573905,2573905,1,NA,NA
"164",1,0,2576581,2576581,1,NA,NA
"165",1,0,2576640,2576640,1,1,2
"166",1,0,2579272,2579272,1,NA,NA
"167",1,0,2580117,2580117,1,1,2
"168",1,0,2584046,2584046,1,1,2
"169",1,0,2585544,2585544,1,1,2
"170",1,0,3194949,3194949,1,NA,NA
"171",1,0,3195950,3195950,1,NA,NA
"172",1,0,3213426,3213426,1,NA,NA
"173",1,1,140869,3355640,1,NA,NA
"174",2,0,23,3355791,1,NA,NA
"175",2,0,1818,3357586,1,NA,NA
"176",2,0,853566,4209334,1,1,2
"177",2,0,857876,4213644,1,NA,NA
"178",2,0,858472,4214240,1,NA,NA
"179",2,0,858481,4214249,1,NA,NA
"180",2,0,1092490,4448258,1,NA,NA
"181",2,0,1093370,4449138,1,NA,NA
"182",2,1,408752,4861453,1,NA,NA
"183",2,2,625487,5514979,1,1,2
"184",2,2,625488,5514980,1,1,2
"185",2,2,625506,5514998,1,NA,NA
"186",2,4,421,6239533,1,NA,NA
"187",2,4,449,6239561,1,NA,NA
"188",2,4,886,6239998,1,1,2
"189",2,4,1508,6240620,1,NA,NA
"190",2,4,1916,6241028,1,1,2
"191",2,4,2096,6241208,1,NA,NA
"192",2,4,3208,6242320,1,NA,NA
"193",2,4,3354,6242466,1,1,2
"194",2,4,3684,6242796,1,NA,NA
"195",2,4,3689,6242801,1,NA,NA
"196",2,4,3699,6242811,1,NA,NA
"197",2,4,3718,6242830,1,NA,NA
"198",4,1,27414,11272186,1,NA,NA
"199",5,0,566074,11838653,1,1,2
"200",5,0,567991,11840570,1,NA,NA
"201",5,0,2394595,13667174,1,3,4
"202",5,0,2399195,13671774,1,1,2
"203",5,0,2399715,13672294,1,NA,NA
"204",5,1,53948,13753686,1,1,2
"205",5,1,2214719,15914457,1,1,2
"206",5,1,2214749,15914487,1,1,2
"207",6,0,13932,15932519,1,NA,NA
"208",6,0,38936,15957523,1,NA,NA
"209",6,0,39979,15958566,1,1,2
"210",6,0,49342,15967929,1,NA,NA
"211",6,0,72992,15991579,1,1,2
"212",6,1,12782,17825395,1,NA,NA
"213",6,3,980,18108870,1,1,2
"214",7,0,834278,19329644,1,1,2
"215",7,2,339149,20460171,1,NA,NA
"216",8,1,999667,22643146,1,NA,NA
"217",8,1,1003168,22646647,1,NA,NA
"218",8,1,1004305,22647784,1,NA,NA
"219",8,2,151571,22805130,1,NA,NA
"220",8,2,182174,22835733,1,2,3
"221",8,2,572713,23226272,1,NA,NA
"222",8,2,576965,23230524,1,NA,NA
"223",9,1,311,23384588,1,NA,NA
"224",9,1,541,23384818,1,NA,NA
"225",9,1,961,23385238,1,1,2
"226",9,1,5747,23390024,1,NA,NA
"227",9,1,5819,23390096,1,NA,NA
"228",9,1,6285,23390562,1,NA,NA
"229",9,1,43386,23427663,1,NA,NA
"230",9,1,43391,23427668,1,NA,NA
"231",9,1,43393,23427670,1,1,2
"232",9,1,46364,23430641,1,NA,NA
"233",9,1,50894,23435171,1,NA,NA
"234",9,1,1839200,25223477,1,1,2
"235",9,1,1839725,25224002,1,1,2
"236",9,1,1839731,25224008,1,3,4
"237",9,1,2076135,25460412,1,NA,NA
"238",10,1,9814,25705655,1,NA,NA
"239",10,1,23119,25718960,1,1,2
"240",10,1,322757,26018598,1,1,2
"241",10,1,322763,26018604,1,1,2
"242",10,1,350818,26046659,1,NA,NA
"243",10,1,350913,26046754,1,2,3
"244",10,1,1363015,27058856,1,NA,NA
"245",10,1,1366774,27062615,1,NA,NA
"246",10,1,1367166,27063007,1,NA,NA
"247",10,1,1367895,27063736,1,1,2
"248",10,1,2259650,27955491,1,1,2
"249",10,1,2276611,27972452,1,NA,NA
"250",10,1,2276637,27972478,1,2,3
"251",10,1,2280193,27976034,1,1,2
"252",10,1,2280200,27976041,1,1,2
"253",10,1,2280757,27976598,1,NA,NA
"254",10,1,2282349,27978190,1,NA,NA
"255",12,0,42742,29276773,1,NA,NA
"256",12,0,269554,29503585,1,NA,NA
"257",13,0,22641,31096601,1,NA,NA
"258",13,0,766584,31840544,1,NA,NA
"259",13,0,767967,31841927,1,NA,NA
"260",13,2,1636,32699822,1,NA,NA
"261",13,2,11570,32709756,1,1,2
"262",13,2,16992,32715178,1,NA,NA
"263",13,2,17630,32715816,1,NA,NA
"264",13,2,17764,32715950,1,NA,NA
"265",14,0,622966,33377464,1,NA,NA
"266",14,1,3685,33553288,1,1,2
"267",14,1,3879,33553482,1,1,2
"268",14,2,134,35258054,1,NA,NA
"269",14,2,1392,35259312,1,NA,NA
"270",14,2,2422,35260342,1,1,2
"271",14,2,2643,35260563,1,NA,NA
"272",14,2,3280,35261200,1,NA,NA
"273",14,2,3288,35261208,1,1,2
"274",14,2,47054,35304974,1,1,2
"275",14,2,47270,35305190,1,NA,NA
"276",14,2,47740,35305660,1,NA,NA
"277",14,2,49880,35307800,1,NA,NA
"278",15,1,126163,35551734,1,NA,NA
"279",15,1,275162,35700733,1,NA,NA
"280",15,1,277770,35703341,1,NA,NA
"281",15,2,934,35709412,1,NA,NA
"282",15,3,19275,35786627,1,NA,NA
"283",15,3,19277,35786629,1,2,3
"284",15,4,536130,36335113,1,NA,NA
"285",16,0,148306,36513977,1,1,2
"286",16,0,1549830,37915501,1,NA,NA
"287",16,1,25287,38137569,1,1,2
"288",16,1,25767,38138049,1,NA,NA
"289",16,1,863775,38976057,1,NA,NA
"290",16,2,132955,39243772,1,NA,NA
"291",16,5,98911,39959946,1,NA,NA
"292",16,5,100116,39961151,1,NA,NA
"293",16,7,19308,40209648,1,1,2
"294",16,7,158260,40348600,1,1,2
"295",16,7,158831,40349171,1,NA,NA
"296",16,7,159877,40350217,1,NA,NA
"297",16,8,134747,40489007,1,NA,NA
"298",16,10,4238,38116520,1,2,3
"299",16,10,57212,38169494,1,NA,NA
"300",1,0,1862301,1862301,1,NA,NA
"301",1,0,2574117,2574117,1,NA,NA
"302",1,0,2574134,2574134,1,NA,NA
"303",1,0,2574135,2574135,1,NA,NA
"304",1,0,2574157,2574157,1,NA,NA
"305",1,0,2575542,2575542,1,NA,NA
"306",1,0,2577072,2577072,1,NA,NA
"307",1,0,2577279,2577279,1,NA,NA
"308",1,0,2577319,2577319,1,NA,NA
"309",1,0,2582160,2582160,1,NA,NA
"310",1,0,2582254,2582254,1,NA,NA
"311",1,0,2582779,2582779,1,NA,NA
"312",1,0,2582806,2582806,1,NA,NA
"313",1,0,2582813,2582813,1,NA,NA
"314",1,0,2583227,2583227,1,NA,NA
"315",1,0,2583234,2583234,1,NA,NA
"316",1,0,2583236,2583236,1,NA,NA
"317",1,0,2583269,2583269,1,NA,NA
"318",1,0,2585754,2585754,1,NA,NA
"319",1,0,3194479,3194479,1,NA,NA
"320",1,0,3194535,3194535,1,NA,NA
"321",1,0,3212245,3212245,1,2,3
"322",1,1,1133,3215904,1,NA,NA
"323",1,1,1792,3216563,1,NA,NA
"324",1,1,140576,3355347,1,NA,NA
"325",2,0,850591,4206359,1,NA,NA
"326",2,0,850596,4206364,1,NA,NA
"327",2,0,850597,4206365,1,NA,NA
"328",2,0,850607,4206375,1,NA,NA
"329",2,0,850614,4206382,1,NA,NA
"330",2,0,850617,4206385,1,NA,NA
"331",2,0,850644,4206412,1,NA,NA
"332",2,0,850660,4206428,1,NA,NA
"333",2,0,850776,4206544,1,NA,NA
"334",2,0,856906,4212674,1,NA,NA
"335",2,0,857220,4212988,1,NA,NA
"336",2,0,858291,4214059,1,NA,NA
"337",2,0,858347,4214115,1,NA,NA
"338",2,0,859163,4214931,1,NA,NA
"339",2,0,859167,4214935,1,NA,NA
"340",2,0,859212,4214980,1,NA,NA
"341",2,0,859213,4214981,1,NA,NA
"342",2,0,861959,4217727,1,NA,NA
"343",2,0,1092889,4448657,1,NA,NA
"344",2,1,407724,4860425,1,NA,NA
"345",2,2,1976,4891468,1,NA,NA
"346",2,2,1979,4891471,1,NA,NA
"347",2,2,626055,5515547,1,NA,NA
"348",2,2,634915,5524407,1,NA,NA
"349",2,2,634960,5524452,1,NA,NA
"350",2,2,635234,5524726,1,NA,NA
"351",2,2,1141974,6031466,1,NA,NA
"352",2,3,4115,6050940,1,NA,NA
"353",2,3,16360,6063185,1,NA,NA
"354",2,3,16362,6063187,1,NA,NA
"355",2,3,17755,6064580,1,NA,NA
"356",2,3,186242,6233067,1,NA,NA
"357",2,4,65942,6305054,1,NA,NA
"358",2,4,627254,6866366,1,NA,NA
"359",2,4,703944,6943056,1,NA,NA
"360",2,4,705777,6944889,1,NA,NA
"361",2,4,706590,6945702,1,NA,NA
"362",3,0,40423,7190859,1,NA,NA
"363",3,0,40427,7190863,1,1,2
"364",3,0,40468,7190904,1,NA,NA
"365",3,0,41828,7192264,1,NA,NA
"366",3,1,1745648,9069179,1,NA,NA
"367",3,2,976644,10046403,1,NA,NA
"368",4,0,84982,10960819,1,NA,NA
"369",4,0,85767,10961604,1,NA,NA
"370",4,0,363383,11239220,1,NA,NA
"371",4,0,364553,11240390,1,NA,NA
"372",4,1,488,11245260,1,NA,NA
"373",4,1,490,11245262,1,NA,NA
"374",4,1,4270,11249042,1,NA,NA
"375",4,1,4279,11249051,1,NA,NA
"376",5,0,2084402,13356981,1,NA,NA
"377",5,0,2331516,13604095,1,NA,NA
"378",5,0,2392514,13665093,1,NA,NA
"379",5,0,2392889,13665468,1,NA,NA
"380",5,0,2401039,13673618,1,NA,NA
"381",5,0,2402170,13674749,1,NA,NA
"382",5,0,2402182,13674761,1,NA,NA
"383",5,0,2419093,13691672,1,NA,NA
"384",5,1,51237,13750975,1,NA,NA
"385",5,1,53483,13753221,1,NA,NA
"386",5,1,53487,13753225,1,NA,NA
"387",5,1,53516,13753254,1,NA,NA
"388",5,1,54447,13754185,1,NA,NA
"389",5,1,55606,13755344,1,NA,NA
"390",5,1,55610,13755348,1,NA,NA
"391",5,1,752200,14451938,1,NA,NA
"392",5,1,1690701,15390439,1,NA,NA
"393",5,1,1690860,15390598,1,NA,NA
"394",5,1,1706239,15405977,1,NA,NA
"395",5,1,2207392,15907130,1,NA,NA
"396",5,1,2207487,15907225,1,NA,NA
"397",5,1,2207492,15907230,1,NA,NA
"398",5,1,2207938,15907676,1,NA,NA
"399",5,1,2208959,15908697,1,NA,NA
"400",5,1,2208965,15908703,1,NA,NA
"401",5,1,2208967,15908705,1,NA,NA
"402",5,1,2208973,15908711,1,NA,NA
"403",5,1,2212672,15912410,1,NA,NA
"404",5,1,2212721,15912459,1,NA,NA
"405",5,1,2213712,15913450,1,NA,NA
"406",5,1,2213986,15913724,1,NA,NA
"407",5,1,2214620,15914358,1,NA,NA
"408",6,0,34327,15952914,1,NA,NA
"409",6,0,37013,15955600,1,NA,NA
"410",6,0,37041,15955628,1,NA,NA
"411",6,0,146376,16064963,1,NA,NA
"412",6,0,974814,16893401,1,NA,NA
"413",6,0,1490473,17409060,1,NA,NA
"414",6,0,1490476,17409063,1,NA,NA
"415",6,0,1490955,17409542,1,NA,NA
"416",6,0,1491480,17410067,1,NA,NA
"417",6,0,1654738,17573325,1,NA,NA
"418",6,1,11588,17824201,1,NA,NA
"419",6,2,1148,17989324,1,NA,NA
"420",6,2,1298,17989474,1,NA,NA
"421",6,2,1490,17989666,1,NA,NA
"422",6,3,2815,18110705,1,NA,NA
"423",6,3,3264,18111154,1,NA,NA
"424",7,0,945,18496311,1,NA,NA
"425",7,0,363062,18858428,1,NA,NA
"426",8,0,5042,21581807,1,NA,NA
"427",8,0,11340,21588105,1,NA,NA
"428",8,0,11436,21588201,1,NA,NA
"429",8,0,11440,21588205,1,NA,NA
"430",8,0,15139,21591904,1,NA,NA
"431",8,0,17498,21594263,1,NA,NA
"432",8,0,17501,21594266,1,NA,NA
"433",8,0,17666,21594431,1,NA,NA
"434",8,0,17847,21594612,1,NA,NA
"435",8,0,18049,21594814,1,NA,NA
"436",8,1,95504,21738983,1,NA,NA
"437",8,1,95519,21738998,1,NA,NA
"438",8,1,95533,21739012,1,NA,NA
"439",8,1,95539,21739018,1,NA,NA
"440",8,1,96368,21739847,1,NA,NA
"441",8,1,96438,21739917,1,NA,NA
"442",8,1,97090,21740569,1,NA,NA
"443",8,1,97784,21741263,1,NA,NA
"444",8,1,97917,21741396,1,NA,NA
"445",8,1,460888,22104367,1,NA,NA
"446",8,1,462483,22105962,1,NA,NA
"447",8,1,998695,22642174,1,NA,NA
"448",8,1,998740,22642219,1,NA,NA
"449",8,1,1006045,22649524,1,NA,NA
"450",8,1,1009123,22652602,1,NA,NA
"451",8,1,1009164,22652643,1,NA,NA
"452",8,1,1009613,22653092,1,NA,NA
"453",8,1,1009834,22653313,1,NA,NA
"454",8,2,149978,22803537,1,NA,NA
"455",8,2,150027,22803586,1,NA,NA
"456",8,2,151916,22805475,1,NA,NA
"457",8,2,151932,22805491,1,NA,NA
"458",8,2,152062,22805621,1,NA,NA
"459",8,2,182403,22835962,1,NA,NA
"460",8,2,182461,22836020,1,NA,NA
"461",8,2,223612,22877171,1,NA,NA
"462",8,2,223663,22877222,1,NA,NA
"463",8,2,223683,22877242,1,NA,NA
"464",8,2,223718,22877277,1,NA,NA
"465",8,2,223720,22877279,1,NA,NA
"466",8,2,231021,22884580,1,NA,NA
"467",8,2,236067,22889626,1,NA,NA
"468",8,2,565823,23219382,1,NA,NA
"469",8,2,566138,23219697,1,NA,NA
"470",8,2,569037,23222596,1,NA,NA
"471",8,2,572543,23226102,1,NA,NA
"472",8,2,573113,23226672,1,NA,NA
"473",8,2,573509,23227068,1,NA,NA
"474",8,2,576100,23229659,1,NA,NA
"475",8,2,576115,23229674,1,NA,NA
"476",8,2,576130,23229689,1,NA,NA
"477",8,2,576367,23229926,1,NA,NA
"478",8,2,576373,23229932,1,NA,NA
"479",8,2,577102,23230661,1,NA,NA
"480",9,0,101968,23334605,1,NA,NA
"481",9,1,17,23384294,1,NA,NA
"482",9,1,528,23384805,1,NA,NA
"483",9,1,685,23384962,1,NA,NA
"484",9,1,3201,23387478,1,NA,NA
"485",9,1,3244,23387521,1,NA,NA
"486",9,1,3248,23387525,1,NA,NA
"487",9,1,3250,23387527,1,NA,NA
"488",9,1,3253,23387530,1,NA,NA
"489",9,1,3260,23387537,1,NA,NA
"490",9,1,3267,23387544,1,NA,NA
"491",9,1,3291,23387568,1,NA,NA
"492",9,1,3297,23387574,1,NA,NA
"493",9,1,4711,23388988,1,NA,NA
"494",9,1,4764,23389041,1,NA,NA
"495",9,1,10356,23394633,1,NA,NA
"496",9,1,29622,23413899,1,NA,NA
"497",9,1,42046,23426323,1,NA,NA
"498",9,1,42366,23426643,1,NA,NA
"499",9,1,47587,23431864,1,NA,NA
"500",9,1,1258985,24643262,1,NA,NA
"501",9,1,1617562,25001839,1,NA,NA
"502",9,1,1617563,25001840,1,NA,NA
"503",9,1,1617576,25001853,1,NA,NA
"504",9,1,1617586,25001863,1,NA,NA
"505",9,1,1723748,25108025,1,NA,NA
"506",9,1,1791169,25175446,1,NA,NA
"507",9,1,1840045,25224322,1,NA,NA
"508",9,1,1873907,25258184,1,NA,NA
"509",9,1,2005625,25389902,1,NA,NA
"510",9,1,2067525,25451802,1,NA,NA
"511",10,0,37188,25663254,1,NA,NA
"512",10,0,37193,25663259,1,NA,NA
"513",10,0,37205,25663271,1,NA,NA
"514",10,0,69775,25695841,1,NA,NA
"515",10,1,10477,25706318,1,NA,NA
"516",10,1,10627,25706468,1,NA,NA
"517",10,1,10928,25706769,1,NA,NA
"518",10,1,10997,25706838,1,NA,NA
"519",10,1,11087,25706928,1,NA,NA
"520",10,1,11418,25707259,1,NA,NA
"521",10,1,11450,25707291,1,NA,NA
"522",10,1,11484,25707325,1,NA,NA
"523",10,1,12207,25708048,1,NA,NA
"524",10,1,12306,25708147,1,NA,NA
"525",10,1,12612,25708453,1,NA,NA
"526",10,1,12636,25708477,1,NA,NA
"527",10,1,12682,25708523,1,NA,NA
"528",10,1,14315,25710156,1,NA,NA
"529",10,1,353268,26049109,1,1,2
"530",10,1,1361365,27057206,1,NA,NA
"531",10,1,1362074,27057915,1,NA,NA
"532",10,1,1362581,27058422,1,NA,NA
"533",10,1,1363353,27059194,1,NA,NA
"534",10,1,2033881,27729722,1,NA,NA
"535",10,1,2033963,27729804,1,NA,NA
"536",10,1,2034016,27729857,1,NA,NA
"537",10,1,2037704,27733545,1,NA,NA
"538",10,1,2037720,27733561,1,NA,NA
"539",10,1,2038104,27733945,1,NA,NA
"540",10,1,2043608,27739449,1,NA,NA
"541",10,1,2276066,27971907,1,NA,NA
"542",10,1,2276544,27972385,1,NA,NA
"543",10,1,2278899,27974740,1,NA,NA
"544",10,1,2278991,27974832,1,NA,NA
"545",10,1,2282643,27978484,1,NA,NA
"546",11,0,546346,28528758,1,NA,NA
"547",12,0,457256,29691287,1,NA,NA
"548",12,0,807750,30041781,1,NA,NA
"549",12,1,579017,30750062,1,NA,NA
"550",13,0,18956,31092916,1,NA,NA
"551",13,0,19502,31093462,1,NA,NA
"552",13,0,19549,31093509,1,NA,NA
"553",13,0,20445,31094405,1,NA,NA
"554",13,0,20529,31094489,1,NA,NA
"555",13,0,21320,31095280,1,NA,NA
"556",13,0,21351,31095311,1,NA,NA
"557",13,0,754545,31828505,1,NA,NA
"558",13,0,764492,31838452,1,NA,NA
"559",13,0,765656,31839616,1,NA,NA
"560",13,0,765658,31839618,1,NA,NA
"561",13,0,765677,31839637,1,NA,NA
"562",13,0,765691,31839651,1,NA,NA
"563",13,0,766467,31840427,1,NA,NA
"564",13,0,768656,31842616,1,NA,NA
"565",13,2,3667,32701853,1,1,2
"566",13,2,7313,32705499,1,NA,NA
"567",13,2,8203,32706389,1,NA,NA
"568",13,2,8205,32706391,1,NA,NA
"569",13,2,10026,32708212,1,NA,NA
"570",13,2,10813,32708999,1,NA,NA
"571",13,2,11082,32709268,1,NA,NA
"572",13,2,17781,32715967,1,NA,NA
"573",14,0,238569,32993067,1,NA,NA
"574",14,1,2063,33551666,1,NA,NA
"575",14,1,2110,33551713,1,NA,NA
"576",14,1,2189,33551792,1,NA,NA
"577",14,1,2831,33552434,1,NA,NA
"578",14,1,1172119,34721722,1,NA,NA
"579",14,2,96,35258016,1,NA,NA
"580",14,2,618,35258538,1,NA,NA
"581",14,2,639,35258559,1,NA,NA
"582",14,2,2684,35260604,1,NA,NA
"583",14,2,3587,35261507,1,NA,NA
"584",14,2,4304,35262224,1,NA,NA
"585",14,2,4448,35262368,1,NA,NA
"586",14,2,5056,35262976,1,NA,NA
"587",14,2,5725,35263645,1,NA,NA
"588",14,2,48002,35305922,1,NA,NA
"589",14,2,48005,35305925,1,NA,NA
"590",14,2,49925,35307845,1,NA,NA
"591",14,2,49962,35307882,1,NA,NA
"592",14,2,49963,35307883,1,NA,NA
"593",14,2,50023,35307943,1,NA,NA
"594",15,1,1603,35427174,1,NA,NA
"595",15,1,273975,35699546,1,NA,NA
"596",15,1,274461,35700032,1,NA,NA
"597",15,1,274942,35700513,1,NA,NA
"598",15,1,275238,35700809,1,NA,NA
"599",15,1,275479,35701050,1,NA,NA
"600",15,1,277624,35703195,1,NA,NA
"601",15,1,277630,35703201,1,NA,NA
"602",15,3,20012,35787364,1,NA,NA
"603",15,3,27358,35794710,1,NA,NA
"604",15,3,29232,35796584,1,NA,NA
"605",15,3,31422,35798774,1,NA,NA
"606",15,4,18110,35817093,1,NA,NA
"607",15,4,18451,35817434,1,NA,NA
"608",15,4,20452,35819435,1,NA,NA
"609",16,0,87512,36453183,1,NA,NA
"610",16,0,185286,36550957,1,NA,NA
"611",16,1,3092,38115374,1,NA,NA
"612",16,1,41891,38154173,1,NA,NA
"613",16,1,358915,38471197,1,NA,NA
"614",16,1,864297,38976579,1,NA,NA
"615",16,1,892603,39004885,1,NA,NA
"616",16,1,892627,39004909,1,NA,NA
"617",16,1,892632,39004914,1,NA,NA
"618",16,1,892767,39005049,1,NA,NA
"619",16,1,892783,39005065,1,NA,NA
"620",16,1,892987,39005269,1,NA,NA
"621",16,1,896196,39008478,1,NA,NA
"622",16,2,3660,39114477,1,NA,NA
"623",16,2,3683,39114500,1,NA,NA
"624",16,2,3790,39114607,1,NA,NA
"625",16,3,192,39246061,1,NA,NA
"626",16,3,45122,39290991,1,NA,NA
"627",16,3,107579,39353448,1,NA,NA
"628",16,3,108620,39354489,1,NA,NA
"629",16,3,147486,39393355,1,NA,NA
"630",16,3,170356,39416225,1,NA,NA
"631",16,5,94324,39955359,1,NA,NA
"632",16,5,94448,39955483,1,NA,NA
"633",16,5,96554,39957589,1,NA,NA
"634",16,5,96599,39957634,1,NA,NA
"635",16,5,97351,39958386,1,NA,NA
"636",16,5,98414,39959449,1,NA,NA
"637",16,7,13666,40204006,1,NA,NA
"638",16,7,15178,40205518,1,NA,NA
"639",16,7,32313,40222653,1,NA,NA
"640",16,7,118650,40308990,1,NA,NA
"641",16,7,125204,40315544,1,NA,NA
"642",16,7,125227,40315567,1,NA,NA
"643",16,7,125235,40315575,1,NA,NA
"644",16,7,125259,40315599,1,NA,NA
"645",16,7,125469,40315809,1,NA,NA
"646",16,7,125479,40315819,1,NA,NA
"647",16,7,125480,40315820,1,NA,NA
"648",16,7,126338,40316678,1,NA,NA
"649",16,7,126348,40316688,1,NA,NA
"650",16,7,126355,40316695,1,NA,NA
"651",16,7,126713,40317053,1,NA,NA
"652",16,7,126731,40317071,1,NA,NA
"653",16,7,126738,40317078,1,NA,NA
"654",16,7,156750,40347090,1,NA,NA
"655",16,7,156751,40347091,1,NA,NA
"656",16,7,156764,40347104,1,NA,NA
"657",16,7,159630,40349970,1,NA,NA
"658",16,7,160254,40350594,1,NA,NA
"659",16,7,162062,40352402,1,NA,NA
"660",16,7,162081,40352421,1,NA,NA
"661",16,7,162149,40352489,1,NA,NA
"662",16,9,4040,40493843,1,NA,NA
"663",16,9,104196,40593999,1,NA,NA
"664",16,9,104218,40594021,1,NA,NA
"665",16,9,104294,40594097,1,NA,NA
"666",16,10,1022,38113304,1,NA,NA
"667",16,10,1526,38113808,1,NA,NA
"668",16,10,1580,38113862,1,NA,NA
"669",16,10,2836,38115118,1,NA,NA
"670",16,10,3376,38115658,1,NA,NA
"671",16,10,3577,38115859,1,NA,NA
"672",16,11,5536,40614526,1,NA,NA
"673",16,11,920405,41529395,1,NA,NA
"810",2,0,865955,4221723,NA,1,NA
"910",9,1,30223,23414500,NA,1,NA
"1110",1,0,2585805,2585805,NA,1,NA
"1310",16,7,17426,40207766,NA,1,NA
"1410",16,10,1625,38113907,NA,1,NA
"1510",13,2,16381,32714567,NA,1,NA
"1610",13,2,974,32699160,NA,1,NA
"1710",5,1,57029,13756767,NA,1,NA
"1910",1,0,2577597,2577597,NA,1,NA
"2210",16,8,134624,40488884,NA,2,NA
"2310",6,3,3804,18111694,NA,1,NA
"2410",9,1,34301,23418578,NA,1,NA
"2510",9,1,2076326,25460603,NA,1,NA
"2610",13,2,3664,32701850,NA,1,NA
"2710",14,2,45432,35303352,NA,1,NA
"2810",16,5,97240,39958275,NA,1,NA
"3110",1,0,2577546,2577546,NA,2,NA
"3210",5,0,2396013,13668592,NA,1,NA
"3310",14,2,48755,35306675,NA,1,NA
"3410",2,0,1092444,4448212,NA,1,NA
"3510",16,7,157022,40347362,NA,1,NA
"3610",6,0,142774,16061361,NA,1,NA
"3710",5,0,2425938,13698517,NA,1,NA
"3810",8,1,1009840,22653319,NA,1,NA
"3910",6,0,531,15919118,NA,1,NA
"4010",2,2,635453,5524945,NA,1,NA
"4210",13,0,24527,31098487,NA,1,NA
"4310",8,2,569941,23223500,NA,1,NA
"4410",9,1,607,23384884,NA,1,NA
"4510",8,2,568186,23221745,NA,1,NA
"4610",15,1,273596,35699167,NA,1,NA
"4710",16,7,161564,40351904,NA,1,NA
"4810",10,1,2260188,27956029,NA,1,NA
"4910",1,0,2577560,2577560,NA,1,NA
"5010",5,0,2400151,13672730,NA,1,NA
"5610",2,0,853732,4209500,NA,1,NA
"6210",13,0,776895,31850855,NA,1,NA
"6410",13,0,25436,31099396,NA,1,NA
"675",9,1,172765,23557042,NA,1,NA
"701",13,0,20359,31094319,NA,1,NA
"711",16,10,1429,38113711,NA,1,NA
"731",12,0,41574,29275605,NA,1,NA
"751",9,1,118,23384395,NA,1,NA
"761",9,1,1838552,25222829,NA,1,NA
"771",14,1,2190,33551793,NA,1,NA
"811",13,0,767981,31841941,NA,1,NA
"821",9,1,34179,23418456,NA,1,NA
"831",2,2,625503,5514995,NA,1,NA
"841",10,1,11925,25707766,NA,1,NA
"861",13,1,262757,32124094,NA,2,NA
"871",5,1,2211263,15911001,NA,1,NA
"901",8,2,146266,22799825,NA,1,NA
"911",5,1,2207063,15906801,NA,1,NA
"921",8,1,96283,21739762,NA,1,NA
"931",16,1,232506,38344788,NA,1,NA
"941",13,1,262758,32124095,NA,1,NA
"951",5,1,2214952,15914690,NA,1,NA
"971",8,2,146262,22799821,NA,1,NA
"1081",10,1,2032376,27728217,NA,1,NA
"1091",13,2,10199,32708385,NA,1,NA
"1121",16,1,864094,38976376,NA,1,NA
"1141",13,2,10229,32708415,NA,1,NA
"1151",13,2,10214,32708400,NA,1,NA
"1201",15,4,21285,35820268,NA,1,NA
"1211",13,2,1641,32699827,NA,1,NA
"1221",16,9,103367,40593170,NA,1,NA
"1261",9,1,8223,23392500,NA,1,NA
"1301",9,1,30189,23414466,NA,1,NA
"1331",2,0,852771,4208539,NA,1,NA
"1341",6,1,12741,17825354,NA,1,NA
"1351",16,0,148347,36514018,NA,1,NA
"1361",8,0,4933,21581698,NA,1,NA
"1391",16,8,134610,40488870,NA,1,NA
"1401",9,1,34196,23418473,NA,1,NA
"1411",1,0,2585545,2585545,NA,1,NA
"1431",13,2,10184,32708370,NA,1,NA
"1441",1,0,2578403,2578403,NA,1,NA
"1451",10,1,2034910,27730751,NA,1,NA
"1461",10,1,10393,25706234,NA,1,NA
"1481",15,3,30505,35797857,NA,1,NA
"1581",2,4,894,6240006,NA,1,NA
"1611",15,4,20403,35819386,NA,1,NA
"1631",2,4,895,6240007,NA,1,NA
"1641",10,1,2278146,27973987,NA,1,NA
"1651",10,1,9623,25705464,NA,1,NA
"1661",2,0,787,3356555,NA,1,NA
"1671",9,1,4092,23388369,NA,1,NA
"1691",10,1,2280670,27976511,NA,1,NA
"1711",2,0,768,3356536,NA,1,NA
"1721",1,1,139919,3354690,NA,1,NA
"1731",2,4,706035,6945147,NA,1,NA
"1741",16,7,157685,40348025,NA,1,NA
"1751",2,0,1144,3356912,NA,1,NA
"1761",1,0,2576809,2576809,NA,1,NA
"1781",16,7,162323,40352663,NA,1,NA
"1791",10,1,2279322,27975163,NA,1,NA
"1811",8,0,17017,21593782,NA,1,NA
"1821",2,0,852760,4208528,NA,1,NA
"1841",1,0,2579257,2579257,NA,1,NA
"1871",13,2,11578,32709764,NA,1,NA
"1891",13,2,17200,32715386,NA,1,NA
"1921",2,4,897,6240009,NA,1,NA
"1931",1,0,916019,916019,NA,1,NA
"1941",1,0,2584494,2584494,NA,1,NA
"1961",1,0,1211133,1211133,NA,1,NA
"1971",1,1,736,3215507,NA,1,NA
"1991",2,0,786,3356554,NA,1,NA
"2001",16,10,91,38112373,NA,1,NA
"2081",8,2,4516,22658075,NA,1,NA
"2091",16,7,162438,40352778,NA,1,NA
"2101",2,0,860989,4216757,NA,1,NA
"2131",16,7,156802,40347142,NA,1,NA
"2141",13,2,6636,32704822,NA,1,NA
"2151",5,1,1133190,14832928,NA,1,NA
"2161",6,0,137010,16055597,NA,1,NA
"2171",16,5,98557,39959592,NA,1,NA
"2191",1,0,2582542,2582542,NA,1,NA
"2211",7,0,8777,18504143,NA,1,NA
"2221",8,2,152970,22806529,NA,2,NA
"2231",1,0,203137,203137,NA,1,NA
"2251",6,0,93847,16012434,NA,1,NA
"2281",10,1,24255,25720096,NA,1,NA
"2291",6,0,71459,15990046,NA,1,NA
"2301",8,2,4480,22658039,NA,1,NA
"2321",13,0,356081,31430041,NA,1,NA
"2331",14,2,49835,35307755,NA,1,NA
"2341",9,1,1873791,25258068,NA,2,NA
"2361",7,0,8785,18504151,NA,1,NA
"2371",10,1,1366876,27062717,NA,1,NA
"2381",8,1,99009,21742488,NA,1,NA
"2401",14,2,1601,35259521,NA,1,NA
"2411",6,0,478,15919065,NA,1,NA
"2421",8,2,568633,23222192,NA,1,NA
"2431",9,1,1118501,24502778,NA,1,NA
"2441",14,2,48583,35306503,NA,1,NA
"2451",16,10,4154,38116436,NA,1,NA
"2461",14,2,3173,35261093,NA,1,NA
"2471",13,2,25771,32723957,NA,1,NA
"2491",2,0,861135,4216903,NA,1,NA
"2581",10,1,1361695,27057536,NA,1,NA
"2601",5,1,2214740,15914478,NA,1,NA
"2621",1,0,203566,203566,NA,1,NA
"2631",13,2,22196,32720382,NA,1,NA
"2651",9,1,10232,23394509,NA,1,NA
"2661",9,1,30080,23414357,NA,1,NA
"2671",2,3,17029,6063854,NA,1,NA
"2691",13,2,22193,32720379,NA,1,NA
"2701",2,0,3563,3359331,NA,1,NA
"2721",1,0,3195306,3195306,NA,1,NA
"2731",6,3,4750,18112640,NA,1,NA
"2751",16,8,134741,40489001,NA,1,NA
"2761",1,0,2578484,2578484,NA,1,NA
"2771",16,5,96396,39957431,NA,1,NA
"2781",10,1,1361648,27057489,NA,1,NA
"2791",5,0,2393114,13665693,NA,1,NA
"2811",8,1,100395,21743874,NA,1,NA
"2851",10,1,1044635,26740476,NA,1,NA
"2861",5,0,2393116,13665695,NA,1,NA
"2871",4,0,85257,10961094,NA,1,NA
"2891",16,2,132113,39242930,NA,1,NA
"2911",1,0,203598,203598,NA,1,NA
"2921",1,0,2584125,2584125,NA,1,NA
"2971",9,1,2073356,25457633,NA,1,NA
"3001",8,2,3753,22657312,NA,1,NA
"3171",6,2,16124,18004300,NA,1,NA
"3181",13,0,318977,31392937,NA,1,NA
"3201",9,1,33584,23417861,NA,1,NA
"3281",16,7,14497,40204837,NA,1,NA
"3301",14,1,120,33549723,NA,1,NA
"3321",6,0,134192,16052779,NA,1,NA
"3331",6,0,134195,16052782,NA,1,NA
"3351",13,2,11680,32709866,NA,1,NA
"3361",10,1,1366466,27062307,NA,1,NA
"3371",2,0,1093292,4449060,NA,1,NA
"3381",10,1,10609,25706450,NA,1,NA
"3391",1,0,2578100,2578100,NA,1,NA
"3401",5,0,2398329,13670908,NA,1,NA
"3411",8,2,223513,22877072,NA,1,NA
"3421",6,0,146281,16064868,NA,1,NA
"3451",2,2,1042332,5931824,NA,1,NA
"3481",9,1,32170,23416447,NA,1,NA
"3511",16,3,97881,39343750,NA,1,NA
"3521",16,3,98617,39344486,NA,1,NA
"3531",16,3,98722,39344591,NA,1,NA
"3541",16,3,98746,39344615,NA,1,NA
"3551",16,3,98890,39344759,NA,1,NA
"3561",16,3,98983,39344852,NA,1,NA
"3571",16,3,98692,39344561,NA,1,NA
"3581",9,1,870978,24255255,NA,1,NA
"3591",9,1,870979,24255256,NA,1,NA
"3601",16,3,98531,39344400,NA,1,NA
"3611",16,3,98587,39344456,NA,1,NA
"3621",16,3,97866,39343735,NA,1,NA
"3631",2,0,975308,4331076,NA,1,NA
"3641",2,0,975910,4331678,NA,1,NA
"3651",2,0,986549,4342317,NA,1,NA
"3661",9,1,937600,24321877,NA,1,NA
"3671",9,1,937610,24321887,NA,1,NA
"3681",9,1,937669,24321946,NA,1,NA
"3691",9,1,937816,24322093,NA,1,NA
"3701",9,1,937865,24322142,NA,1,NA
"3711",9,1,937982,24322259,NA,1,NA
"3721",9,1,938021,24322298,NA,1,NA
"3731",9,1,938166,24322443,NA,1,NA
"3741",16,3,97980,39343849,NA,1,NA
"3751",2,0,419265,3775033,NA,1,NA
"3761",9,1,951587,24335864,NA,1,NA
"3771",9,1,951642,24335919,NA,1,NA
"3781",9,1,2059134,25443411,NA,1,NA
"3791",16,3,98578,39344447,NA,1,NA
"3801",12,0,283184,29517215,NA,1,NA
"3811",12,0,283193,29517224,NA,1,NA
"3821",12,0,283197,29517228,NA,1,NA
"3831",16,3,97998,39343867,NA,1,NA
"3841",8,2,16173,22669732,NA,1,NA
"3851",12,0,283125,29517156,NA,1,NA
"3861",5,1,1459007,15158745,NA,1,NA
"3871",16,3,97822,39343691,NA,1,NA
"3881",13,0,436468,31510428,NA,1,NA
"3891",9,1,871214,24255491,NA,1,NA
"3901",5,1,594337,14294075,NA,1,NA
"3911",12,0,276891,29510922,NA,1,NA
"3921",12,0,277333,29511364,NA,1,NA
"3931",12,0,277834,29511865,NA,1,NA
"3941",9,1,905173,24289450,NA,1,NA
"3951",16,3,101356,39347225,NA,1,NA
"3961",6,0,1277523,17196110,NA,1,NA
"3971",16,3,98367,39344236,NA,1,NA
"3981",16,3,98470,39344339,NA,1,NA
"3991",16,3,98782,39344651,NA,1,NA
"4001",16,3,99019,39344888,NA,1,NA
"4011",16,1,360208,38472490,NA,1,NA
"4021",2,2,657794,5547286,NA,1,NA
"4031",16,1,658323,38770605,NA,1,NA
"4041",16,1,657002,38769284,NA,1,NA
"4051",3,2,1569509,10639268,NA,1,NA
"4061",16,1,657001,38769283,NA,1,NA
"4071",16,1,657006,38769288,NA,1,NA
"4081",16,1,656977,38769259,NA,1,NA
"4091",16,1,654848,38767130,NA,1,NA
"4101",16,1,656213,38768495,NA,1,NA
"4111",16,1,657280,38769562,NA,1,NA
"4121",16,1,657405,38769687,NA,1,NA
"4131",16,1,657406,38769688,NA,1,NA
"4141",16,1,658354,38770636,NA,1,NA
"4151",16,1,659386,38771668,NA,1,NA
"4161",16,1,659819,38772101,NA,1,NA
"4171",16,1,660781,38773063,NA,1,NA
"4181",16,1,661967,38774249,NA,1,NA
"4191",16,1,662996,38775278,NA,1,NA
"4201",16,1,663007,38775289,NA,1,NA
"4211",16,1,663390,38775672,NA,1,NA
"4221",16,1,663749,38776031,NA,1,NA
"4231",2,4,347752,6586864,NA,1,NA
"4241",2,4,347779,6586891,NA,1,NA
"4251",3,2,1570810,10640569,NA,1,NA
"4261",9,1,373109,23757386,NA,1,NA
"4271",13,1,696366,32557703,NA,1,NA
"4281",2,0,424213,3779981,NA,1,NA
"4291",5,0,1947489,13220068,NA,1,NA
"4301",16,11,276433,40885423,NA,1,NA
"4311",9,1,2059438,25443715,NA,1,NA
"4321",9,1,2072084,25456361,NA,1,NA
"4331",16,1,818187,38930469,NA,1,NA
"4341",6,0,236888,16155475,NA,1,NA
"4351",16,3,75808,39321677,NA,1,NA
"4361",16,11,276237,40885227,NA,1,NA
"4371",16,3,44027,39289896,NA,1,NA
"4381",16,11,276308,40885298,NA,1,NA
"4391",16,3,651,39246520,NA,1,NA
"4401",4,0,341548,11217385,NA,1,NA
"4411",7,1,359056,19996047,NA,1,NA
"4421",16,11,280737,40889727,NA,1,NA
"4431",16,3,12076,39257945,NA,1,NA
"4441",16,3,12119,39257988,NA,1,NA
"4451",5,1,1036890,14736628,NA,1,NA
"4461",5,1,83067,13782805,NA,1,NA
"4471",5,1,83122,13782860,NA,1,NA
"4481",16,3,632,39246501,NA,1,NA
"4491",16,0,1356916,37722587,NA,1,NA
"4501",16,11,280842,40889832,NA,1,NA
"4601",6,0,72997,15991584,NA,1,NA
"4661",9,1,5768,23390045,NA,1,NA
"4671",2,4,137,6239249,NA,1,NA
"4701",14,1,163447,33713050,NA,1,NA
"4711",10,1,12725,25708566,NA,1,NA
"4721",16,7,161957,40352297,NA,1,NA
"4731",8,2,576103,23229662,NA,1,NA
"4751",8,2,576538,23230097,NA,1,NA
"4771",1,0,2575005,2575005,NA,1,NA
"4781",16,8,135468,40489728,NA,1,NA
"4791",6,0,137479,16056066,NA,1,NA
"4801",3,2,628942,9698701,NA,1,NA
"4821",9,1,1636130,25020407,NA,1,NA
"4831",14,2,49908,35307828,NA,1,NA
"4841",8,1,996464,22639943,NA,1,NA
"4851",10,1,2036657,27732498,NA,1,NA
"4861",6,0,137536,16056123,NA,1,NA
"4871",14,1,1707924,35257527,NA,1,NA
"4881",10,1,1367344,27063185,NA,1,NA
"4891",10,1,2277806,27973647,NA,1,NA
"4901",8,1,996719,22640198,NA,1,NA
"4911",6,0,72993,15991580,NA,1,NA
"4921",2,2,625536,5515028,NA,1,NA
"4931",10,1,2274656,27970497,NA,1,NA
"4951",10,1,12832,25708673,NA,1,NA
"4991",16,8,135460,40489720,NA,1,NA
"5001",9,1,5873,23390150,NA,1,NA
"5011",3,2,60624,9130383,NA,1,NA
"5021",3,2,60738,9130497,NA,1,NA
"5031",3,2,60739,9130498,NA,1,NA
"5041",15,1,248642,35674213,NA,1,NA
"5051",15,1,248664,35674235,NA,1,NA
"5061",7,0,1032137,19527503,NA,1,NA
"5071",13,1,138434,31999771,NA,1,NA
"5081",13,1,138474,31999811,NA,1,NA
"5091",13,1,138490,31999827,NA,1,NA
"5101",13,1,137597,31998934,NA,1,NA
"5111",1,0,1827878,1827878,NA,1,NA
"5121",1,0,1829665,1829665,NA,1,NA
"5131",15,1,248999,35674570,NA,1,NA
"5141",15,1,249118,35674689,NA,1,NA
"5151",7,0,1031655,19527021,NA,1,NA
"5161",15,1,248605,35674176,NA,1,NA
"5171",13,1,133797,31995134,NA,1,NA
"5181",13,1,133851,31995188,NA,1,NA
"5191",13,1,133917,31995254,NA,1,NA
"5201",13,1,134081,31995418,NA,1,NA
"5211",13,1,134208,31995545,NA,1,NA
"5221",13,1,134289,31995626,NA,1,NA
"5231",13,1,134381,31995718,NA,1,NA
"5241",13,1,136666,31998003,NA,1,NA
"5251",1,0,1826968,1826968,NA,1,NA
"5261",1,0,1827040,1827040,NA,1,NA
"5271",1,0,1827214,1827214,NA,1,NA
"5281",1,0,1827241,1827241,NA,1,NA
"5291",1,0,1827769,1827769,NA,1,NA
"5301",1,0,1828049,1828049,NA,1,NA
"5311",1,0,1828051,1828051,NA,1,NA
"5321",1,0,1828092,1828092,NA,1,NA
"5331",1,0,1828375,1828375,NA,1,NA
"5341",1,0,1829832,1829832,NA,1,NA
"5351",13,1,138329,31999666,NA,1,NA
"5361",1,0,2569270,2569270,NA,1,NA
"5371",1,0,2569273,2569273,NA,1,NA
"5381",6,0,1274474,17193061,NA,1,NA
"5391",13,1,142358,32003695,NA,1,NA
"5401",13,1,142385,32003722,NA,1,NA
"5411",13,1,142421,32003758,NA,1,NA
"5421",5,0,173042,11445621,NA,1,NA
"5431",5,0,173063,11445642,NA,1,NA
"5441",1,0,2489438,2489438,NA,1,NA
"5451",13,1,123967,31985304,NA,1,NA
"5461",13,1,142169,32003506,NA,1,NA
"5471",3,2,60825,9130584,NA,1,NA
"5481",3,2,60865,9130624,NA,1,NA
"5491",3,2,60904,9130663,NA,1,NA
"5501",3,2,60934,9130693,NA,1,NA
