Chrom,Segment,Pos,Effect,Trait,TotalTraits,StartPos,EndPos,Range,Name,Gene,,,
3,1,229711,0.004861399,Domesticated,3,228711,230711,228711:230711,Ch3.1results1,none,,,
3,1,229711,0.001091364,Wild,3,228711,230711,228711:230711,,,,,2kb chunks. +-1kb
3,1,229711,0.019002067,DmWoD,3,228711,230711,228711:230711,,,,,
6,0,1216360,0.01450301,Domesticated,3,1215360,1217360,1215360:1217360,Ch6.0results1,none,,,
6,0,1216360,0.010714113,Wild,3,1215360,1217360,1215360:1217360,,,,,
6,0,1216360,0.000912766,DmWoD,3,1215360,1217360,1215360:1217360,,,,,
14,2,49919,0.000697166,Domesticated,2,48919,50919,48919:50919,Ch14.2results3,none,,,
14,2,49919,0.000952064,DmWoD,2,48919,50919,48919:50919,,,,,
1,0,202946,0.001051454,Domesticated,2,201946,203946,201946:203946,Ch1.0results1,,,,
1,0,202946,0.000525044,Wild,2,201946,203946,201946:203946,,,,,
1,0,2576637,0.001499147,Domesticated,2,2575637,2577637,2575637:2577637,Ch1.0results2,,,,
1,0,2576637,0.001348619,Wild,2,2575637,2577637,2575637:2577637,,,,,
1,0,2578356,0.000665107,Domesticated,2,2577356,2579356,2577356:2579356,Ch1.0results3,,,,
1,0,2578356,0.000409356,Wild,2,2577356,2579356,2577356:2579356,,,,,
1,0,2578380,0.000801774,Domesticated,2,2577380,2579380,2577380:2579380,Ch1.0results4,,,,
1,0,2578380,0.000866344,Wild,2,2577380,2579380,2577380:2579380,,,,,
1,0,3195291,0.000549038,Domesticated,2,3194291,3196291,3194291:3196291,Ch1.0results5,,,,
1,0,3195291,0.000389954,Wild,2,3194291,3196291,3194291:3196291,,,,,
2,0,853515,0.000586277,Domesticated,2,852515,854515,852515:854515,Ch2.0results1,,,,
2,0,853515,0.00044055,Wild,2,852515,854515,852515:854515,,,,,
2,0,853712,0.000463581,Domesticated,2,852712,854712,852712:854712,Ch2.0results2,,,,
2,0,853712,0.000554826,Wild,2,852712,854712,852712:854712,,,,,
2,0,861155,0.000507996,Domesticated,2,860155,862155,860155:862155,Ch2.0results3,,,,
2,0,861155,0.000675631,Wild,2,860155,862155,860155:862155,,,,,
2,2,624970,0.000741071,Domesticated,2,623970,625970,623970:625970,Ch2.2results1,,,,
2,2,624970,0.000546457,Wild,2,623970,625970,623970:625970,,,,,
2,2,625467,0.000509709,Domesticated,2,624467,626467,624467:626467,Ch2.2results2,,,,
2,2,625467,0.000450026,Wild,2,624467,626467,624467:626467,,,,,
2,3,15425,0.000528107,Domesticated,2,14425,16425,14425:16425,Ch2.3results1,,,,
2,3,15425,0.001055961,Wild,2,14425,16425,14425:16425,,,,,
2,4,844,0.00051497,Domesticated,2,1,1844,1:1844,Ch2.4results1,,,,
2,4,844,0.000514598,Wild,2,1,1844,1:1844,,,,,
2,4,3213,0.000451573,Domesticated,2,2213,4213,2213:4213,Ch2.4results2,,,,
2,4,3213,0.000513334,Wild,2,2213,4213,2213:4213,,,,,
3,1,810119,0.013689159,Domesticated,2,809119,811119,809119:811119,Ch3.1results1,,,,
3,1,810119,0.033837306,Wild,2,809119,811119,809119:811119,,,,,
3,2,1778236,0.000474455,Domesticated,2,1777236,1779236,1777236:1779236,Ch3.2reults2,,,,
3,2,1778236,0.000462975,Wild,2,1777236,1779236,1777236:1779236,,,,,
5,0,563546,0.000553588,Domesticated,2,562546,564546,562546:564546,Ch5.0results1,,,,
5,0,563546,0.00135227,Wild,2,562546,564546,562546:564546,,,,,
5,0,1129011,0.022194621,Domesticated,2,1128011,1130011,1128011:1130011,Ch5.0results2,,,,
5,0,1129011,0.026550658,Wild,2,1128011,1130011,1128011:1130011,,,,,
5,1,23784,0.000506687,Domesticated,2,22784,24784,22784:24784,Ch5.1results1,,,,
5,1,23784,0.00041927,Wild,2,22784,24784,22784:24784,,,,,
6,0,953360,0.000486816,Domesticated,2,952360,954360,952360:954360,Ch6.0results1,,,,
6,0,953360,0.000480984,Wild,2,952360,954360,952360:954360,,,,,
6,0,953366,0.000604288,Domesticated,2,952366,954366,952366:954366,Ch6.0results2,,,,
6,0,953366,0.000572486,Wild,2,952366,954366,952366:954366,,,,,
8,1,464962,0.0006692,Domesticated,2,463962,465962,463962:465962,Ch8.1results1,,,,
8,1,464962,0.000375059,Wild,2,463962,465962,463962:465962,,,,,
8,1,1008992,0.000581274,Domesticated,2,1007992,1009992,1007992:1009992,Ch8.1results2,,,,
8,1,1008992,0.000403088,Wild,2,1007992,1009992,1007992:1009992,,,,,
8,1,1010034,0.000782182,Domesticated,2,1009034,1011034,1009034:1011034,Ch8.1results3,,,,
8,1,1010034,0.000508139,Wild,2,1009034,1011034,1009034:1011034,,,,,
8,2,3775,0.000563568,Domesticated,2,2775,4775,2775:4775,Ch8.2results1,,,,
8,2,3775,0.000390282,Wild,2,2775,4775,2775:4775,,,,,
8,2,149388,0.000853934,Domesticated,2,148388,150388,148388:150388,Ch8.2results2,,,,
8,2,149388,0.000457711,Wild,2,148388,150388,148388:150388,,,,,
8,2,150297,0.000465718,Domesticated,2,149297,151297,149297:151297,Ch8.2results3,,,,
8,2,150297,0.000508251,Wild,2,149297,151297,149297:151297,,,,,
8,2,151187,0.000473751,Domesticated,2,150187,152187,150187:152187,Ch8.2results4,,,,
8,2,151187,0.000595714,Wild,2,150187,152187,150187:152187,,,,,
8,2,567052,0.000482065,Domesticated,2,566052,568052,566052:568052,Ch8.2results5,,,,
8,2,567052,0.000394054,Wild,2,566052,568052,566052:568052,,,,,
8,2,571715,0.000469572,Domesticated,2,570715,572715,570715:572715,Ch8.2results6,,,,
8,2,571715,0.000484301,Wild,2,570715,572715,570715:572715,,,,,
8,2,572762,0.00046454,Domesticated,2,571762,573762,571762:573762,Ch8.2results7,,,,
8,2,572762,0.000558465,Wild,2,571762,573762,571762:573762,,,,,
8,2,576028,0.000495697,Domesticated,2,575028,577028,575028:577028,Ch8.2results8,,,,
8,2,576028,0.000891344,Wild,2,575028,577028,575028:577028,,,,,
9,1,10525,0.000792413,Domesticated,2,9525,11525,9525:11525,Ch9.1results1,,,,
9,1,10525,0.000402343,Wild,2,9525,11525,9525:11525,,,,,
9,1,32862,0.000634652,Domesticated,2,31862,33862,31862:33862,Ch9.1results2,,,,
9,1,32862,0.001039389,Wild,2,31862,33862,31862:33862,,,,,
9,1,33205,0.000739758,Domesticated,2,32205,34205,32205:34205,Ch9.1results3,,,,
9,1,33205,0.000716812,Wild,2,32205,34205,32205:34205,,,,,
9,1,38580,0.00052586,Domesticated,2,37580,39580,37580:39580,Ch9.1results4,,,,
9,1,38580,0.000667182,Wild,2,37580,39580,37580:39580,,,,,
9,1,46352,0.000671788,Domesticated,2,45352,47352,45352:47352,Ch9.1results5,,,,
9,1,46352,0.000933621,Wild,2,45352,47352,45352:47352,,,,,
9,1,47054,0.000587181,Domesticated,2,46054,48054,46054:48054,Ch9.1results6,,,,
9,1,47054,0.000405677,Wild,2,46054,48054,46054:48054,,,,,
9,1,317414,0.017454133,Domesticated,2,316414,318414,316414:318414,Ch9.1results7,,,,
9,1,317414,0.031060311,Wild,2,316414,318414,316414:318414,,,,,
9,1,1839714,0.000892836,Domesticated,2,1838714,1840714,1838714:1840714,Ch9.1results8,,,,
9,1,1839714,0.000907556,Wild,2,1838714,1840714,1838714:1840714,,,,,
9,1,1839717,0.001517694,Domesticated,2,1838717,1840717,1838717:1840717,Ch9.1results9,,,,
9,1,1839717,0.001513214,Wild,2,1838717,1840717,1838717:1840717,,,,,
9,1,1850834,0.000651668,Domesticated,2,1849834,1851834,1849834:1851834,Ch9.1results10,,,,
9,1,1850834,0.000372861,Wild,2,1849834,1851834,1849834:1851834,,,,,
10,1,11234,0.00050245,Domesticated,2,10234,12234,10234:12234,Ch10.1results1,,,,
10,1,11234,0.000481394,Wild,2,10234,12234,10234:12234,,,,,
10,1,322755,0.000546851,Domesticated,2,321755,323755,321755:323755,Ch10.1results2,,,,
10,1,322755,0.000656141,Wild,2,321755,323755,321755:323755,,,,,
10,1,1206055,0.00060513,Domesticated,2,1205055,1207055,1205055:1207055,Ch10.1results3,,,,
10,1,1206055,0.000811749,Wild,2,1205055,1207055,1205055:1207055,,,,,
10,1,2276588,0.000502413,Domesticated,2,2275588,2277588,2275588:2277588,Ch10.1results4,,,,
10,1,2276588,0.000731216,Wild,2,2275588,2277588,2275588:2277588,,,,,
10,1,2276629,0.001218333,Domesticated,2,2275629,2277629,2275629:2277629,Ch10.1results5,,,,
10,1,2276629,0.000741021,Wild,2,2275629,2277629,2275629:2277629,,,,,
10,1,2276647,0.000559325,Domesticated,2,2275647,2277647,2275647:2277647,Ch10.1results6,,,,
10,1,2276647,0.000830144,Wild,2,2275647,2277647,2275647:2277647,,,,,
10,1,2279844,0.001044627,Domesticated,2,2278844,2280844,2278844:2280844,Ch10.1results7,,,,
10,1,2279844,0.000634055,Wild,2,2278844,2280844,2278844:2280844,,,,,
10,1,2281007,0.000571565,Domesticated,2,2280007,2282007,2280007:2282007,Ch10.1results8,,,,
10,1,2281007,0.001216427,Wild,2,2280007,2282007,2280007:2282007,,,,,
11,0,689709,0.000452546,Domesticated,2,688709,690709,688709:690709,Ch11.0results1,,,,
11,0,689709,0.000755076,Wild,2,688709,690709,688709:690709,,,,,
12,0,42141,0.000460552,Domesticated,2,41141,43141,41141:43141,Ch12.0results1,,,,
12,0,42141,0.000512787,Wild,2,41141,43141,41141:43141,,,,,
12,0,42145,0.000573687,Domesticated,2,41145,43145,41145:43145,Ch12.0results2,,,,
12,0,42145,0.00087874,Wild,2,41145,43145,41145:43145,,,,,
12,0,42840,0.000675994,Domesticated,2,41840,43840,41840:43840,CH12.0results3,,,,
12,0,42840,0.000410053,Wild,2,41840,43840,41840:43840,,,,,
12,0,42902,0.000498118,Domesticated,2,41902,43902,41902:43902,Ch12.0results4,,,,
12,0,42902,0.000573988,Wild,2,41902,43902,41902:43902,,,,,
13,0,777517,0.00069932,Domesticated,2,776517,778517,776517:778517,Ch13.0results1,,,,
13,0,777517,0.000435366,Wild,2,776517,778517,776517:778517,,,,,
13,1,1218,0.000590929,Domesticated,2,218,2218,218:2218,Ch13.1results1,,,,
13,1,1218,0.000478948,Wild,2,218,2218,218:2218,,,,,
13,2,979,0.000556325,Domesticated,2,1,1979,1:1979,Ch13.2results1,,,,
13,2,979,0.000398261,Wild,2,1,1979,1:1979,,,,,
13,2,995,0.000744811,Domesticated,2,1,1995,1:1995,Ch13.2results2,,,,
13,2,995,0.000446786,Wild,2,1,1995,1:1995,,,,,
13,2,17656,0.000747722,Domesticated,2,16656,18656,16656:18656,Ch13.2results3,,,,
13,2,17656,0.000545765,Wild,2,16656,18656,16656:18656,,,,,
14,2,1446,0.000519602,Domesticated,2,446,2446,446:2446,Ch14.2results1,,,,
14,2,1446,0.000418789,Wild,2,446,2446,446:2446,,,,,
14,2,48801,0.000727204,Domesticated,2,47801,49801,47801:49801,Ch14.2results2,,,,
14,2,48801,0.000403445,Wild,2,47801,49801,47801:49801,,,,,
15,1,277081,0.000642292,Domesticated,2,276081,278081,276081:278081,Ch15.1results1,,,,
15,1,277081,0.000725576,Wild,2,276081,278081,276081:278081,,,,,
15,3,4586,0.000573892,Domesticated,2,3586,5586,3586:5586,Ch15.3results1,,,,
15,3,4586,0.000414153,Wild,2,3586,5586,3586:5586,,,,,
16,1,892155,0.000646371,Domesticated,2,891155,893155,891155:893155,Ch16.1results1,,,,
16,1,892155,0.000634316,Wild,2,891155,893155,891155:893155,,,,,
16,3,81601,0.015434607,Domesticated,2,80601,82601,80601:82601,Ch16.3results2,,,,
16,3,81601,0.029929478,Wild,2,80601,82601,80601:82601,,,,,
16,3,424684,0.000693278,Domesticated,2,423684,425684,423684:425684,Ch16.3results3,,,,
16,3,424684,0.000416216,Wild,2,423684,425684,423684:425684,,,,,
16,5,96123,0.000549267,Domesticated,2,95123,97123,95123:97123,Ch16.5results1,,,,
16,5,96123,0.000441952,Wild,2,95123,97123,95123:97123,,,,,
16,7,161528,0.000525654,Domesticated,2,160528,162528,160528:162528,Ch16.7results1,,,,
16,7,161528,0.000563895,Wild,2,160528,162528,160528:162528,,,,,
16,7,161534,0.000797324,Domesticated,2,160534,162534,160534:162534,Ch16.7results2,,,,
16,7,161534,0.000620742,Wild,2,160534,162534,160534:162534,,,,,
16,7,161588,0.000947914,Domesticated,2,160588,162588,160588:162588,Ch16.7results3,,,,
16,7,161588,0.000495308,Wild,2,160588,162588,160588:162588,,,,,
16,7,162032,0.001371773,Domesticated,2,161032,163032,161032:163032,Ch16.7results4,,,,
16,7,162032,0.00077169,Wild,2,161032,163032,161032:163032,,,,,
16,10,2868,0.000773591,Domesticated,2,1868,3868,1868:3868,,,,,
16,10,2868,0.000407565,Wild,2,1868,3868,1868:3868,,,,,
16,11,778802,0.000535303,Domesticated,2,777802,779802,777802:779802,,,,,
16,11,778802,0.000601671,Wild,2,777802,779802,777802:779802,,,,,
16,11,778842,0.000517761,Domesticated,2,777842,779842,777842:779842,,,,,
16,11,778842,0.000659144,Wild,2,777842,779842,777842:779842,,,,,
5,1,1690860,0.039350057,DmWoD,1,1689860,1691860,1689860:1691860,Ch5.1rb1,,,,
3,0,40423,0.036419783,DmWoD,1,39423,41423,39423:41423,Ch3.0rb1,none,,,
6,0,1654738,0.033494003,DmWoD,1,1653738,1655738,1653738:1655738,Ch6.0rb1,,,,
10,1,353268,0.023853446,DmWoD,1,352268,354268,352268:354268,Ch10.1rb1,,,,
3,0,41828,0.021251523,DmWoD,1,40828,42828,40828:42828,Ch3.0rb2,none,,,
1,0,3212245,0.019498522,DmWoD,1,3211245,3213245,3211245:3213245,Ch1.0rb1,none,,,
5,1,1690701,0.013914231,DmWoD,1,1689701,1691701,1689701:1691701,Ch5.1rb2,,,,
3,0,40468,0.010982355,DmWoD,1,39468,41468,39468:41468,Ch3.0rb3,none,,,
3,0,40427,0.007054927,DmWoD,1,39427,41427,39427:41427,Ch3.0rb4,none,,,
5,0,563590,0.00137935,Wild,1,,,,,,,,
14,2,49962,0.001314179,DmWoD,1,,,,,,,,
5,0,2394595,0.001192546,Wild,1,,,,,,,,
1,0,2582806,0.001178331,DmWoD,1,,,,,,,,
16,10,2872,0.001092365,Domesticated,1,,,,,,,,
10,1,2276637,0.00106363,Wild,1,,,,,,,,
14,2,49925,0.000923298,DmWoD,1,,,,,,,,
2,2,625488,0.000886666,Wild,1,,,,,,,,
2,0,850596,0.00083449,DmWoD,1,,,,,,,,
10,0,37205,0.000813451,DmWoD,1,,,,,,,,
5,0,2402170,0.000797674,DmWoD,1,,,,,,,,
13,2,8203,0.000792822,DmWoD,1,,,,,,,,
6,0,953399,0.000789544,Domesticated,1,,,,,,,,
10,1,23119,0.000774547,Wild,1,,,,,,,,
9,1,3297,0.000772898,DmWoD,1,,,,,,,,
5,1,2214719,0.000763599,Wild,1,,,,,,,,
14,2,5725,0.000746907,DmWoD,1,,,,,,,,
2,0,850591,0.000745901,DmWoD,1,,,,,,,,
1,0,2576640,0.000731312,Wild,1,,,,,,,,
1,0,2579272,0.000729073,Wild,1,,,,,,,,
10,1,322757,0.000726058,Wild,1,,,,,,,,
2,0,850597,0.00072123,DmWoD,1,,,,,,,,
16,7,125480,0.000720043,DmWoD,1,,,,,,,,
14,2,49969,0.000719443,Domesticated,1,,,,,,,,
1,0,2580117,0.000716612,Wild,1,,,,,,,,
9,1,3244,0.000714506,DmWoD,1,,,,,,,,
15,1,275244,0.000710697,Domesticated,1,,,,,,,,
12,0,42839,0.000707089,Domesticated,1,,,,,,,,
5,0,563590,0.000699251,Domesticated,1,,,,,,,,
9,1,43393,0.000682213,Wild,1,,,,,,,,
1,0,2582254,0.000679925,DmWoD,1,,,,,,,,
9,1,1839731,0.000667971,Wild,1,,,,,,,,
9,1,3253,0.000666179,DmWoD,1,,,,,,,,
2,0,850614,0.000663589,DmWoD,1,,,,,,,,
2,0,858291,0.000660556,DmWoD,1,,,,,,,,
16,5,98404,0.000653319,Domesticated,1,,,,,,,,
9,1,1873907,0.000650267,DmWoD,1,,,,,,,,
5,1,53516,0.000649917,DmWoD,1,,,,,,,,
8,2,565823,0.000648265,DmWoD,1,,,,,,,,
2,2,625487,0.00064773,Wild,1,,,,,,,,
14,2,1408,0.000646477,Domesticated,1,,,,,,,,
16,0,185286,0.000646415,DmWoD,1,,,,,,,,
1,0,2573566,0.000644829,Domesticated,1,,,,,,,,
9,1,1845709,0.000642437,Domesticated,1,,,,,,,,
8,1,1009164,0.000642257,DmWoD,1,,,,,,,,
2,0,850607,0.000641255,DmWoD,1,,,,,,,,
15,3,30449,0.000640347,Domesticated,1,,,,,,,,
13,0,777577,0.000637279,Domesticated,1,,,,,,,,
5,1,73412,0.000634057,Domesticated,1,,,,,,,,
2,4,1916,0.00063261,Wild,1,,,,,,,,
10,1,1367380,0.000631804,Domesticated,1,,,,,,,,
16,7,125259,0.000629642,DmWoD,1,,,,,,,,
9,1,43386,0.000622598,Wild,1,,,,,,,,
5,1,2208959,0.00062201,DmWoD,1,,,,,,,,
14,2,48002,0.000621996,DmWoD,1,,,,,,,,
10,1,11484,0.000621464,DmWoD,1,,,,,,,,
13,0,22641,0.000621273,Wild,1,,,,,,,,
13,2,17764,0.000621083,Wild,1,,,,,,,,
8,2,573509,0.000618968,DmWoD,1,,,,,,,,
16,7,156764,0.000615852,DmWoD,1,,,,,,,,
13,2,17757,0.000614764,Domesticated,1,,,,,,,,
2,0,858471,0.000613984,Domesticated,1,,,,,,,,
5,1,73408,0.000612527,Domesticated,1,,,,,,,,
9,1,961,0.000611891,Wild,1,,,,,,,,
8,1,1008988,0.000611551,Domesticated,1,,,,,,,,
16,2,132955,0.000604614,Wild,1,,,,,,,,
2,4,3718,0.00060424,Wild,1,,,,,,,,
13,1,569,0.000597723,Domesticated,1,,,,,,,,
8,0,11440,0.000595056,DmWoD,1,,,,,,,,
9,1,311,0.000593506,Wild,1,,,,,,,,
8,2,151932,0.000593058,DmWoD,1,,,,,,,,
2,4,882,0.000592867,Domesticated,1,,,,,,,,
16,7,162062,0.000589667,DmWoD,1,,,,,,,,
9,1,35590,0.000589464,Domesticated,1,,,,,,,,
16,10,271,0.000588398,Domesticated,1,,,,,,,,
2,3,191791,0.00058707,Domesticated,1,,,,,,,,
13,2,1636,0.000586183,Wild,1,,,,,,,,
2,4,2096,0.000585117,Wild,1,,,,,,,,
8,2,156281,0.000585002,Domesticated,1,,,,,,,,
6,0,146322,0.000584928,Domesticated,1,,,,,,,,
8,1,1009874,0.000583881,Domesticated,1,,,,,,,,
6,0,39979,0.000583133,Wild,1,,,,,,,,
9,1,1839200,0.000582765,Wild,1,,,,,,,,
9,1,10307,0.000582537,Domesticated,1,,,,,,,,
15,3,19277,0.000582197,Wild,1,,,,,,,,
10,1,350913,0.000582116,Wild,1,,,,,,,,
9,1,6155,0.000579659,Domesticated,1,,,,,,,,
14,2,3106,0.000577969,Domesticated,1,,,,,,,,
2,0,859212,0.000576708,DmWoD,1,,,,,,,,
14,2,47054,0.000576295,Wild,1,,,,,,,,
14,1,3879,0.000575618,Wild,1,,,,,,,,
14,2,2643,0.000574895,Wild,1,,,,,,,,
16,1,863949,0.000574373,Domesticated,1,,,,,,,,
16,7,159872,0.000572509,Domesticated,1,,,,,,,,
4,1,1407,0.000571461,Domesticated,1,,,,,,,,
9,1,5747,0.000566541,Wild,1,,,,,,,,
14,0,243102,0.000566512,Domesticated,1,,,,,,,,
10,1,12207,0.000565637,DmWoD,1,,,,,,,,
2,4,3684,0.000563802,Wild,1,,,,,,,,
13,0,767967,0.000563635,Wild,1,,,,,,,,
14,2,2422,0.000561802,Wild,1,,,,,,,,
2,4,3354,0.000558874,Wild,1,,,,,,,,
8,2,182174,0.000555261,Wild,1,,,,,,,,
16,7,19308,0.000552654,Wild,1,,,,,,,,
1,0,2577319,0.00055256,DmWoD,1,,,,,,,,
8,1,998740,0.000552448,DmWoD,1,,,,,,,,
13,2,11082,0.000552031,DmWoD,1,,,,,,,,
8,1,95533,0.00054997,DmWoD,1,,,,,,,,
16,7,158831,0.000549623,Wild,1,,,,,,,,
13,0,786668,0.000549001,Domesticated,1,,,,,,,,
16,1,358809,0.000548569,Domesticated,1,,,,,,,,
2,4,536,0.000548561,Domesticated,1,,,,,,,,
8,2,572713,0.000548361,Wild,1,,,,,,,,
1,1,1792,0.000548316,DmWoD,1,,,,,,,,
13,2,3667,0.000546233,DmWoD,1,,,,,,,,
1,0,3194535,0.000545074,DmWoD,1,,,,,,,,
7,0,834278,0.000543753,Wild,1,,,,,,,,
9,1,3291,0.000543257,DmWoD,1,,,,,,,,
14,1,3685,0.000542339,Wild,1,,,,,,,,
10,1,1367895,0.000541731,Wild,1,,,,,,,,
5,1,2214749,0.000541214,Wild,1,,,,,,,,
4,0,84982,0.000541116,DmWoD,1,,,,,,,,
16,1,892767,0.000539623,DmWoD,1,,,,,,,,
10,1,1363015,0.000536576,Wild,1,,,,,,,,
8,2,223683,0.000535921,DmWoD,1,,,,,,,,
13,2,16992,0.000535898,Wild,1,,,,,,,,
16,1,863761,0.000535881,Domesticated,1,,,,,,,,
10,1,2276258,0.000535228,Domesticated,1,,,,,,,,
9,1,6285,0.000535188,Wild,1,,,,,,,,
3,1,102182,0.000534738,Domesticated,1,,,,,,,,
16,0,148306,0.000533078,Wild,1,,,,,,,,
10,1,350818,0.000532694,Wild,1,,,,,,,,
8,0,8034,0.000532023,Domesticated,1,,,,,,,,
10,1,2036282,0.00052919,Domesticated,1,,,,,,,,
16,7,125227,0.000527156,DmWoD,1,,,,,,,,
6,0,1490955,0.000526809,DmWoD,1,,,,,,,,
8,1,96438,0.000525113,DmWoD,1,,,,,,,,
1,0,2576630,0.000524685,Domesticated,1,,,,,,,,
14,2,49956,0.000524445,Domesticated,1,,,,,,,,
5,0,566074,0.000523415,Wild,1,,,,,,,,
1,0,3195278,0.000522615,Domesticated,1,,,,,,,,
16,3,108620,0.000521558,DmWoD,1,,,,,,,,
15,1,275289,0.00052129,Domesticated,1,,,,,,,,
16,10,4238,0.000520786,Wild,1,,,,,,,,
1,0,2585544,0.000519767,Wild,1,,,,,,,,
8,2,576112,0.000517112,Domesticated,1,,,,,,,,
2,4,421,0.000516475,Wild,1,,,,,,,,
5,1,2210818,0.000515567,Domesticated,1,,,,,,,,
15,3,19742,0.000515291,Domesticated,1,,,,,,,,
9,1,3250,0.000513404,DmWoD,1,,,,,,,,
2,2,624987,0.000513012,Domesticated,1,,,,,,,,
9,1,3260,0.000511984,DmWoD,1,,,,,,,,
2,2,625576,0.000510363,Domesticated,1,,,,,,,,
13,0,765677,0.000509834,DmWoD,1,,,,,,,,
2,1,408752,0.000509357,Wild,1,,,,,,,,
8,0,15139,0.000508736,DmWoD,1,,,,,,,,
12,0,11808,0.000508596,Domesticated,1,,,,,,,,
9,1,386683,0.000503355,Domesticated,1,,,,,,,,
16,8,134747,0.000503266,Wild,1,,,,,,,,
10,1,2278991,0.000503098,DmWoD,1,,,,,,,,
9,1,26100,0.000503066,Domesticated,1,,,,,,,,
1,0,2577072,0.00050154,DmWoD,1,,,,,,,,
4,1,488,0.000499425,DmWoD,1,,,,,,,,
2,0,267,0.000498146,Domesticated,1,,,,,,,,
2,4,235575,0.000496847,Domesticated,1,,,,,,,,
10,0,69775,0.000495738,DmWoD,1,,,,,,,,
1,0,2574157,0.00049549,DmWoD,1,,,,,,,,
10,1,9814,0.000494144,Wild,1,,,,,,,,
16,5,98911,0.000493464,Wild,1,,,,,,,,
8,2,576115,0.000491982,DmWoD,1,,,,,,,,
10,1,10627,0.000491923,DmWoD,1,,,,,,,,
16,9,104218,0.000491127,DmWoD,1,,,,,,,,
5,1,53948,0.000489967,Wild,1,,,,,,,,
13,0,768656,0.000488655,DmWoD,1,,,,,,,,
5,1,2207392,0.000488585,DmWoD,1,,,,,,,,
8,2,223720,0.000488123,DmWoD,1,,,,,,,,
5,0,2399715,0.000487803,Wild,1,,,,,,,,
8,2,222970,0.000487411,Domesticated,1,,,,,,,,
13,2,8205,0.000486419,DmWoD,1,,,,,,,,
10,1,2282349,0.000486376,Wild,1,,,,,,,,
6,0,49342,0.000486111,Wild,1,,,,,,,,
1,0,2574117,0.000485444,DmWoD,1,,,,,,,,
15,1,277770,0.00048172,Wild,1,,,,,,,,
2,4,2254,0.000480334,Domesticated,1,,,,,,,,
5,1,55610,0.000479512,DmWoD,1,,,,,,,,
15,1,126163,0.000478972,Wild,1,,,,,,,,
6,3,3264,0.000478068,DmWoD,1,,,,,,,,
16,8,135262,0.000477286,Domesticated,1,,,,,,,,
8,0,8473,0.000477237,Domesticated,1,,,,,,,,
1,0,203140,0.000477144,Wild,1,,,,,,,,
2,2,1976,0.000476719,DmWoD,1,,,,,,,,
13,0,787044,0.000476437,Domesticated,1,,,,,,,,
5,0,180383,0.000476019,Domesticated,1,,,,,,,,
1,0,1862301,0.000475184,DmWoD,1,,,,,,,,
13,0,20445,0.000474503,DmWoD,1,,,,,,,,
16,0,1549830,0.000470957,Wild,1,,,,,,,,
8,1,460888,0.000470566,DmWoD,1,,,,,,,,
10,1,2035430,0.00046916,Domesticated,1,,,,,,,,
16,1,892539,0.000468646,Domesticated,1,,,,,,,,
8,0,8510,0.000467257,Domesticated,1,,,,,,,,
5,0,2399195,0.000467023,Wild,1,,,,,,,,
8,2,146245,0.000465903,Domesticated,1,,,,,,,,
16,1,3092,0.000465097,DmWoD,1,,,,,,,,
15,1,275162,0.000464896,Wild,1,,,,,,,,
9,1,43391,0.000464538,Wild,1,,,,,,,,
1,0,3194479,0.000462975,DmWoD,1,,,,,,,,
2,0,858481,0.000462358,Wild,1,,,,,,,,
1,0,203120,0.000461988,Domesticated,1,,,,,,,,
9,1,2076135,0.00046197,Wild,1,,,,,,,,
1,0,3213426,0.0004612,Wild,1,,,,,,,,
10,1,322763,0.000460849,Wild,1,,,,,,,,
9,1,1874183,0.000460269,Domesticated,1,,,,,,,,
5,1,51237,0.000460129,DmWoD,1,,,,,,,,
2,0,861959,0.000459921,DmWoD,1,,,,,,,,
5,1,1220,0.000459885,Domesticated,1,,,,,,,,
2,3,186242,0.000459528,DmWoD,1,,,,,,,,
13,1,1216,0.0004589,Domesticated,1,,,,,,,,
14,2,3280,0.000457974,Wild,1,,,,,,,,
2,4,704740,0.000457909,Domesticated,1,,,,,,,,
5,0,567991,0.000456614,Wild,1,,,,,,,,
1,0,203073,0.000456592,Domesticated,1,,,,,,,,
10,1,10725,0.00045637,Domesticated,1,,,,,,,,
2,0,860978,0.00045621,Domesticated,1,,,,,,,,
12,0,269554,0.000455912,Wild,1,,,,,,,,
8,2,572543,0.000455667,DmWoD,1,,,,,,,,
16,1,892632,0.000455438,DmWoD,1,,,,,,,,
2,0,1092534,0.00045482,Domesticated,1,,,,,,,,
1,0,2576581,0.000454737,Wild,1,,,,,,,,
5,0,2392514,0.000454092,DmWoD,1,,,,,,,,
16,7,161560,0.00045347,Domesticated,1,,,,,,,,
2,0,1093370,0.000452322,Wild,1,,,,,,,,
1,0,3195233,0.00045198,Domesticated,1,,,,,,,,
10,1,2279289,0.00045105,Domesticated,1,,,,,,,,
13,2,11570,0.000451046,Wild,1,,,,,,,,
16,10,3577,0.000450721,DmWoD,1,,,,,,,,
16,7,159877,0.000450344,Wild,1,,,,,,,,
15,3,19275,0.000448314,Wild,1,,,,,,,,
16,10,3376,0.000446466,DmWoD,1,,,,,,,,
1,0,3195950,0.000446266,Wild,1,,,,,,,,
5,1,2208967,0.000445564,DmWoD,1,,,,,,,,
2,4,3689,0.000444882,Wild,1,,,,,,,,
1,1,140869,0.000444555,Wild,1,,,,,,,,
8,1,1009613,0.000443515,DmWoD,1,,,,,,,,
6,3,980,0.000442172,Wild,1,,,,,,,,
16,1,25287,0.000441573,Wild,1,,,,,,,,
9,1,685,0.000441466,DmWoD,1,,,,,,,,
2,4,449,0.000441084,Wild,1,,,,,,,,
13,2,17630,0.000440553,Wild,1,,,,,,,,
6,0,72992,0.000440101,Wild,1,,,,,,,,
14,2,50023,0.000438264,DmWoD,1,,,,,,,,
16,10,57212,0.000438246,Wild,1,,,,,,,,
8,2,151571,0.000438181,Wild,1,,,,,,,,
1,0,2573905,0.000435673,Wild,1,,,,,,,,
14,2,1392,0.000435045,Wild,1,,,,,,,,
14,2,134,0.000434632,Wild,1,,,,,,,,
16,7,156751,0.000434417,DmWoD,1,,,,,,,,
16,1,863775,0.000433865,Wild,1,,,,,,,,
10,1,2259650,0.000433469,Wild,1,,,,,,,,
2,4,3699,0.000431393,Wild,1,,,,,,,,
12,0,42742,0.000426646,Wild,1,,,,,,,,
16,5,96554,0.000426469,DmWoD,1,,,,,,,,
10,1,2280193,0.000425829,Wild,1,,,,,,,,
1,0,2574134,0.000425633,DmWoD,1,,,,,,,,
8,2,223663,0.000425152,DmWoD,1,,,,,,,,
16,11,920405,0.000424657,DmWoD,1,,,,,,,,
5,1,2207492,0.000424405,DmWoD,1,,,,,,,,
2,4,3208,0.000423847,Wild,1,,,,,,,,
2,4,886,0.000422189,Wild,1,,,,,,,,
4,1,27414,0.000422098,Wild,1,,,,,,,,
1,0,2583227,0.000419563,DmWoD,1,,,,,,,,
12,0,42839,0.000419001,Wild,1,,,,,,,,
14,2,49963,0.000418261,DmWoD,1,,,,,,,,
14,2,47270,0.00041825,Wild,1,,,,,,,,
14,2,2684,0.00041802,DmWoD,1,,,,,,,,
13,0,20529,0.000416452,DmWoD,1,,,,,,,,
14,1,2189,0.000415979,DmWoD,1,,,,,,,,
1,0,3194949,0.000415858,Wild,1,,,,,,,,
16,9,4040,0.000414575,DmWoD,1,,,,,,,,
9,1,3248,0.000414541,DmWoD,1,,,,,,,,
2,0,850776,0.000412945,DmWoD,1,,,,,,,,
1,0,202983,0.000411042,Wild,1,,,,,,,,
16,7,118650,0.000410682,DmWoD,1,,,,,,,,
6,0,13932,0.000409389,Wild,1,,,,,,,,
5,1,1706239,0.000408983,DmWoD,1,,,,,,,,
9,1,541,0.0004089,Wild,1,,,,,,,,
9,1,1839725,0.00040789,Wild,1,,,,,,,,
15,4,536130,0.000406768,Wild,1,,,,,,,,
2,2,625506,0.000405563,Wild,1,,,,,,,,
2,2,634960,0.000405017,DmWoD,1,,,,,,,,
6,1,12782,0.000404765,Wild,1,,,,,,,,
8,2,576965,0.000404027,Wild,1,,,,,,,,
1,0,2582160,0.000403758,DmWoD,1,,,,,,,,
14,2,4304,0.000403624,DmWoD,1,,,,,,,,
2,4,1508,0.000403542,Wild,1,,,,,,,,
1,0,1872836,0.000402561,Wild,1,,,,,,,,
1,0,1872846,0.000402561,Wild,1,,,,,,,,
1,0,1872851,0.000402561,Wild,1,,,,,,,,
14,2,49880,0.000402317,Wild,1,,,,,,,,
15,2,934,0.000401906,Wild,1,,,,,,,,
2,0,857876,0.000401489,Wild,1,,,,,,,,
9,1,5819,0.000400145,Wild,1,,,,,,,,
10,1,1367166,0.000399725,Wild,1,,,,,,,,
2,0,853566,0.000397222,Wild,1,,,,,,,,
16,7,125479,0.000396701,DmWoD,1,,,,,,,,
16,7,15178,0.000396159,DmWoD,1,,,,,,,,
8,2,149978,0.000395993,DmWoD,1,,,,,,,,
8,1,1003168,0.000395489,Wild,1,,,,,,,,
16,10,271,0.000395056,DmWoD,1,,,,,,,,
15,1,277630,0.000393784,DmWoD,1,,,,,,,,
2,0,1092490,0.000392591,Wild,1,,,,,,,,
16,1,25767,0.000391995,Wild,1,,,,,,,,
2,0,1818,0.000391873,Wild,1,,,,,,,,
16,7,158260,0.000391631,Wild,1,,,,,,,,
16,5,100116,0.000391368,Wild,1,,,,,,,,
14,2,3288,0.000390257,Wild,1,,,,,,,,
10,1,2280200,0.000388577,Wild,1,,,,,,,,
2,0,856906,0.000388527,DmWoD,1,,,,,,,,
7,2,339149,0.000388392,Wild,1,,,,,,,,
1,0,2574135,0.000386486,DmWoD,1,,,,,,,,
8,0,17847,0.000385147,DmWoD,1,,,,,,,,
10,1,2280757,0.000384826,Wild,1,,,,,,,,
9,1,46364,0.000383868,Wild,1,,,,,,,,
2,4,627254,0.000383853,DmWoD,1,,,,,,,,
8,0,5042,0.000383601,DmWoD,1,,,,,,,,
10,1,1362074,0.000383486,DmWoD,1,,,,,,,,
13,0,766584,0.000382737,Wild,1,,,,,,,,
6,0,38936,0.000381662,Wild,1,,,,,,,,
8,1,999667,0.000381347,Wild,1,,,,,,,,
14,0,622966,0.000379628,Wild,1,,,,,,,,
1,0,2584046,0.000379514,Wild,1,,,,,,,,
10,1,2276611,0.00037919,Wild,1,,,,,,,,
14,2,47740,0.000379067,Wild,1,,,,,,,,
13,0,765656,0.000377191,DmWoD,1,,,,,,,,
9,1,528,0.000376411,DmWoD,1,,,,,,,,
10,1,12612,0.000376092,DmWoD,1,,,,,,,,
9,1,50894,0.000375912,Wild,1,,,,,,,,
16,5,96599,0.000375679,DmWoD,1,,,,,,,,
10,1,1366774,0.000375272,Wild,1,,,,,,,,
16,7,159630,0.00037406,DmWoD,1,,,,,,,,
1,0,202952,0.000373844,Wild,1,,,,,,,,
7,0,945,0.000373431,DmWoD,1,,,,,,,,
1,0,202962,0.000373319,Wild,1,,,,,,,,
1,0,204261,0.000373208,Wild,1,,,,,,,,
2,0,23,0.000373083,Wild,1,,,,,,,,
16,7,125469,0.000372927,DmWoD,1,,,,,,,,
8,1,1004305,0.000372343,Wild,1,,,,,,,,
2,0,858472,0.000372163,Wild,1,,,,,,,,
5,0,2331516,0.000371838,DmWoD,1,,,,,,,,
16,7,32313,0.00037176,DmWoD,1,,,,,,,,
5,1,55606,0.000368616,DmWoD,1,,,,,,,,
10,1,10928,0.00036823,DmWoD,1,,,,,,,,
16,7,126738,0.00036782,DmWoD,1,,,,,,,,
10,1,12306,0.000366601,DmWoD,1,,,,,,,,
16,2,3660,0.0003654,DmWoD,1,,,,,,,,
5,0,2084402,0.000363059,DmWoD,1,,,,,,,,
10,1,11087,0.000362494,DmWoD,1,,,,,,,,
9,1,1617586,0.000361835,DmWoD,1,,,,,,,,
13,0,765691,0.000360131,DmWoD,1,,,,,,,,
13,0,765658,0.000359614,DmWoD,1,,,,,,,,
8,0,11436,0.000359574,DmWoD,1,,,,,,,,
9,1,2067525,0.00035941,DmWoD,1,,,,,,,,
6,0,1490473,0.000359034,DmWoD,1,,,,,,,,
15,3,29232,0.000358502,DmWoD,1,,,,,,,,
1,0,2583234,0.000356845,DmWoD,1,,,,,,,,
9,1,42366,0.000355177,DmWoD,1,,,,,,,,
8,1,95519,0.000355077,DmWoD,1,,,,,,,,
15,1,274461,0.000354507,DmWoD,1,,,,,,,,
2,3,17755,0.000353155,DmWoD,1,,,,,,,,
2,3,4115,0.000353049,DmWoD,1,,,,,,,,
8,1,1009834,0.000351777,DmWoD,1,,,,,,,,
1,0,2583269,0.000351638,DmWoD,1,,,,,,,,
8,2,151916,0.000351416,DmWoD,1,,,,,,,,
16,5,97351,0.000350849,DmWoD,1,,,,,,,,
16,1,892627,0.000349656,DmWoD,1,,,,,,,,
15,3,31422,0.000349136,DmWoD,1,,,,,,,,
8,2,576130,0.000348772,DmWoD,1,,,,,,,,
16,7,125204,0.000348516,DmWoD,1,,,,,,,,
9,1,3267,0.000348302,DmWoD,1,,,,,,,,
14,1,1172119,0.000348058,DmWoD,1,,,,,,,,
8,1,95539,0.000347513,DmWoD,1,,,,,,,,
2,2,634915,0.000346729,DmWoD,1,,,,,,,,
10,1,2278899,0.000343597,DmWoD,1,,,,,,,,
5,0,2419093,0.000342162,DmWoD,1,,,,,,,,
2,2,626055,0.000342072,DmWoD,1,,,,,,,,
5,0,2402182,0.00034029,DmWoD,1,,,,,,,,
2,0,859213,0.000339711,DmWoD,1,,,,,,,,
9,1,10356,0.000339253,DmWoD,1,,,,,,,,
10,0,37193,0.000338936,DmWoD,1,,,,,,,,
6,0,974814,0.000338053,DmWoD,1,,,,,,,,
16,7,162081,0.000336824,DmWoD,1,,,,,,,,
5,1,2214620,0.000335943,DmWoD,1,,,,,,,,
10,1,11450,0.00033524,DmWoD,1,,,,,,,,
2,2,1979,0.000334554,DmWoD,1,,,,,,,,
16,3,45122,0.000333669,DmWoD,1,,,,,,,,
13,0,754545,0.000333553,DmWoD,1,,,,,,,,
9,1,17,0.000332682,DmWoD,1,,,,,,,,
10,1,10477,0.00033184,DmWoD,1,,,,,,,,
16,7,125235,0.000331632,DmWoD,1,,,,,,,,
14,2,48005,0.00033142,DmWoD,1,,,,,,,,
15,4,20452,0.000329441,DmWoD,1,,,,,,,,
16,7,126348,0.000328803,DmWoD,1,,,,,,,,
13,2,10813,0.000328191,DmWoD,1,,,,,,,,
2,4,706590,0.000326161,DmWoD,1,,,,,,,,
14,2,4448,0.000325664,DmWoD,1,,,,,,,,
8,2,566138,0.000323532,DmWoD,1,,,,,,,,
15,1,277624,0.000323433,DmWoD,1,,,,,,,,
14,2,618,0.000322956,DmWoD,1,,,,,,,,
16,10,1526,0.00032285,DmWoD,1,,,,,,,,
10,1,2038104,0.000321554,DmWoD,1,,,,,,,,
5,1,53483,0.000320896,DmWoD,1,,,,,,,,
5,1,53487,0.000320896,DmWoD,1,,,,,,,,
12,0,457256,0.000320313,DmWoD,1,,,,,,,,
6,2,1148,0.000319819,DmWoD,1,,,,,,,,
15,3,20012,0.000319673,DmWoD,1,,,,,,,,
8,2,577102,0.000318428,DmWoD,1,,,,,,,,
8,1,97917,0.000317645,DmWoD,1,,,,,,,,
16,3,147486,0.000317235,DmWoD,1,,,,,,,,
10,1,1363353,0.000316494,DmWoD,1,,,,,,,,
16,10,1022,0.00031506,DmWoD,1,,,,,,,,
4,1,4270,0.000314749,DmWoD,1,,,,,,,,
10,1,10997,0.000313907,DmWoD,1,,,,,,,,
16,1,358915,0.000313798,DmWoD,1,,,,,,,,
13,0,21351,0.000313778,DmWoD,1,,,,,,,,
8,2,231021,0.000313346,DmWoD,1,,,,,,,,
16,3,192,0.000312535,DmWoD,1,,,,,,,,
8,2,150027,0.000311961,DmWoD,1,,,,,,,,
8,1,998695,0.000311492,DmWoD,1,,,,,,,,
8,0,17501,0.000311237,DmWoD,1,,,,,,,,
8,1,96368,0.000310972,DmWoD,1,,,,,,,,
4,0,363383,0.000310967,DmWoD,1,,,,,,,,
16,1,892603,0.000310729,DmWoD,1,,,,,,,,
4,1,4279,0.000310513,DmWoD,1,,,,,,,,
6,0,1490476,0.00031043,DmWoD,1,,,,,,,,
10,1,12636,0.000310332,DmWoD,1,,,,,,,,
10,1,1361365,0.000310022,DmWoD,1,,,,,,,,
2,0,859167,0.000309261,DmWoD,1,,,,,,,,
14,2,96,0.000308844,DmWoD,1,,,,,,,,
4,1,490,0.000308648,DmWoD,1,,,,,,,,
8,1,1006045,0.000308143,DmWoD,1,,,,,,,,
16,5,94448,0.000308111,DmWoD,1,,,,,,,,
16,1,896196,0.000307872,DmWoD,1,,,,,,,,
12,0,807750,0.000307013,DmWoD,1,,,,,,,,
9,1,3201,0.000306976,DmWoD,1,,,,,,,,
8,2,152062,0.000306965,DmWoD,1,,,,,,,,
2,3,16362,0.000306328,DmWoD,1,,,,,,,,
2,0,859163,0.000305849,DmWoD,1,,,,,,,,
13,2,17781,0.000305735,DmWoD,1,,,,,,,,
5,1,2208965,0.000305563,DmWoD,1,,,,,,,,
5,1,2208973,0.000305193,DmWoD,1,,,,,,,,
1,0,2577279,0.000304513,DmWoD,1,,,,,,,,
2,0,857220,0.000304348,DmWoD,1,,,,,,,,
10,0,37188,0.000304335,DmWoD,1,,,,,,,,
10,1,14315,0.000303473,DmWoD,1,,,,,,,,
16,7,126355,0.000303296,DmWoD,1,,,,,,,,
8,2,576367,0.000302603,DmWoD,1,,,,,,,,
13,0,18956,0.000302562,DmWoD,1,,,,,,,,
14,2,3587,0.000302082,DmWoD,1,,,,,,,,
2,2,635234,0.000301592,DmWoD,1,,,,,,,,
6,0,34327,0.000301406,DmWoD,1,,,,,,,,
10,1,2037704,0.000300953,DmWoD,1,,,,,,,,
5,1,2213712,0.000300814,DmWoD,1,,,,,,,,
14,1,2110,0.000300806,DmWoD,1,,,,,,,,
14,1,2831,0.000300351,DmWoD,1,,,,,,,,
16,10,1580,0.000299952,DmWoD,1,,,,,,,,
16,7,126713,0.000298583,DmWoD,1,,,,,,,,
16,1,41891,0.000298022,DmWoD,1,,,,,,,,
15,1,1603,0.000297757,DmWoD,1,,,,,,,,
8,2,182461,0.000297126,DmWoD,1,,,,,,,,
5,1,2207487,0.000296971,DmWoD,1,,,,,,,,
9,1,42046,0.000296716,DmWoD,1,,,,,,,,
12,1,579017,0.000296692,DmWoD,1,,,,,,,,
13,0,19502,0.000296,DmWoD,1,,,,,,,,
5,1,752200,0.000295988,DmWoD,1,,,,,,,,
6,0,1491480,0.000295668,DmWoD,1,,,,,,,,
15,1,274942,0.000295281,DmWoD,1,,,,,,,,
6,1,11588,0.000295237,DmWoD,1,,,,,,,,
14,2,639,0.000294882,DmWoD,1,,,,,,,,
8,2,236067,0.000293006,DmWoD,1,,,,,,,,
13,0,766467,0.000292734,DmWoD,1,,,,,,,,
5,1,2213986,0.000292154,DmWoD,1,,,,,,,,
16,11,5536,0.000290796,DmWoD,1,,,,,,,,
16,7,126731,0.000290548,DmWoD,1,,,,,,,,
16,7,162149,0.000289665,DmWoD,1,,,,,,,,
11,0,546346,0.0002891,DmWoD,1,,,,,,,,
10,1,2276544,0.00028867,DmWoD,1,,,,,,,,
10,1,11418,0.000288135,DmWoD,1,,,,,,,,
2,0,858347,0.000287742,DmWoD,1,,,,,,,,
8,2,223612,0.000287011,DmWoD,1,,,,,,,,
5,1,2212721,0.000286988,DmWoD,1,,,,,,,,
2,0,850660,0.000286975,DmWoD,1,,,,,,,,
7,0,363062,0.000286936,DmWoD,1,,,,,,,,
1,0,2582813,0.000286092,DmWoD,1,,,,,,,,
8,0,18049,0.000286016,DmWoD,1,,,,,,,,
10,1,2282643,0.000285313,DmWoD,1,,,,,,,,
16,7,126338,0.000285037,DmWoD,1,,,,,,,,
8,2,573113,0.000284979,DmWoD,1,,,,,,,,
10,1,2033963,0.000284596,DmWoD,1,,,,,,,,
14,0,238569,0.000283935,DmWoD,1,,,,,,,,
15,1,273975,0.000283313,DmWoD,1,,,,,,,,
2,4,65942,0.000283205,DmWoD,1,,,,,,,,
15,4,18110,0.000282984,DmWoD,1,,,,,,,,
8,2,182403,0.000282851,DmWoD,1,,,,,,,,
2,0,850617,0.000282088,DmWoD,1,,,,,,,,
9,1,47587,0.000281581,DmWoD,1,,,,,,,,
13,0,21320,0.000281316,DmWoD,1,,,,,,,,
8,2,576100,0.000281084,DmWoD,1,,,,,,,,
10,1,2043608,0.000280616,DmWoD,1,,,,,,,,
8,0,17666,0.000280571,DmWoD,1,,,,,,,,
15,3,27358,0.000280156,DmWoD,1,,,,,,,,
2,4,705777,0.000279854,DmWoD,1,,,,,,,,
8,0,17498,0.000279813,DmWoD,1,,,,,,,,
3,2,976644,0.000279115,DmWoD,1,,,,,,,,
13,2,10026,0.000279016,DmWoD,1,,,,,,,,
14,1,2063,0.00027892,DmWoD,1,,,,,,,,
2,1,407724,0.000278836,DmWoD,1,,,,,,,,
1,1,140576,0.00027875,DmWoD,1,,,,,,,,
1,0,2575542,0.000278573,DmWoD,1,,,,,,,,
6,0,37013,0.000278469,DmWoD,1,,,,,,,,
10,1,2276066,0.0002783,DmWoD,1,,,,,,,,
2,4,703944,0.000278297,DmWoD,1,,,,,,,,
9,1,1723748,0.000278256,DmWoD,1,,,,,,,,
8,1,1009123,0.00027797,DmWoD,1,,,,,,,,
16,2,3683,0.000277102,DmWoD,1,,,,,,,,
8,0,11340,0.000276407,DmWoD,1,,,,,,,,
9,1,2005625,0.000276272,DmWoD,1,,,,,,,,
1,0,2583236,0.000275795,DmWoD,1,,,,,,,,
16,10,2836,0.000275474,DmWoD,1,,,,,,,,
10,1,2037720,0.000275425,DmWoD,1,,,,,,,,
9,1,4711,0.000275013,DmWoD,1,,,,,,,,
16,3,107579,0.000274528,DmWoD,1,,,,,,,,
6,3,2815,0.000273777,DmWoD,1,,,,,,,,
16,1,892783,0.000273442,DmWoD,1,,,,,,,,
8,1,97784,0.000272929,DmWoD,1,,,,,,,,
5,1,2207938,0.000272589,DmWoD,1,,,,,,,,
8,1,95504,0.000272325,DmWoD,1,,,,,,,,
6,0,37041,0.000272149,DmWoD,1,,,,,,,,
1,0,2585754,0.000271894,DmWoD,1,,,,,,,,
9,1,1840045,0.000271883,DmWoD,1,,,,,,,,
13,0,764492,0.000271359,DmWoD,1,,,,,,,,
9,1,29622,0.000271173,DmWoD,1,,,,,,,,
4,0,364553,0.000270414,DmWoD,1,,,,,,,,
9,1,4764,0.00027035,DmWoD,1,,,,,,,,
16,9,104294,0.000270342,DmWoD,1,,,,,,,,
8,1,462483,0.000270286,DmWoD,1,,,,,,,,
8,2,223718,0.000269763,DmWoD,1,,,,,,,,
16,1,892987,0.000269544,DmWoD,1,,,,,,,,
2,2,1141974,0.000269189,DmWoD,1,,,,,,,,
5,0,2401039,0.000269059,DmWoD,1,,,,,,,,
15,1,275238,0.000268915,DmWoD,1,,,,,,,,
9,1,1791169,0.000268903,DmWoD,1,,,,,,,,
9,1,1617562,0.000268679,DmWoD,1,,,,,,,,
9,1,1617563,0.000268679,DmWoD,1,,,,,,,,
9,1,1617576,0.000268679,DmWoD,1,,,,,,,,
5,0,2392889,0.000268403,DmWoD,1,,,,,,,,
16,2,3790,0.000268402,DmWoD,1,,,,,,,,
10,1,1362581,0.000268364,DmWoD,1,,,,,,,,
16,5,94324,0.000268223,DmWoD,1,,,,,,,,
15,1,275479,0.000268041,DmWoD,1,,,,,,,,
8,1,97090,0.000267916,DmWoD,1,,,,,,,,
16,5,98414,0.00026737,DmWoD,1,,,,,,,,
2,3,16360,0.000266848,DmWoD,1,,,,,,,,
10,1,2033881,0.000266686,DmWoD,1,,,,,,,,
5,1,54447,0.000266526,DmWoD,1,,,,,,,,
2,0,850644,0.000265936,DmWoD,1,,,,,,,,
14,2,5056,0.000265858,DmWoD,1,,,,,,,,
16,7,160254,0.000265508,DmWoD,1,,,,,,,,
16,0,87512,0.000265333,DmWoD,1,,,,,,,,
1,1,1133,0.000265272,DmWoD,1,,,,,,,,
6,2,1298,0.000263795,DmWoD,1,,,,,,,,
9,0,101968,0.000263795,DmWoD,1,,,,,,,,
16,9,104196,0.000263541,DmWoD,1,,,,,,,,
9,1,1258985,0.000263407,DmWoD,1,,,,,,,,
10,1,12682,0.000263185,DmWoD,1,,,,,,,,
6,2,1490,0.000262718,DmWoD,1,,,,,,,,
8,2,569037,0.000262701,DmWoD,1,,,,,,,,
15,4,18451,0.000261825,DmWoD,1,,,,,,,,
1,0,2582779,0.000261753,DmWoD,1,,,,,,,,
16,7,13666,0.000261392,DmWoD,1,,,,,,,,
16,7,156750,0.000260929,DmWoD,1,,,,,,,,
8,2,576373,0.000260253,DmWoD,1,,,,,,,,
4,0,85767,0.000259934,DmWoD,1,,,,,,,,
3,1,1745648,0.00025913,DmWoD,1,,,,,,,,
6,0,146376,0.000259104,DmWoD,1,,,,,,,,
2,0,1092889,0.00025908,DmWoD,1,,,,,,,,
10,1,2034016,0.000259016,DmWoD,1,,,,,,,,
13,0,19549,0.000258728,DmWoD,1,,,,,,,,
5,1,2212672,0.00025839,DmWoD,1,,,,,,,,
16,3,170356,0.000258042,DmWoD,1,,,,,,,,
13,2,7313,0.00025794,DmWoD,1,,,,,,,,
16,1,864297,0.000257594,DmWoD,1,,,,,,,,
