"","Chrom","Segment","Pos","Index","Effect.Domesticated","Effect.Wild","Effect.DmWoD"
"1557",1,0,202946,202946,0.00105145418180111,0.000525044262017826,NA
"1585",1,0,203073,203073,0.000456592159865217,NA,NA
"1597",1,0,203120,203120,0.000461988400776715,NA,NA
"16549",1,0,2573566,2573566,0.000644829350433223,NA,NA
"16794",1,0,2575167,2575167,-0.000467163329567618,NA,NA
"16898",1,0,2575909,2575909,-0.000471216832786499,NA,NA
"16955",1,0,2576284,2576284,-0.000547169466681307,NA,NA
"16963",1,0,2576367,2576367,-0.000493656381473542,-0.000540401697600834,NA
"16970",1,0,2576412,2576412,-0.000494811374390418,NA,NA
"17008",1,0,2576630,2576630,0.000524685049191858,NA,NA
"17011",1,0,2576637,2576637,0.00149914703888096,0.00134861922470005,NA
"17034",1,0,2576728,2576728,-0.000585753448162364,-0.000451727696757253,NA
"17091",1,0,2577122,2577122,-0.000651971147858519,-0.000539268465717279,NA
"17188",1,0,2577787,2577787,-0.000455799157025779,NA,NA
"17260",1,0,2578356,2578356,0.000665106940948656,0.000409356039611084,NA
"17265",1,0,2578380,2578380,0.000801774405197345,0.000866343850474687,NA
"17353",1,0,2578978,2578978,-0.000464918878802785,NA,NA
"18084",1,0,2585017,2585017,-0.000454681320874393,NA,NA
"18184",1,0,2585584,2585584,-0.000530649951310698,NA,NA
"18203",1,0,2585698,2585698,-0.000460110952356153,-0.000439890766486707,NA
"18248",1,0,2585928,2585928,-0.000514114961208651,NA,NA
"18250",1,0,2585940,2585940,-0.000917359747474256,-0.000394718981372983,NA
"23827",1,0,3194820,3194820,-0.000480084872852919,-0.00056719741766175,NA
"23910",1,0,3195233,3195233,0.000451979799656619,NA,NA
"23916",1,0,3195278,3195278,0.000522615087833746,NA,NA
"23921",1,0,3195291,3195291,0.000549038491233326,0.000389954233206255,NA
"24447",1,0,3212245,3212245,-0.00651745276940042,-0.00244203892550082,0.0194985219695196
"25271",1,1,138200,3352971,-0.000472159492765543,NA,NA
"25853",2,0,267,3356035,0.000498146130484273,NA,NA
"26210",2,0,3530,3359298,-0.0005269501603744,NA,NA
"33549",2,0,853515,4209283,0.000586276828070254,0.000440550175491531,NA
"33572",2,0,853712,4209480,0.00046358095782163,0.000554826479897511,NA
"34270",2,0,858471,4214239,0.000613984038110496,NA,NA
"34696",2,0,860978,4216746,0.000456210103425742,NA,NA
"34731",2,0,861155,4216923,0.000507996307343794,0.000675630641070615,NA
"36220",2,0,1092534,4448302,0.00045481983278203,NA,NA
"42575",2,2,624970,5514462,0.000741070555215367,0.000546457441738169,NA
"42578",2,2,624987,5514479,0.000513012313613668,NA,NA
"42612",2,2,625259,5514751,-0.000885208230361336,NA,NA
"42644",2,2,625467,5514959,0.000509709288274784,0.000450025589454746,NA
"42666",2,2,625576,5515068,0.000510362529777063,NA,NA
"43730",2,2,641956,5531448,-0.000612047058056561,-0.000418930861385814,NA
"45352",2,2,806393,5695885,-0.00045157730039288,NA,NA
"48308",2,3,4187,6051012,-0.000560402078666199,NA,NA
"48777",2,3,9641,6056466,-0.000614307894013731,NA,NA
"48969",2,3,15425,6062250,0.00052810727746221,0.00105596140629149,NA
"51367",2,3,191791,6238616,0.000587070489528022,NA,NA
"51491",2,4,536,6239648,0.000548560894800166,NA,NA
"51552",2,4,844,6239956,0.000514969720108229,0.000514597780357167,NA
"51562",2,4,882,6239994,0.000592866504858288,NA,NA
"51760",2,4,2254,6241366,0.000480334484796556,NA,NA
"51839",2,4,3213,6242325,0.000451572693229298,0.000513334417576901,NA
"53531",2,4,235575,6474687,0.000496847174035813,NA,NA
"53755",2,4,242424,6481536,-0.000529424991289647,-0.00045530237496939,NA
"57304",2,4,704740,6943852,0.000457908942677697,NA,NA
"57314",2,4,704826,6943938,-0.000778360848272365,-0.000453976074960721,NA
"57446",2,4,705492,6944604,-0.000526089640026505,NA,NA
"57556",2,4,706123,6945235,-0.000628197752901608,-0.000483673855300859,NA
"59462",2,5,202833,7148843,-0.000616281597913048,-0.000492044478199566,NA
"60227",3,0,40423,7190859,-0.0227748749850623,-0.0464883978445821,0.0364197828182361
"60228",3,0,40427,7190863,-0.0121164460672655,-0.0102755141931814,0.0070549265374278
"60229",3,0,40468,7190904,-0.0233036929694872,-0.0352022698406057,0.0109823548832521
"60318",3,0,41828,7192264,-0.0161798854121293,-0.0220698784378757,0.0212515230429286
"61969",3,1,102181,7425712,-0.000630834559740839,NA,NA
"61970",3,1,102182,7425713,0.000534737571787543,NA,NA
"62706",3,1,229711,7553242,0.00486139863614002,0.00109136374370288,0.0190020670593525
"66108",3,1,810119,8133650,0.0136891588558261,0.0338373059221656,-0.0314910155221714
"66980",3,1,971970,8295501,-0.000522177693503853,NA,NA
"70837",3,2,1665,9071424,-0.000946272252534442,-0.000701432622875117,NA
"70840",3,2,1691,9071450,-0.000513220978049738,NA,NA
"72428",3,2,235904,9305663,-0.000476153489881024,-0.00050557945250085,NA
"81577",3,2,1778236,10847995,0.000474455433153376,0.000462974620795215,NA
"86907",4,1,1407,11246179,0.000571461213607814,NA,NA
"87393",4,1,26047,11270819,-0.000535311106601166,-0.000660232373735926,NA
"88935",5,0,180383,11452962,0.00047601902608615,NA,NA
"91523",5,0,563546,11836125,0.000553588005070604,0.00135227047618895,-0.000314219360044099
"91525",5,0,563590,11836169,0.000699251482811758,0.00137934982002382,NA
"95994",5,0,1129011,12401590,0.0221946205773193,0.0265506575869251,-0.00957854000417755
"103027",5,0,2084443,13357022,-0.000464865632485304,NA,NA
"103032",5,0,2084469,13357048,-0.00066305461612173,NA,NA
"105961",5,0,2389553,13662132,-0.000454420651165502,NA,NA
"106293",5,0,2397160,13669739,-0.000488694207538999,-0.000416453460607675,NA
"106583",5,0,2400757,13673336,-0.00129321029987105,-0.000639400988506863,NA
"106608",5,0,2400991,13673570,-0.000590085430926478,NA,NA
"106684",5,0,2401693,13674272,-0.000514099320738271,NA,NA
"106838",5,0,2403198,13675777,-0.000455444882272471,NA,NA
"107685",5,1,1220,13700958,0.00045988526550486,NA,NA
"107688",5,1,1365,13701103,-0.000485535557711267,NA,NA
"108052",5,1,23784,13723522,0.000506687497158644,0.000419270091072028,NA
"108979",5,1,73408,13773146,0.00061252702043063,NA,NA
"108980",5,1,73412,13773150,0.000634057417629748,NA,NA
"114860",5,1,793199,14492937,-0.000669711429054405,-0.000899457275534656,NA
"115622",5,1,961434,14661172,-0.000769708409223062,-0.000645692698671081,NA
"119547",5,1,1690701,15390439,-0.0174417829395553,-0.0240640757659901,0.013914231232237
"119551",5,1,1690860,15390598,-0.00603967731894856,-0.0300395180315654,0.0393500566291485
"123377",5,1,2209027,15908765,-0.000495197343344728,-0.000578618081191073,NA
"123476",5,1,2209739,15909477,-0.000627863632725574,-0.000452379084602504,NA
"123479",5,1,2209769,15909507,-0.000956335469494739,-0.000699535039552058,NA
"123483",5,1,2209798,15909536,-0.000628056412430084,NA,NA
"123596",5,1,2210818,15910556,0.0005155671716007,NA,NA
"123770",5,1,2211909,15911647,-0.000555268946062172,-0.000371854958108189,NA
"123834",5,1,2212799,15912537,-0.00063448326801777,-0.000647625604806429,NA
"124027",5,1,2214097,15913835,-0.000694268109160602,NA,NA
"127638",6,0,40656,15959243,-0.000480813840598726,-0.000437770045299042,NA
"132756",6,0,146322,16064909,0.000584927820492701,NA,NA
"137156",6,0,953360,16871947,0.000486815596103686,0.000480984108328575,NA
"137157",6,0,953366,16871953,0.000604288490539596,0.000572486325657828,NA
"137158",6,0,953399,16871986,0.000789543744569934,NA,NA
"138484",6,0,1216360,17134947,0.0145030102564275,0.0107141126823593,0.000912765511868716
"142356",6,0,1654738,17573325,-0.00954871841242784,-0.0217043349100824,0.0334940028552358
"144593",6,1,10305,17822918,-0.000557652301214897,-0.000390839660322076,NA
"145377",6,1,131398,17944011,-0.000619680355043585,-0.00106085375976551,NA
"145464",6,2,619,17988795,-0.000528919889192584,NA,NA
"145562",6,2,1445,17989621,-0.000461442319219595,-0.00037719102782617,NA
"147055",6,3,2802,18110692,-0.000489807882076074,-0.000706191154429804,NA
"147183",6,3,3519,18111409,-0.000487568868246247,NA,NA
"152504",7,0,363154,18858520,-0.000561510014540315,NA,NA
"155373",7,0,718188,19213554,-0.0305929255657967,-0.0377570918219112,-0.00227471842929677
"170858",8,0,8034,21584799,0.000532023147297159,NA,NA
"170900",8,0,8473,21585238,0.000477237413930851,NA,NA
"170903",8,0,8510,21585275,0.000467256647010475,NA,NA
"171482",8,0,17998,21594763,-0.000597926635596131,-0.000440043686353631,NA
"171483",8,0,17999,21594764,-0.000501635572639318,-0.000521904589154682,NA
"173454",8,1,96104,21739583,-0.000502371714133215,NA,NA
"173685",8,1,97362,21740841,-0.000504263798408138,NA,NA
"176928",8,1,464962,22108441,0.000669200276855311,0.000375058870467138,NA
"181208",8,1,998728,22642207,-0.00119326474445397,-0.00134051755006472,NA
"181690",8,1,1008988,22652467,0.000611550828502886,NA,NA
"181691",8,1,1008992,22652471,0.000581274027704971,0.000403087893390248,NA
"181796",8,1,1009874,22653353,0.00058388057899881,NA,NA
"181817",8,1,1010034,22653513,0.000782181683753805,0.000508139116977846,NA
"181845",8,2,3775,22657334,0.000563567999785355,0.000390281679065791,NA
"182766",8,2,146245,22799804,0.000465903247403616,NA,NA
"183145",8,2,149388,22802947,0.000853933802219729,0.000457711008657971,NA
"183283",8,2,150297,22803856,0.00046571810401442,0.000508251494430573,NA
"183391",8,2,151047,22804606,-0.000451292320324816,-0.000630760887815041,NA
"183393",8,2,151053,22804612,-0.000811952705634,-0.000968072489174385,NA
"183414",8,2,151187,22804746,0.000473751177579352,0.000595714232237696,NA
"183682",8,2,152950,22806509,-0.000557226368434317,-0.000453176958923094,NA
"183829",8,2,153978,22807537,-0.000602021293631613,-0.00040916301990017,NA
"184070",8,2,156281,22809840,0.000585002461721818,NA,NA
"185346",8,2,222970,22876529,0.000487411199835175,NA,NA
"187938",8,2,567052,23220611,0.000482065454773522,0.000394054223359624,NA
"188093",8,2,568953,23222512,-0.000512892428380489,NA,NA
"188344",8,2,571715,23225274,0.000469571568883787,0.000484300879229119,NA
"188513",8,2,572762,23226321,0.000464540070311835,0.00055846467090375,NA
"188768",8,2,575753,23229312,-0.000461553239422619,NA,NA
"188812",8,2,576028,23229587,0.00049569717951024,0.000891343801954268,NA
"188823",8,2,576112,23229671,0.000517111795625286,NA,NA
"189093",8,2,578509,23232068,-0.000486502208251025,NA,NA
"190544",9,1,4507,23388784,-0.000569115694565641,NA,NA
"190745",9,1,6155,23390432,0.000579659291197868,NA,NA
"190858",9,1,7447,23391724,-0.000453085801593656,NA,NA
"191068",9,1,10307,23394584,0.000582536511836394,NA,NA
"191094",9,1,10525,23394802,0.000792413124688151,0.000402342918835657,NA
"191421",9,1,26100,23410377,0.000503065750143127,NA,NA
"191892",9,1,32862,23417139,0.000634652248220632,0.0010393892986394,NA
"191931",9,1,33205,23417482,0.000739757536841751,0.00071681158675963,NA
"192198",9,1,35590,23419867,0.00058946362344162,NA,NA
"192328",9,1,38580,23422857,0.000525859614840364,0.00066718213660063,NA
"193055",9,1,43775,23428052,-0.0006844662255175,NA,NA
"193088",9,1,46352,23430629,0.000671787576393211,0.000933620820365072,NA
"193181",9,1,47054,23431331,0.000587181468627961,0.000405676510749954,NA
"193356",9,1,51017,23435294,-0.000489508699545023,NA,NA
"195310",9,1,317414,23701691,0.0174541325500151,0.0310603110695172,-0.0195150917180735
"196122",9,1,386683,23770960,0.000503354630546785,NA,NA
"205238",9,1,1572532,24956809,-0.000497625249399642,NA,NA
"207551",9,1,1839714,25223991,0.000892836476732686,0.000907556321863763,NA
"207552",9,1,1839717,25223994,0.00151769353694273,0.0015132135904886,NA
"207802",9,1,1845709,25229986,0.000642436625305023,NA,NA
"207854",9,1,1850834,25235111,0.000651667860659774,0.000372860702168043,NA
"208201",9,1,1874183,25258460,0.000460268500663662,NA,NA
"211894",10,0,32115,25658181,-0.000708148912197602,NA,NA
"212683",10,1,10725,25706566,0.000456369903249824,NA,NA
"212757",10,1,11234,25707075,0.000502449848515577,0.000481393739213213,NA
"213267",10,1,15355,25711196,-0.000831678188843359,-0.000770340069861188,NA
"213268",10,1,15363,25711204,-0.000701120392376276,-0.000909128622635922,NA
"216449",10,1,322755,26018596,0.000546850500792504,0.000656141081415581,NA
"222268",10,1,1206055,26901896,0.00060513016064232,0.000811749226643967,NA
"223809",10,1,1356579,27052420,-0.000469207588447031,NA,NA
"223981",10,1,1362043,27057884,-0.000506064322077999,NA,NA
"224069",10,1,1362943,27058784,-0.000466051863678082,-0.000546082572502523,NA
"224414",10,1,1367380,27063221,0.000631803904825088,NA,NA
"229624",10,1,2034717,27730558,-0.000529971559108636,-0.000462397168240982,NA
"229674",10,1,2035430,27731271,0.000469159677703627,NA,NA
"229741",10,1,2036282,27732123,0.000529189649602932,NA,NA
"229746",10,1,2036308,27732149,-0.000690621224538401,-0.000549097774073524,NA
"230459",10,1,2087607,27783448,-0.00064134599359603,-0.000409413033206351,NA
"230460",10,1,2087612,27783453,-0.000839434993763217,-0.000528469821572098,NA
"232111",10,1,2276258,27972099,0.000535228429116049,NA,NA
"232151",10,1,2276588,27972429,0.000502412774505867,0.000731216171447693,NA
"232156",10,1,2276629,27972470,0.00121833288882883,0.00074102141962018,NA
"232161",10,1,2276647,27972488,0.000559325317784198,0.000830143681503039,NA
"232333",10,1,2277954,27973795,-0.000491122005903647,NA,NA
"232482",10,1,2279289,27975130,0.000451049991310965,NA,NA
"232561",10,1,2279844,27975685,0.00104462730813709,0.000634055269931508,NA
"232689",10,1,2281007,27976848,0.000571564583060595,0.00121642685374851,NA
"232848",10,1,2282410,27978251,-0.000612254403399617,-0.00108950328581297,NA
"235172",11,0,689708,28672120,-0.000528049307214199,-0.000891661075393194,NA
"235173",11,0,689709,28672121,0.000452545613861673,0.000755076365253926,NA
"238682",12,0,11471,29245502,-0.000611536004158856,-0.000743274502328715,NA
"238707",12,0,11808,29245839,0.000508595536986387,NA,NA
"238859",12,0,15108,29249139,-0.000645602215439426,NA,NA
"239319",12,0,42141,29276172,0.000460552269302928,0.00051278697120331,NA
"239320",12,0,42145,29276176,0.000573687258668244,0.000878740340360657,NA
"239401",12,0,42839,29276870,0.000707088536679672,0.000419001360104942,NA
"239402",12,0,42840,29276871,0.000675993883600868,0.000410053158683027,NA
"239408",12,0,42902,29276933,0.00049811775680246,0.000573987949349587,NA
"242610",12,0,464769,29698800,-0.000821678922642473,-0.000785586186287464,NA
"252569",13,0,20661,31094621,-0.000506191016070483,NA,NA
"259294",13,0,766034,31839994,-0.000624289036778588,-0.000452747578101347,NA
"259812",13,0,777246,31851206,-0.000456516537927608,NA,NA
"259823",13,0,777288,31851248,-0.00049237363742832,NA,NA
"259854",13,0,777517,31851477,0.000699319946217206,0.000435366254205744,NA
"259864",13,0,777577,31851537,0.000637278626109275,NA,NA
"260131",13,0,786668,31860628,0.000549000719607328,NA,NA
"260152",13,0,787044,31861004,0.000476436655736806,NA,NA
"260222",13,1,569,31861906,0.000597722627580035,NA,NA
"260277",13,1,1216,31862553,0.000458900486275534,NA,NA
"260278",13,1,1218,31862555,0.000590929396699709,0.000478948475445045,NA
"267224",13,1,836494,32697831,-0.000473668259459798,-0.000707094351096264,NA
"267256",13,2,979,32699165,0.000556325056299867,0.000398260880010644,NA
"267260",13,2,995,32699181,0.000744811457227932,0.000446785972798361,NA
"267606",13,2,3010,32701196,-0.000632623216408216,NA,NA
"267827",13,2,6843,32705029,-0.000495477230190191,NA,NA
"268190",13,2,9113,32707299,-0.000488715516999718,-0.000392681123417863,NA
"268853",13,2,17656,32715842,0.000747722371161213,0.00054576473109782,NA
"268864",13,2,17757,32715943,0.000614763866603527,NA,NA
"268868",13,2,17768,32715954,-0.00119188830808513,NA,-0.000548836026631606
"269559",14,0,5684,32760182,-0.000570342013647921,-0.000526131893638195,NA
"271200",14,0,243102,32997600,0.000566512189029232,NA,NA
"275912",14,1,843,33550446,-0.000673356027397167,NA,NA
"275923",14,1,906,33550509,-0.000515687700445714,NA,NA
"287230",14,2,1408,35259328,0.000646477191537921,NA,NA
"287236",14,2,1446,35259366,0.000519601585146438,0.000418788587823666,NA
"287440",14,2,3106,35261026,0.00057796913134864,NA,NA
"287516",14,2,3695,35261615,-0.00046695701879409,NA,NA
"287802",14,2,5766,35263686,-0.000469766813596788,-0.000508470247992298,NA
"288442",14,2,47750,35305670,-0.000604366254544617,NA,NA
"288456",14,2,47803,35305723,-0.000546033119322255,-0.000741656748491188,NA
"288600",14,2,48801,35306721,0.000727204354241917,0.000403444758626739,NA
"288743",14,2,49919,35307839,0.000697165546841936,NA,0.000952063515825533
"288750",14,2,49956,35307876,0.000524445299845466,NA,NA
"288753",14,2,49969,35307889,0.000719443227859161,NA,NA
"291947",15,1,250393,35675964,-0.000610873790494296,NA,NA
"292034",15,1,256780,35682351,-0.000484239754149471,NA,NA
"292439",15,1,275244,35700815,0.000710696986518767,NA,NA
"292443",15,1,275289,35700860,0.000521290364987556,NA,NA
"292608",15,1,277081,35702652,0.000642292297166269,0.00072557630837876,NA
"293073",15,3,4586,35771938,0.000573892471019557,0.000414152512925923,NA
"293374",15,3,19742,35787094,0.0005152910175391,NA,NA
"293601",15,3,24636,35791988,-0.000558508300925935,NA,NA
"293604",15,3,24655,35792007,-0.00076285847594973,NA,NA
"293892",15,3,26637,35793989,-0.000525549444025216,-0.000405467338190694,NA
"294018",15,3,27670,35795022,-0.000471950154222653,NA,NA
"294337",15,3,30310,35797662,-0.000673261845887104,NA,NA
"294364",15,3,30449,35797801,0.000640347077408526,NA,NA
"294437",15,3,30821,35798173,-0.000460702901736849,NA,NA
"294568",15,3,31606,35798958,-0.000468546289738127,NA,NA
"295169",15,4,21359,35820342,-0.000473065953822416,NA,NA
"295171",15,4,21362,35820345,-0.000473246834703965,NA,NA
"295997",15,4,103100,35902083,-0.0117065674903129,-0.0109674735844893,-0.00170410192744293
"297452",15,4,431329,36230312,-0.00065272456128072,-0.000639904525893045,NA
"313337",16,1,358809,38471091,0.000548569463908418,NA,NA
"316288",16,1,863761,38976043,0.000535881398740078,NA,NA
"316317",16,1,863949,38976231,0.000574373490370794,NA,NA
"316928",16,1,892155,39004437,0.00064637106277413,0.000634315581223253,NA
"316975",16,1,892539,39004821,0.00046864604390224,NA,NA
"321188",16,3,81601,39327470,0.015434606718144,0.0299294781244757,-0.0245999135537226
"322974",16,3,133359,39379228,-0.000611405867369899,-0.000396821338386585,NA
"324271",16,3,169940,39415809,-0.000626075120876061,NA,NA
"327171",16,3,424684,39670553,0.000693277677480358,0.0004162164073273,NA
"329257",16,5,96123,39957158,0.000549267479515757,0.000441952367264677,NA
"329574",16,5,98404,39959439,0.000653319146988922,NA,NA
"329846",16,5,99966,39961001,-0.000619182046577147,NA,NA
"329847",16,5,99968,39961003,-0.000513925367742006,NA,NA
"331697",16,7,14081,40204421,-0.000617970549339255,-0.000422253750054827,NA
"331787",16,7,15160,40205500,-0.000503417776281677,-0.000616956995044663,NA
"331879",16,7,16428,40206768,-0.000704933888251265,-0.000395541047283461,NA
"331883",16,7,16446,40206786,-0.000487190536368787,-0.000449487566387161,NA
"331913",16,7,16715,40207055,-0.00060328143497199,NA,NA
"332206",16,7,31370,40221710,-0.000527888435830621,NA,NA
"332214",16,7,31403,40221743,-0.000571505067827968,-0.000460096883968068,NA
"332294",16,7,31897,40222237,-0.000457982810787012,-0.000582118064819254,NA
"332297",16,7,31927,40222267,-0.000479307885210218,NA,NA
"332303",16,7,31953,40222293,-0.000686711813223692,-0.000533008719020426,NA
"334199",16,7,157781,40348121,-0.000700956785010013,NA,NA
"334200",16,7,157784,40348124,-0.000791227687641692,NA,NA
"334503",16,7,159465,40349805,-0.000457948576431874,-0.000541931337752263,NA
"334568",16,7,159872,40350212,0.000572509470150479,NA,NA
"334708",16,7,160671,40351011,-0.00121687629053556,-0.00100446850990106,NA
"334864",16,7,161528,40351868,0.000525654342178704,0.000563894733679162,NA
"334865",16,7,161534,40351874,0.000797323701885782,0.000620741832536833,NA
"334871",16,7,161560,40351900,0.000453469564030918,NA,NA
"334877",16,7,161588,40351928,0.000947913608300073,0.000495307959776642,NA
"334952",16,7,162032,40352372,0.00137177296896053,0.000771689764489702,NA
"335050",16,7,163584,40353924,-0.00061629346209251,-0.000416234654509081,NA
"335056",16,7,163619,40353959,-0.000568107571561147,NA,NA
"336927",16,8,135262,40489522,0.000477285741804889,NA,NA
"337535",16,9,101681,40591484,-0.000628604827422206,NA,NA
"338074",16,10,271,38112553,0.000588397507933451,NA,0.000395055957626582
"338317",16,10,2868,38115150,0.00077359074038609,0.000407565115568084,NA
"338318",16,10,2872,38115154,0.00109236528509573,NA,NA
"343861",16,11,778802,41387792,0.000535302553773507,0.000601671039965808,NA
"343862",16,11,778842,41387832,0.000517760657653328,0.000659143735371183,NA
"1559",1,0,202952,202952,NA,0.000373843661011233,NA
"1561",1,0,202962,202962,NA,0.000373319186254989,NA
"1564",1,0,202983,202983,NA,0.000411041634048321,NA
"1602",1,0,203140,203140,NA,0.000477144312650879,NA
"1785",1,0,204261,204261,NA,0.000373208383728744,NA
"12644",1,0,1872836,1872836,NA,0.000402561100065893,NA
"12645",1,0,1872846,1872846,NA,0.000402561100065893,NA
"12646",1,0,1872851,1872851,NA,0.000402561100065893,NA
"16594",1,0,2573905,2573905,NA,0.000435673230643709,NA
"16937",1,0,2576163,2576163,NA,-0.000534927281637774,NA
"16999",1,0,2576581,2576581,NA,0.000454737135777353,NA
"17012",1,0,2576640,2576640,NA,0.00073131186632514,NA
"17081",1,0,2577072,2577072,NA,-0.000392715664839782,0.000501540421192092
"17114",1,0,2577240,2577240,NA,-0.000675598980647928,NA
"17116",1,0,2577279,2577279,NA,-0.000659291455416604,0.000304513340019052
"17118",1,0,2577314,2577314,NA,-0.0005083547008875,NA
"17397",1,0,2579272,2579272,NA,0.00072907260600925,NA
"17529",1,0,2580117,2580117,NA,0.000716611947859358,NA
"17778",1,0,2582901,2582901,NA,-0.000516240553080862,NA
"17786",1,0,2582924,2582924,NA,-0.000728316925817073,NA
"17829",1,0,2583269,2583269,NA,-0.000419756472899234,0.000351637867075622
"17934",1,0,2584046,2584046,NA,0.000379513761086153,NA
"18086",1,0,2585026,2585026,NA,-0.000533515702084214,NA
"18175",1,0,2585544,2585544,NA,0.000519766802314367,NA
"18263",1,0,2586004,2586004,NA,-0.000471882563841591,NA
"23825",1,0,3194798,3194798,NA,-0.000682426858075911,NA
"23855",1,0,3194949,3194949,NA,0.000415857649651451,NA
"23945",1,0,3195423,3195423,NA,-0.000442174443469122,NA
"24032",1,0,3195950,3195950,NA,0.000446266041946591,NA
"24495",1,0,3213426,3213426,NA,0.000461200080239461,NA
"25282",1,1,138287,3353058,NA,-0.000441780999623505,NA
"25307",1,1,138391,3353162,NA,-0.00061963999544875,NA
"25803",1,1,140869,3355640,NA,0.000444555389182483,NA
"25833",2,0,23,3355791,NA,0.000373083460895561,NA
"26009",2,0,1818,3357586,NA,0.00039187270628443,NA
"26148",2,0,3099,3358867,NA,-0.000453780839880734,NA
"32975",2,0,849501,4205269,NA,-0.000664345674876598,NA
"33556",2,0,853566,4209334,NA,0.000397222139781996,NA
"34179",2,0,857876,4213644,NA,0.000401489423293251,NA
"34237",2,0,858304,4214072,NA,-0.000469487335599705,NA
"34271",2,0,858472,4214240,NA,0.000372162736735662,NA
"34274",2,0,858481,4214249,NA,0.00046235835069391,NA
"34514",2,0,859849,4215617,NA,-0.000376537292840256,NA
"34754",2,0,861267,4217035,NA,-0.000378368112266725,NA
"34919",2,0,862240,4218008,NA,-0.000404730336708064,NA
"35277",2,0,864592,4220360,NA,-0.000479830395360767,NA
"35423",2,0,865646,4221414,NA,-0.000453522150100128,NA
"36215",2,0,1092490,4448258,NA,0.000392591416810183,NA
"36310",2,0,1093370,4449138,NA,0.000452321932266608,NA
"38713",2,1,408752,4861453,NA,0.000509356877656854,NA
"42647",2,2,625487,5514979,NA,0.000647729767789904,NA
"42648",2,2,625488,5514980,NA,0.000886665543526574,NA
"42651",2,2,625506,5514998,NA,0.000405562981351411,NA
"43122",2,2,637247,5526739,NA,-0.000446128718076051,NA
"43729",2,2,641954,5531446,NA,-0.00039861355101792,NA
"43844",2,2,642947,5532439,NA,-0.000389246859124902,NA
"48311",2,3,4214,6051039,NA,-0.000444866529180961,NA
"51473",2,4,421,6239533,NA,0.000516474656806484,NA
"51479",2,4,449,6239561,NA,0.000441083861694739,NA
"51564",2,4,886,6239998,NA,0.000422188530361407,NA
"51639",2,4,1508,6240620,NA,0.000403542395019255,NA
"51705",2,4,1916,6241028,NA,0.000632610108774457,NA
"51735",2,4,2096,6241208,NA,0.00058511728607879,NA
"51837",2,4,3208,6242320,NA,0.000423846793103682,NA
"51864",2,4,3354,6242466,NA,0.000558874126601456,NA
"51908",2,4,3684,6242796,NA,0.000563801686528022,NA
"51911",2,4,3689,6242801,NA,0.000444881811127079,NA
"51913",2,4,3699,6242811,NA,0.000431393297833278,NA
"51916",2,4,3718,6242830,NA,0.000604239858578912,NA
"57448",2,4,705506,6944618,NA,-0.000399908593966062,NA
"57494",2,4,705814,6944926,NA,-0.000440957536054496,NA
"57554",2,4,706116,6945228,NA,-0.000502148068200708,NA
"57555",2,4,706118,6945230,NA,-0.000423858077204958,NA
"57562",2,4,706142,6945254,NA,-0.000384848691631843,NA
"57599",2,4,706285,6945397,NA,-0.000672963808681147,NA
"70811",3,1,1745670,9069201,NA,-0.000510804421429263,NA
"70835",3,2,1648,9071407,NA,-0.000543462904450683,NA
"70836",3,2,1653,9071412,NA,-0.000423667993980478,NA
"77532",3,2,953781,10023540,NA,-0.000481442044817477,NA
"82593",4,0,84993,10960830,NA,-0.000399305164994641,NA
"82608",4,0,85096,10960933,NA,-0.000493434532144994,NA
"86547",4,0,356035,11231872,NA,-0.000372232871658362,NA
"86548",4,0,356037,11231874,NA,-0.000372232871658362,NA
"86551",4,0,356045,11231882,NA,-0.000522528051913447,NA
"87501",4,1,27414,11272186,NA,0.000422098155579789,NA
"91560",5,0,566074,11838653,NA,0.000523415208915612,NA
"91582",5,0,567991,11840570,NA,0.000456613727398284,NA
"106132",5,0,2394595,13667174,NA,0.00119254578496777,-0.000300110418023589
"106400",5,0,2399195,13671774,NA,0.000467022795053337,NA
"106457",5,0,2399715,13672294,NA,0.000487803046482867,NA
"106468",5,0,2399783,13672362,NA,-0.000373927489047049,NA
"106529",5,0,2400319,13672898,NA,-0.00052365207063164,NA
"106582",5,0,2400755,13673334,NA,-0.000392875332563613,NA
"106653",5,0,2401415,13673994,NA,-0.000440433406650921,NA
"106658",5,0,2401444,13674023,NA,-0.0005875042878506,NA
"106760",5,0,2402471,13675050,NA,-0.000397300870806325,NA
"108688",5,1,53948,13753686,NA,0.000489967391050372,NA
"115647",5,1,961810,14661548,NA,-0.000520679414314964,NA
"116945",5,1,1129975,14829713,NA,-0.000387323933477985,NA
"123142",5,1,2207392,15907130,NA,-0.000391086430839736,0.000488585165700311
"123482",5,1,2209793,15909531,NA,-0.000417273637611486,NA
"123754",5,1,2211803,15911541,NA,-0.000432050882771279,NA
"123817",5,1,2212672,15912410,NA,-0.000378050770017959,0.00025838998262605
"124002",5,1,2213986,15913724,NA,-0.000405752292719351,0.000292154470674626
"124105",5,1,2214719,15914457,NA,0.000763599239458631,NA
"124112",5,1,2214749,15914487,NA,0.000541213813140157,NA
"124297",6,0,1016,15919603,NA,-0.000375510054845685,NA
"125844",6,0,13932,15932519,NA,0.000409388952464863,NA
"127411",6,0,38936,15957523,NA,0.000381662208888775,NA
"127520",6,0,39979,15958566,NA,0.000583133112287821,NA
"127639",6,0,40668,15959255,NA,-0.000384252190126534,NA
"128702",6,0,49342,15967929,NA,0.000486110560636425,NA
"129511",6,0,72992,15991579,NA,0.000440101467936191,NA
"132668",6,0,144636,16063223,NA,-0.00077432999486243,NA
"143941",6,1,250,17812863,NA,-0.0004388244787837,NA
"144671",6,1,12782,17825395,NA,0.000404765148665352,NA
"147036",6,3,980,18108870,NA,0.000442171676872636,NA
"147073",6,3,2889,18110779,NA,-0.000408215768792081,NA
"147177",6,3,3494,18111384,NA,-0.000401555347393691,NA
"149928",6,3,312194,18420084,NA,-0.000605995201523261,NA
"149942",6,3,312262,18420152,NA,-0.000407354356606585,NA
"155963",7,0,834278,19329644,NA,0.000543753186590316,NA
"163543",7,2,339149,20460171,NA,0.000388391816535434,-0.000277928642714651
"170688",8,0,4851,21581616,NA,-0.000434350794803165,NA
"170976",8,0,11436,21588201,NA,-0.0005464382503847,0.000359574358333103
"171219",8,0,16439,21593204,NA,-0.000472623575012809,NA
"171456",8,0,17876,21594641,NA,-0.000442754651300014,NA
"173468",8,1,96169,21739648,NA,-0.00054436273953285,NA
"173503",8,1,96324,21739803,NA,-0.000390887192512244,NA
"173512",8,1,96369,21739848,NA,-0.00043503182812751,NA
"173521",8,1,96438,21739917,NA,-0.000434746670709098,0.000525112725255944
"173826",8,1,98236,21741715,NA,-0.000445129091750984,NA
"180980",8,1,996074,22639553,NA,-0.000394111219146187,NA
"181210",8,1,998740,22642219,NA,-0.000956688439423171,0.000552447804327724
"181256",8,1,999460,22642939,NA,-0.000657027152579163,NA
"181273",8,1,999667,22643146,NA,0.000381347155641012,NA
"181435",8,1,1003168,22646647,NA,0.000395488810618185,NA
"181487",8,1,1004305,22647784,NA,0.000372343436094241,NA
"182749",8,2,146126,22799685,NA,-0.000495552716176521,NA
"183389",8,2,151037,22804596,NA,-0.000419938223366075,NA
"183458",8,2,151571,22805130,NA,0.000438181121755372,NA
"183490",8,2,151747,22805306,NA,-0.000563817639465372,NA
"183491",8,2,151748,22805307,NA,-0.000705425833620903,NA
"183546",8,2,152062,22805621,NA,-0.000537921926755164,0.000306964646984664
"183548",8,2,152071,22805630,NA,-0.00040038447638872,NA
"183766",8,2,153593,22807152,NA,-0.000439971265313239,NA
"183774",8,2,153648,22807207,NA,-0.000584818385899634,NA
"183834",8,2,154003,22807562,NA,-0.000713881630124133,NA
"184769",8,2,182174,22835733,NA,0.00055526072702029,NA
"185370",8,2,223299,22876858,NA,-0.000590167600495458,NA
"188115",8,2,569150,23222709,NA,-0.000479243639433005,NA
"188503",8,2,572713,23226272,NA,0.00054836056477535,NA
"188614",8,2,573509,23227068,NA,-0.000553746005184705,0.000618968450719176
"188959",8,2,576965,23230524,NA,0.000404027120818801,-0.000259544056574037
"189102",8,2,578687,23232246,NA,-0.000405351732143052,NA
"190181",9,1,311,23384588,NA,0.000593505967833509,NA
"190213",9,1,541,23384818,NA,0.000408899721801342,NA
"190291",9,1,961,23385238,NA,0.000611891055841182,NA
"190334",9,1,1317,23385594,NA,-0.000372267791774679,NA
"190391",9,1,3335,23387612,NA,-0.000512020010925597,NA
"190533",9,1,4447,23388724,NA,-0.000448317640131275,NA
"190694",9,1,5747,23390024,NA,0.000566541125664311,NA
"190701",9,1,5819,23390096,NA,0.000400145296216412,NA
"190756",9,1,6285,23390562,NA,0.000535187762785818,NA
"192995",9,1,43386,23427663,NA,0.000622597707708478,NA
"192996",9,1,43391,23427668,NA,0.000464538320680569,NA
"192997",9,1,43393,23427670,NA,0.000682213356033698,NA
"193089",9,1,46364,23430641,NA,0.000383867535291842,NA
"193345",9,1,50894,23435171,NA,0.000375911767730347,NA
"193427",9,1,55193,23439470,NA,-0.00041309426003642,NA
"207489",9,1,1839200,25223477,NA,0.000582764986219673,NA
"207553",9,1,1839725,25224002,NA,0.000407889932876167,NA
"207555",9,1,1839731,25224008,NA,0.00066797111866242,NA
"210203",9,1,2076135,25460412,NA,0.000461969729932463,NA
"212100",10,0,37146,25663212,NA,-0.000612524788505971,NA
"212104",10,0,37188,25663254,NA,-0.00055627853397799,0.000304335272557687
"212105",10,0,37193,25663259,NA,-0.000552663573911315,0.000338936008235489
"212106",10,0,37205,25663271,NA,-0.000713010479738999,0.000813450583376463
"212110",10,0,37237,25663303,NA,-0.000586468076131018,NA
"212191",10,0,44346,25670412,NA,-0.000548167226229837,NA
"212552",10,1,9814,25705655,NA,0.000494143805486018,NA
"212785",10,1,11442,25707283,NA,-0.000565338974548781,NA
"213427",10,1,23119,25718960,NA,0.00077454672058363,NA
"216450",10,1,322757,26018598,NA,0.000726057632874328,NA
"216451",10,1,322763,26018604,NA,0.00046084946530888,NA
"216921",10,1,350818,26046659,NA,0.000532694495240768,NA
"216938",10,1,350913,26046754,NA,0.000582116270652075,NA
"216995",10,1,351407,26047248,NA,-0.000542343847383728,NA
"217034",10,1,353268,26049109,NA,-0.00591112637657884,0.0238534461372868
"218338",10,1,497635,26193476,NA,-0.000386143528361981,NA
"223983",10,1,1362061,27057902,NA,-0.000784325182781282,NA
"224059",10,1,1362895,27058736,NA,-0.000568852637345782,NA
"224081",10,1,1363015,27058856,NA,0.000536575782936488,NA
"224303",10,1,1366774,27062615,NA,0.00037527242556873,NA
"224385",10,1,1367166,27063007,NA,0.000399725117442569,NA
"224496",10,1,1367895,27063736,NA,0.000541730984934821,NA
"229425",10,1,2032469,27728310,NA,-0.000418721391828751,NA
"231636",10,1,2259650,27955491,NA,0.000433468800228424,NA
"232088",10,1,2276072,27971913,NA,-0.000616539543809764,NA
"232154",10,1,2276611,27972452,NA,0.000379190206443891,-0.000414646060353448
"232158",10,1,2276637,27972478,NA,0.00106362990752338,NA
"232529",10,1,2279596,27975437,NA,-0.000529035863916459,NA
"232592",10,1,2280188,27976029,NA,-0.000631753232320799,NA
"232594",10,1,2280193,27976034,NA,0.000425828647439418,NA
"232595",10,1,2280200,27976041,NA,0.000388577172658136,NA
"232669",10,1,2280757,27976598,NA,0.000384826283196834,NA
"232839",10,1,2282349,27978190,NA,0.000486375883292532,NA
"238683",12,0,11475,29245506,NA,-0.00042941876984834,NA
"238738",12,0,12110,29246141,NA,-0.000421837155181483,NA
"239391",12,0,42742,29276773,NA,0.000426646255562944,NA
"241010",12,0,269554,29503585,NA,0.000455912271089493,NA
"252358",13,0,19502,31093462,NA,-0.00044278376597783,0.000295999712244381
"252361",13,0,19518,31093478,NA,-0.000404021882960535,NA
"252363",13,0,19524,31093484,NA,-0.000465562995869132,NA
"252444",13,0,20038,31093998,NA,-0.000428860453698984,NA
"252879",13,0,22641,31096601,NA,0.000621272535335823,NA
"256382",13,0,335307,31409267,NA,-0.000409529720568331,NA
"259364",13,0,766422,31840382,NA,-0.000400825847399719,NA
"259392",13,0,766584,31840544,NA,0.000382736739606096,NA
"259447",13,0,767967,31841927,NA,0.000563634642804887,NA
"267213",13,1,836424,32697761,NA,-0.000482375888506942,NA
"267365",13,2,1636,32699822,NA,0.000586183439355429,NA
"268042",13,2,8203,32706389,NA,-0.000392313888680008,0.000792822089957433
"268494",13,2,11570,32709756,NA,0.00045104575021542,-0.000281984832292783
"268762",13,2,16992,32715178,NA,0.000535898329307264,NA
"268849",13,2,17630,32715816,NA,0.000440552528813099,NA
"268867",13,2,17764,32715950,NA,0.000621083234799253,-0.00044653217745132
"274602",14,0,622966,33377464,NA,0.000379628082812313,NA
"276254",14,1,3451,33553054,NA,-0.000514958602961699,NA
"276288",14,1,3685,33553288,NA,0.000542338611765901,NA
"276330",14,1,3879,33553482,NA,0.000575618362038656,-0.000294137072199091
"287042",14,2,96,35258016,NA,-0.000452811146425807,0.000308843885420145
"287051",14,2,134,35258054,NA,0.000434632326420455,NA
"287227",14,2,1392,35259312,NA,0.000435045173826892,NA
"287350",14,2,2422,35260342,NA,0.000561801700021825,NA
"287364",14,2,2643,35260563,NA,0.000574894522517278,NA
"287471",14,2,3280,35261200,NA,0.000457974201502279,NA
"287472",14,2,3288,35261208,NA,0.000390257318378098,NA
"287807",14,2,5821,35263741,NA,-0.000489733391917562,NA
"288327",14,2,47054,35304974,NA,0.000576295444935127,NA
"288374",14,2,47270,35305190,NA,0.000418250219401891,NA
"288440",14,2,47740,35305660,NA,0.000379067059156009,NA
"288652",14,2,49314,35307234,NA,-0.000554470209922534,NA
"288738",14,2,49880,35307800,NA,0.000402316548469436,NA
"290922",15,1,126163,35551734,NA,0.000478972082598286,NA
"291668",15,1,195951,35621522,NA,-0.000542492836483971,NA
"292432",15,1,275162,35700733,NA,0.000464896288921431,NA
"292673",15,1,277770,35703341,NA,0.000481719743313143,NA
"292846",15,2,934,35709412,NA,0.000401905536235562,NA
"293314",15,3,19275,35786627,NA,0.000448313773470927,NA
"293315",15,3,19277,35786629,NA,0.000582196987401711,NA
"293769",15,3,25670,35793022,NA,-0.000495422718082037,NA
"294342",15,3,30321,35797673,NA,-0.000372167732723539,NA
"295395",15,4,24422,35823405,NA,-0.000465429589167251,NA
"298139",15,4,536130,36335113,NA,0.000406767840835782,NA
"299928",16,0,148306,36513977,NA,0.000533077699043785,NA
"309812",16,0,1549830,37915501,NA,0.00047095722969106,NA
"311019",16,1,25287,38137569,NA,0.000441572822740535,NA
"311035",16,1,25767,38138049,NA,0.000391994510442095,NA
"313374",16,1,359151,38471433,NA,-0.000641405354188843,NA
"316290",16,1,863775,38976057,NA,0.000433865325120092,NA
"319136",16,2,132955,39243772,NA,0.000604613637998773,NA
"319722",16,3,40496,39286365,NA,-0.000734244951242724,NA
"319788",16,3,41809,39287678,NA,-0.000667505689872703,NA
"324262",16,3,169836,39415705,NA,-0.000499606601542932,NA
"329644",16,5,98911,39959946,NA,0.000493463881095296,NA
"329859",16,5,100116,39961151,NA,0.000391367912210871,NA
"331659",16,7,13653,40203993,NA,-0.000513947410709865,NA
"331852",16,7,16016,40206356,NA,-0.000546846610607765,NA
"331868",16,7,16293,40206633,NA,-0.000412940145276076,NA
"331880",16,7,16431,40206771,NA,-0.000402192217969732,NA
"331896",16,7,16551,40206891,NA,-0.000400494964281814,NA
"332157",16,7,19308,40209648,NA,0.000552653974976361,NA
"332300",16,7,31934,40222274,NA,-0.000444328604775054,NA
"332301",16,7,31938,40222278,NA,-0.000463973856219714,NA
"334295",16,7,158260,40348600,NA,0.000391630511639732,NA
"334308",16,7,158320,40348660,NA,-0.000418778585842553,NA
"334402",16,7,158831,40349171,NA,0.000549622666460166,NA
"334432",16,7,159022,40349362,NA,-0.000525551616891279,NA
"334569",16,7,159877,40350217,NA,0.000450344104609434,NA
"334647",16,7,160283,40350623,NA,-0.000538738711697735,NA
"336846",16,8,134747,40489007,NA,0.000503266303477044,NA
"337568",16,9,102080,40591883,NA,-0.000444080249109913,NA
"337773",16,9,104202,40594005,NA,-0.00056860886034939,NA
"337874",16,9,105219,40595022,NA,-0.00038078369439194,NA
"338379",16,10,3392,38115674,NA,-0.000435105786249045,NA
"338449",16,10,4238,38116520,NA,0.000520786153751937,NA
"338700",16,10,57212,38169494,NA,0.00043824620412174,NA
"1712",1,0,203734,203734,NA,NA,-0.000263173385687007
"1720",1,0,203787,203787,NA,NA,-0.000338165153042849
"1727",1,0,203818,203818,NA,NA,-0.000286277655636447
"1728",1,0,203823,203823,NA,NA,-0.000388548393125296
"1793",1,0,204319,204319,NA,NA,-0.000362865804639279
"4467",1,0,492887,492887,NA,NA,-0.000287177791380149
"4495",1,0,493109,493109,NA,NA,-0.000491721784109516
"12348",1,0,1862301,1862301,NA,NA,0.000475183706278538
"16561",1,0,2573629,2573629,NA,NA,-0.000295410879334115
"16579",1,0,2573781,2573781,NA,NA,-0.000300521868933
"16628",1,0,2574117,2574117,NA,NA,0.000485443678345883
"16632",1,0,2574134,2574134,NA,NA,0.000425632619762191
"16633",1,0,2574135,2574135,NA,NA,0.000386485630124873
"16638",1,0,2574157,2574157,NA,NA,0.000495490336131609
"16750",1,0,2574804,2574804,NA,NA,-0.000309477975355407
"16773",1,0,2574987,2574987,NA,NA,-0.000370915471439023
"16842",1,0,2575501,2575501,NA,NA,-0.0003011965441982
"16847",1,0,2575542,2575542,NA,NA,0.000278573363404686
"17042",1,0,2576796,2576796,NA,NA,-0.00035853146182942
"17119",1,0,2577319,2577319,NA,NA,0.000552560300477903
"17202",1,0,2577914,2577914,NA,NA,-0.000268251218734833
"17208",1,0,2577965,2577965,NA,NA,-0.000380963200594193
"17360",1,0,2579025,2579025,NA,NA,-0.000329400996749883
"17363",1,0,2579036,2579036,NA,NA,-0.000273570794947804
"17367",1,0,2579055,2579055,NA,NA,-0.000370435457469886
"17371",1,0,2579081,2579081,NA,NA,-0.000482821911582068
"17422",1,0,2579459,2579459,NA,NA,-0.000371610392026056
"17681",1,0,2582160,2582160,NA,NA,0.000403758492809493
"17694",1,0,2582254,2582254,NA,NA,0.000679924871348469
"17758",1,0,2582779,2582779,NA,NA,0.000261752744268104
"17761",1,0,2582806,2582806,NA,NA,0.00117833099315406
"17764",1,0,2582813,2582813,NA,NA,0.000286092490844765
"17822",1,0,2583227,2583227,NA,NA,0.000419562860477528
"17825",1,0,2583234,2583234,NA,NA,0.000356844763681991
"17826",1,0,2583236,2583236,NA,NA,0.000275794564711798
"18058",1,0,2584827,2584827,NA,NA,-0.000651034858566409
"18098",1,0,2585092,2585092,NA,NA,-0.000266975277474444
"18102",1,0,2585108,2585108,NA,NA,-0.000392622738471195
"18216",1,0,2585754,2585754,NA,NA,0.000271894093016367
"23790",1,0,3194479,3194479,NA,NA,0.000462975224687097
"23794",1,0,3194513,3194513,NA,NA,-0.000262746090561517
"23797",1,0,3194535,3194535,NA,NA,0.000545074314493881
"24412",1,0,3211047,3211047,NA,NA,-0.000656063284125129
"24627",1,1,1133,3215904,NA,NA,0.000265272024160246
"24707",1,1,1792,3216563,NA,NA,0.00054831558065363
"25413",1,1,138867,3353638,NA,NA,-0.000259931909701199
"25752",1,1,140576,3355347,NA,NA,0.000278750256317723
"25909",2,0,798,3356566,NA,NA,-0.000465665887948592
"25949",2,0,1184,3356952,NA,NA,-0.000279040850623093
"26003",2,0,1787,3357555,NA,NA,-0.000335123769554606
"26096",2,0,2798,3358566,NA,NA,-0.000348881402072137
"29708",2,0,494221,3849989,NA,NA,-0.000321358066476998
"33113",2,0,850591,4206359,NA,NA,0.000745901380772509
"33114",2,0,850596,4206364,NA,NA,0.000834489667875141
"33115",2,0,850597,4206365,NA,NA,0.00072122984050636
"33117",2,0,850607,4206375,NA,NA,0.00064125499999352
"33119",2,0,850614,4206382,NA,NA,0.000663589296579261
"33120",2,0,850617,4206385,NA,NA,0.000282088366856183
"33125",2,0,850644,4206412,NA,NA,0.000265936230743027
"33129",2,0,850660,4206428,NA,NA,0.000286975430906565
"33152",2,0,850776,4206544,NA,NA,0.000412944956559159
"33492",2,0,853178,4208946,NA,NA,-0.00027364739526318
"33917",2,0,856200,4211968,NA,NA,-0.000373611683380696
"34040",2,0,856906,4212674,NA,NA,0.000388526795706452
"34082",2,0,857220,4212988,NA,NA,0.000304347783758176
"34181",2,0,857889,4213657,NA,NA,-0.000515623137900542
"34236",2,0,858291,4214059,NA,NA,0.000660556335284069
"34245",2,0,858347,4214115,NA,NA,0.000287742414371449
"34272",2,0,858473,4214241,NA,NA,-0.000303575528714616
"34391",2,0,859065,4214833,NA,NA,-0.000332599114459376
"34404",2,0,859163,4214931,NA,NA,0.000305849334032168
"34405",2,0,859167,4214935,NA,NA,0.000309260717343491
"34412",2,0,859212,4214980,NA,NA,0.000576707576255298
"34413",2,0,859213,4214981,NA,NA,0.000339710544648986
"34873",2,0,861959,4217727,NA,NA,0.000459920958486135
"35445",2,0,865886,4221654,NA,NA,-0.000328410547132802
"36194",2,0,1092321,4448089,NA,NA,-0.000421518249938233
"36266",2,0,1092889,4448657,NA,NA,0.000259079640115596
"38700",2,1,407724,4860425,NA,NA,0.000278835951657697
"39390",2,2,1976,4891468,NA,NA,0.000476718651701261
"39391",2,2,1979,4891471,NA,NA,0.000334553782960534
"42737",2,2,626055,5515547,NA,NA,0.000342072279935605
"42821",2,2,634915,5524407,NA,NA,0.000346728936885604
"42825",2,2,634960,5524452,NA,NA,0.000405017175537891
"42852",2,2,635234,5524726,NA,NA,0.000301592451065911
"47955",2,2,1141974,6031466,NA,NA,0.00026918868181821
"48032",2,2,1152983,6042475,NA,NA,-0.000278097648713667
"48293",2,3,4115,6050940,NA,NA,0.000353048648207694
"48755",2,3,9298,6056123,NA,NA,-0.000370730415886442
"48852",2,3,14211,6061036,NA,NA,-0.00058490887858664
"49030",2,3,16360,6063185,NA,NA,0.000266848459837871
"49031",2,3,16362,6063187,NA,NA,0.00030632793844904
"49063",2,3,16713,6063538,NA,NA,-0.000270458612321811
"49080",2,3,16826,6063651,NA,NA,-0.00028890673330032
"49166",2,3,17755,6064580,NA,NA,0.000353155008297456
"49231",2,3,18506,6065331,NA,NA,-0.000267683727843942
"51045",2,3,186242,6233067,NA,NA,0.000459527880995976
"51461",2,4,325,6239437,NA,NA,-0.000264720354077592
"51563",2,4,885,6239997,NA,NA,-0.000314050613108215
"51776",2,4,2381,6241493,NA,NA,-0.000398617043161861
"51897",2,4,3584,6242696,NA,NA,-0.000487953218654216
"51962",2,4,4118,6243230,NA,NA,-0.000268368793707893
"51978",2,4,4257,6243369,NA,NA,-0.000341146510996496
"52462",2,4,65942,6305054,NA,NA,0.000283204650515923
"53843",2,4,243301,6482413,NA,NA,-0.000738457693091236
"53844",2,4,243307,6482419,NA,NA,-0.000385551913894569
"53847",2,4,243331,6482443,NA,NA,-0.000300523130837502
"56535",2,4,627254,6866366,NA,NA,0.000383852551973829
"57215",2,4,703944,6943056,NA,NA,0.00027829735689532
"57255",2,4,704474,6943586,NA,NA,-0.000380096286728311
"57269",2,4,704532,6943644,NA,NA,-0.000311199629317341
"57488",2,4,705777,6944889,NA,NA,0.000279853784196254
"57652",2,4,706590,6945702,NA,NA,0.0003261610057138
"70809",3,1,1745648,9069179,NA,NA,0.000259130222756125
"76498",3,2,803937,9873696,NA,NA,-0.000333951011763088
"77709",3,2,976644,10046403,NA,NA,0.000279115151016207
"82590",4,0,84982,10960819,NA,NA,0.000541115858451436
"82712",4,0,85767,10961604,NA,NA,0.000259933912605338
"86621",4,0,363383,11239220,NA,NA,0.000310967241704164
"86724",4,0,364118,11239955,NA,NA,-0.000287102474045359
"86779",4,0,364456,11240293,NA,NA,-0.000461823081861635
"86791",4,0,364553,11240390,NA,NA,0.000270414074712928
"86880",4,1,488,11245260,NA,NA,0.000499424984663267
"86881",4,1,490,11245262,NA,NA,0.000308648213287492
"86983",4,1,4270,11249042,NA,NA,0.000314748615186965
"86984",4,1,4279,11249051,NA,NA,0.000310513156667008
"103021",5,0,2084402,13356981,NA,NA,0.000363058690189371
"105467",5,0,2331516,13604095,NA,NA,0.000371838266324188
"106039",5,0,2392514,13665093,NA,NA,0.000454091533237674
"106073",5,0,2392889,13665468,NA,NA,0.000268403275144471
"106117",5,0,2394425,13667004,NA,NA,-0.000392718437205856
"106119",5,0,2394435,13667014,NA,NA,-0.000678778630215461
"106122",5,0,2394466,13667045,NA,NA,-0.000400382248671348
"106130",5,0,2394577,13667156,NA,NA,-0.000397333576045425
"106476",5,0,2399872,13672451,NA,NA,-0.000347951754266849
"106481",5,0,2399914,13672493,NA,NA,-0.000295401916149394
"106482",5,0,2399919,13672498,NA,NA,-0.000581512247486724
"106615",5,0,2401039,13673618,NA,NA,0.000269059145774117
"106732",5,0,2402170,13674749,NA,NA,0.00079767438190768
"106734",5,0,2402182,13674761,NA,NA,0.000340290445341787
"106796",5,0,2402808,13675387,NA,NA,-0.000307861440987164
"107509",5,0,2419093,13691672,NA,NA,0.000342162029632618
"107584",5,0,2422403,13694982,NA,NA,-0.000275475600938547
"108596",5,1,51237,13750975,NA,NA,0.000460128590141885
"108672",5,1,53483,13753221,NA,NA,0.000320895948287158
"108673",5,1,53487,13753225,NA,NA,0.000320895948287158
"108674",5,1,53516,13753254,NA,NA,0.000649917015876447
"108723",5,1,54447,13754185,NA,NA,0.000266526231327323
"108740",5,1,55606,13755344,NA,NA,0.00036861554875762
"108741",5,1,55610,13755348,NA,NA,0.000479511752937667
"108941",5,1,71497,13771235,NA,NA,-0.000292176345849499
"108942",5,1,71502,13771240,NA,NA,-0.000271394781350757
"114203",5,1,752200,14451938,NA,NA,0.000295987672567981
"120027",5,1,1706239,15405977,NA,NA,0.000408982722996701
"123155",5,1,2207487,15907225,NA,NA,0.000296971232548656
"123157",5,1,2207492,15907230,NA,NA,0.000424405338663717
"123228",5,1,2207938,15907676,NA,NA,0.000272589143669918
"123366",5,1,2208959,15908697,NA,NA,0.000622009578166766
"123367",5,1,2208965,15908703,NA,NA,0.000305562866178296
"123368",5,1,2208967,15908705,NA,NA,0.000445564216978151
"123370",5,1,2208973,15908711,NA,NA,0.000305193135743417
"123546",5,1,2210229,15909967,NA,NA,-0.0002964138378525
"123823",5,1,2212721,15912459,NA,NA,0.000286988089017986
"123971",5,1,2213712,15913450,NA,NA,0.000300814313212945
"124099",5,1,2214620,15914358,NA,NA,0.000335943384424842
"124106",5,1,2214721,15914459,NA,NA,-0.000304217224371293
"126908",6,0,34015,15952602,NA,NA,-0.000282394639807328
"126918",6,0,34327,15952914,NA,NA,0.000301405912362135
"127224",6,0,37013,15955600,NA,NA,0.000278468763581913
"127227",6,0,37041,15955628,NA,NA,0.000272149265775554
"128770",6,0,52505,15971092,NA,NA,-0.000371934553974215
"129772",6,0,92701,16011288,NA,NA,-0.00029684654321026
"130086",6,0,95732,16014319,NA,NA,-0.000275397933318484
"130087",6,0,95740,16014327,NA,NA,-0.000275397933318484
"130089",6,0,95747,16014334,NA,NA,-0.000275397933318484
"130090",6,0,95748,16014335,NA,NA,-0.000275397933318484
"130091",6,0,95750,16014337,NA,NA,-0.000275397933318484
"130092",6,0,95758,16014345,NA,NA,-0.000275397933318484
"130093",6,0,95760,16014347,NA,NA,-0.000275397933318484
"130095",6,0,95770,16014357,NA,NA,-0.000275397933318484
"130098",6,0,95776,16014363,NA,NA,-0.000275397933318484
"130099",6,0,95784,16014371,NA,NA,-0.000275397933318484
"132762",6,0,146376,16064963,NA,NA,0.000259104002515301
"137494",6,0,974814,16893401,NA,NA,0.00033805284417272
"140583",6,0,1490473,17409060,NA,NA,0.000359033794214631
"140584",6,0,1490476,17409063,NA,NA,0.000310429650532054
"140678",6,0,1490955,17409542,NA,NA,0.000526809066269201
"140684",6,0,1490972,17409559,NA,NA,-0.000287498812649816
"140773",6,0,1491480,17410067,NA,NA,0.00029566761142518
"144609",6,1,11588,17824201,NA,NA,0.000295237144603561
"145471",6,2,708,17988884,NA,NA,-0.000525567030780248
"145491",6,2,804,17988980,NA,NA,-0.00037480505969669
"145524",6,2,1148,17989324,NA,NA,0.00031981945969745
"145542",6,2,1298,17989474,NA,NA,0.000263794585136183
"145567",6,2,1490,17989666,NA,NA,0.000262717858981462
"145628",6,2,1873,17990049,NA,NA,-0.000400059332440942
"145732",6,2,2703,17990879,NA,NA,-0.000319176950613357
"146611",6,2,113977,18102153,NA,NA,-0.000268406005191962
"146769",6,2,118308,18106484,NA,NA,-0.000318640981290337
"146869",6,2,119526,18107702,NA,NA,-0.000487898956136315
"147057",6,3,2815,18110705,NA,NA,0.000273776829335916
"147138",6,3,3264,18111154,NA,NA,0.000478067807761133
"147442",6,3,4887,18112777,NA,NA,-0.000301812014847927
"147516",6,3,6138,18114028,NA,NA,-0.000324622816244935
"150554",7,0,945,18496311,NA,NA,0.000373431018014617
"152487",7,0,363062,18858428,NA,NA,0.000286936003431808
"165105",7,2,641050,20762072,NA,NA,-0.000331641932884866
"170718",8,0,5042,21581807,NA,NA,0.000383600939159496
"170738",8,0,5188,21581953,NA,NA,-0.000463819013946607
"170908",8,0,11027,21587792,NA,NA,-0.000378122384585139
"170959",8,0,11340,21588105,NA,NA,0.000276407173614555
"170977",8,0,11440,21588205,NA,NA,0.000595055954898044
"171084",8,0,15139,21591904,NA,NA,0.000508736363720572
"171120",8,0,15389,21592154,NA,NA,-0.000313335694439539
"171274",8,0,16805,21593570,NA,NA,-0.000283482919826055
"171329",8,0,17181,21593946,NA,NA,-0.000699739623156173
"171382",8,0,17498,21594263,NA,NA,0.000279813496465375
"171383",8,0,17501,21594266,NA,NA,0.000311236818472421
"171413",8,0,17666,21594431,NA,NA,0.00028057075146006
"171449",8,0,17847,21594612,NA,NA,0.000385146772520079
"171494",8,0,18049,21594814,NA,NA,0.000286016213496235
"171571",8,0,18448,21595213,NA,NA,-0.000262823889418989
"171574",8,0,18457,21595222,NA,NA,-0.000406982405424072
"171575",8,0,18474,21595239,NA,NA,-0.000274958618070714
"172561",8,1,4371,21647850,NA,NA,-0.000284035921281807
"172562",8,1,4381,21647860,NA,NA,-0.000284035921281807
"173370",8,1,95504,21738983,NA,NA,0.000272325030917366
"173371",8,1,95519,21738998,NA,NA,0.000355076913145473
"173373",8,1,95533,21739012,NA,NA,0.000549970374156874
"173375",8,1,95539,21739018,NA,NA,0.00034751255355716
"173511",8,1,96368,21739847,NA,NA,0.000310972024586817
"173636",8,1,97090,21740569,NA,NA,0.000267916242439589
"173738",8,1,97784,21741263,NA,NA,0.00027292943739049
"173767",8,1,97917,21741396,NA,NA,0.000317644762127364
"173984",8,1,98979,21742458,NA,NA,-0.000327409655144727
"176881",8,1,460888,22104367,NA,NA,0.000470566211496533
"176892",8,1,462483,22105962,NA,NA,0.000270286135794659
"180911",8,1,995498,22638977,NA,NA,-0.000263010873669496
"180981",8,1,996082,22639561,NA,NA,-0.000274024994893452
"181205",8,1,998695,22642174,NA,NA,0.000311492165529831
"181378",8,1,1001550,22645029,NA,NA,-0.000656201752797876
"181379",8,1,1001568,22645047,NA,NA,-0.00025912949345091
"181409",8,1,1002039,22645518,NA,NA,-0.000288717215455764
"181410",8,1,1002049,22645528,NA,NA,-0.000382656540473971
"181570",8,1,1006045,22649524,NA,NA,0.000308143222565693
"181706",8,1,1009123,22652602,NA,NA,0.000277969861953874
"181709",8,1,1009164,22652643,NA,NA,0.000642256992559903
"181754",8,1,1009613,22653092,NA,NA,0.000443515149302485
"181789",8,1,1009834,22653313,NA,NA,0.000351776718607196
"181884",8,2,4243,22657802,NA,NA,-0.000512458008213432
"181909",8,2,4495,22658054,NA,NA,-0.000308373826918512
"181910",8,2,4503,22658062,NA,NA,-0.000289236053030084
"183230",8,2,149978,22803537,NA,NA,0.000395992898559138
"183234",8,2,150027,22803586,NA,NA,0.000311961392893004
"183524",8,2,151916,22805475,NA,NA,0.000351416198717587
"183527",8,2,151932,22805491,NA,NA,0.000593057690093122
"184801",8,2,182403,22835962,NA,NA,0.000282850918949847
"184809",8,2,182461,22836020,NA,NA,0.000297126058841007
"185310",8,2,222600,22876159,NA,NA,-0.00031423123163191
"185392",8,2,223612,22877171,NA,NA,0.000287011435350599
"185397",8,2,223663,22877222,NA,NA,0.000425151576831716
"185399",8,2,223683,22877242,NA,NA,0.000535920706649468
"185404",8,2,223718,22877277,NA,NA,0.000269762726796122
"185405",8,2,223720,22877279,NA,NA,0.000488122632864303
"185461",8,2,231021,22884580,NA,NA,0.000313345699794954
"185506",8,2,236067,22889626,NA,NA,0.000293005975018937
"187835",8,2,565823,23219382,NA,NA,0.000648264937165073
"187860",8,2,566138,23219697,NA,NA,0.000323532090635059
"188099",8,2,569037,23222596,NA,NA,0.000262700635860039
"188151",8,2,569378,23222937,NA,NA,-0.00030002703299996
"188164",8,2,569451,23223010,NA,NA,-0.000315129994354941
"188234",8,2,570013,23223572,NA,NA,-0.000455172574811652
"188469",8,2,572543,23226102,NA,NA,0.000455667201744906
"188565",8,2,573113,23226672,NA,NA,0.000284978817606559
"188621",8,2,573547,23227106,NA,NA,-0.000334332486881946
"188737",8,2,575592,23229151,NA,NA,-0.000272524018144451
"188820",8,2,576100,23229659,NA,NA,0.000281083876485418
"188825",8,2,576115,23229674,NA,NA,0.000491982354060726
"188828",8,2,576130,23229689,NA,NA,0.000348771529623586
"188877",8,2,576367,23229926,NA,NA,0.000302602789858323
"188878",8,2,576373,23229932,NA,NA,0.000260252573037556
"188977",8,2,577102,23230661,NA,NA,0.000318428494753336
"189059",8,2,578186,23231745,NA,NA,-0.000338229137227571
"189061",8,2,578191,23231750,NA,NA,-0.000398234251473971
"189911",9,0,101968,23334605,NA,NA,0.00026379536273748
"190143",9,1,17,23384294,NA,NA,0.000332682140216132
"190208",9,1,528,23384805,NA,NA,0.00037641147068928
"190238",9,1,685,23384962,NA,NA,0.000441466418369609
"190374",9,1,3201,23387478,NA,NA,0.000306976387501879
"190379",9,1,3244,23387521,NA,NA,0.000714506386200186
"190380",9,1,3248,23387525,NA,NA,0.000414541387048688
"190381",9,1,3250,23387527,NA,NA,0.000513404155836935
"190382",9,1,3253,23387530,NA,NA,0.000666178900892295
"190385",9,1,3260,23387537,NA,NA,0.000511983977685623
"190386",9,1,3267,23387544,NA,NA,0.000348301821079031
"190387",9,1,3291,23387568,NA,NA,0.000543257185028902
"190388",9,1,3297,23387574,NA,NA,0.000772897824659838
"190538",9,1,4490,23388767,NA,NA,-0.000383225754987108
"190548",9,1,4529,23388806,NA,NA,-0.000291168718669024
"190576",9,1,4711,23388988,NA,NA,0.000275012730536582
"190583",9,1,4764,23389041,NA,NA,0.000270350150428026
"190640",9,1,5202,23389479,NA,NA,-0.000374824933941836
"190641",9,1,5217,23389494,NA,NA,-0.000772713419916392
"190644",9,1,5227,23389504,NA,NA,-0.00027080720909922
"190965",9,1,8165,23392442,NA,NA,-0.000408815506032122
"191077",9,1,10356,23394633,NA,NA,0.00033925340549054
"191519",9,1,29622,23413899,NA,NA,0.000271173407602187
"191683",9,1,31187,23415464,NA,NA,-0.000308446865621965
"191919",9,1,33069,23417346,NA,NA,-0.000411474368190051
"192011",9,1,33989,23418266,NA,NA,-0.000360737690748025
"192032",9,1,34179,23418456,NA,NA,-0.000309234932773837
"192053",9,1,34302,23418579,NA,NA,-0.000259057178735276
"192104",9,1,34744,23419021,NA,NA,-0.000257658983383275
"192133",9,1,34953,23419230,NA,NA,-0.000283838116373944
"192454",9,1,39436,23423713,NA,NA,-0.000433435620466114
"192568",9,1,40055,23424332,NA,NA,-0.000302225038142207
"192735",9,1,42046,23426323,NA,NA,0.000296715528938484
"192796",9,1,42366,23426643,NA,NA,0.000355176660280299
"192817",9,1,42464,23426741,NA,NA,-0.00044159688196339
"193237",9,1,47587,23431864,NA,NA,0.000281581288983663
"193290",9,1,50168,23434445,NA,NA,-0.000292450795575587
"200061",9,1,901709,24285986,NA,NA,-0.000474404161771288
"202350",9,1,1258985,24643262,NA,NA,0.000263407251666339
"205730",9,1,1617562,25001839,NA,NA,0.000268679431400122
"205731",9,1,1617563,25001840,NA,NA,0.000268679431400122
"205733",9,1,1617576,25001853,NA,NA,0.000268679431400122
"205734",9,1,1617586,25001863,NA,NA,0.00036183468114854
"206763",9,1,1723748,25108025,NA,NA,0.000278256499894695
"207288",9,1,1791169,25175446,NA,NA,0.000268903398711326
"207600",9,1,1840045,25224322,NA,NA,0.000271883425370236
"208194",9,1,1873907,25258184,NA,NA,0.00065026693150852
"208870",9,1,2005625,25389902,NA,NA,0.000276271888328403
"209693",9,1,2067525,25451802,NA,NA,0.000359410045014818
"210228",9,1,2076285,25460562,NA,NA,-0.000330927764149501
"212302",10,0,69775,25695841,NA,NA,0.000495738235475081
"212590",10,1,10107,25705948,NA,NA,-0.000418942724791462
"212636",10,1,10477,25706318,NA,NA,0.000331839568825757
"212651",10,1,10570,25706411,NA,NA,-0.000356818684268772
"212663",10,1,10627,25706468,NA,NA,0.000491923139197297
"212718",10,1,10928,25706769,NA,NA,0.000368229902638148
"212730",10,1,10997,25706838,NA,NA,0.000313907388579822
"212744",10,1,11087,25706928,NA,NA,0.000362494336817168
"212781",10,1,11418,25707259,NA,NA,0.000288134563736144
"212786",10,1,11450,25707291,NA,NA,0.000335240068850564
"212791",10,1,11484,25707325,NA,NA,0.000621463501518938
"212864",10,1,11937,25707778,NA,NA,-0.000342305677040453
"212904",10,1,12207,25708048,NA,NA,0.000565636952137933
"212920",10,1,12306,25708147,NA,NA,0.000366601337610904
"212951",10,1,12612,25708453,NA,NA,0.000376091541219041
"212952",10,1,12636,25708477,NA,NA,0.000310332365022259
"212959",10,1,12682,25708523,NA,NA,0.000263185416967683
"213049",10,1,13552,25709393,NA,NA,-0.000303771888938545
"213051",10,1,13574,25709415,NA,NA,-0.000262228626213052
"213055",10,1,13604,25709445,NA,NA,-0.000342703797427989
"213119",10,1,14315,25710156,NA,NA,0.000303473238793742
"213395",10,1,21974,25717815,NA,NA,-0.000323487730718073
"213397",10,1,22019,25717860,NA,NA,-0.000273533304750591
"213398",10,1,22030,25717871,NA,NA,-0.000296490056665751
"213426",10,1,23109,25718950,NA,NA,-0.000281433095815726
"216184",10,1,303562,25999403,NA,NA,-0.000272601402484897
"223788",10,1,1356004,27051845,NA,NA,-0.000278031659768149
"223849",10,1,1361365,27057206,NA,NA,0.000310022094551251
"223901",10,1,1361665,27057506,NA,NA,-0.000313500808792792
"223985",10,1,1362074,27057915,NA,NA,0.000383485576960257
"224017",10,1,1362581,27058422,NA,NA,0.00026836396127446
"224134",10,1,1363353,27059194,NA,NA,0.000316493604781705
"224179",10,1,1366050,27061891,NA,NA,-0.000300008564655417
"224230",10,1,1366306,27062147,NA,NA,-0.000319637414293423
"224326",10,1,1366885,27062726,NA,NA,-0.000260224498799187
"224488",10,1,1367832,27063673,NA,NA,-0.0003333989941556
"229573",10,1,2033881,27729722,NA,NA,0.000266686009410537
"229581",10,1,2033963,27729804,NA,NA,0.000284596089075945
"229587",10,1,2034016,27729857,NA,NA,0.000259015842382255
"229885",10,1,2037704,27733545,NA,NA,0.000300953106489291
"229891",10,1,2037720,27733561,NA,NA,0.000275425418512399
"229943",10,1,2038104,27733945,NA,NA,0.000321553977569755
"230019",10,1,2043608,27739449,NA,NA,0.000280615806063471
"231560",10,1,2258418,27954259,NA,NA,-0.000375425338155072
"232087",10,1,2276066,27971907,NA,NA,0.00027829966744987
"232146",10,1,2276544,27972385,NA,NA,0.000288670360320536
"232444",10,1,2278899,27974740,NA,NA,0.000343596510762064
"232451",10,1,2278991,27974832,NA,NA,0.000503098129114936
"232690",10,1,2281011,27976852,NA,NA,-0.00027058425422397
"232782",10,1,2281898,27977739,NA,NA,-0.000270054952793137
"232784",10,1,2281913,27977754,NA,NA,-0.000543566418304935
"232785",10,1,2281920,27977761,NA,NA,-0.000322813132237047
"232803",10,1,2282078,27977919,NA,NA,-0.000287077467748386
"232878",10,1,2282643,27978484,NA,NA,0.000285313274215816
"234795",11,0,546346,28528758,NA,NA,0.000289099775561644
"238445",12,0,3780,29237811,NA,NA,-0.000309642749144753
"238764",12,0,12453,29246484,NA,NA,-0.000694666146823462
"242415",12,0,457256,29691287,NA,NA,0.000320313379064121
"242465",12,0,458203,29692234,NA,NA,-0.000354412634433627
"244991",12,0,807750,30041781,NA,NA,0.000307013107490083
"249718",12,1,579017,30750062,NA,NA,0.000296692237991308
"252265",13,0,18956,31092916,NA,NA,0.000302561744571461
"252368",13,0,19549,31093509,NA,NA,0.000258727880128743
"252407",13,0,19827,31093787,NA,NA,-0.000345417150971851
"252415",13,0,19873,31093833,NA,NA,-0.00027145438065854
"252526",13,0,20445,31094405,NA,NA,0.000474503096059409
"252541",13,0,20529,31094489,NA,NA,0.00041645170339703
"252663",13,0,21144,31095104,NA,NA,-0.000345156236093098
"252703",13,0,21320,31095280,NA,NA,0.000281315907370104
"252711",13,0,21351,31095311,NA,NA,0.000313777888558672
"253107",13,0,25436,31099396,NA,NA,-0.00064667452948975
"253109",13,0,25448,31099408,NA,NA,-0.000694677844585252
"253152",13,0,26099,31100059,NA,NA,-0.000404342880816758
"253153",13,0,26100,31100060,NA,NA,-0.000298654026385943
"253154",13,0,26132,31100092,NA,NA,-0.000270976240489854
"258671",13,0,753985,31827945,NA,NA,-0.000261880313094061
"258696",13,0,754545,31828505,NA,NA,0.00033355262420342
"259059",13,0,764492,31838452,NA,NA,0.000271359118348194
"259240",13,0,765656,31839616,NA,NA,0.00037719071849147
"259241",13,0,765658,31839618,NA,NA,0.000359614497699934
"259244",13,0,765677,31839637,NA,NA,0.000509833519115561
"259245",13,0,765691,31839651,NA,NA,0.000360130862390818
"259297",13,0,766049,31840009,NA,NA,-0.000335486850795306
"259373",13,0,766467,31840427,NA,NA,0.000292734491879825
"259452",13,0,767981,31841941,NA,NA,-0.000340766312765529
"259576",13,0,768656,31842616,NA,NA,0.000488654973671873
"259710",13,0,776764,31850724,NA,NA,-0.000268576609046771
"259735",13,0,776886,31850846,NA,NA,-0.000359277846260467
"259738",13,0,776895,31850855,NA,NA,-0.000272459538435661
"259742",13,0,776914,31850874,NA,NA,-0.000468532449632072
"259743",13,0,776918,31850878,NA,NA,-0.000390255165142283
"259744",13,0,776923,31850883,NA,NA,-0.000653517378643915
"259746",13,0,776936,31850896,NA,NA,-0.000357581731247624
"260169",13,1,73,31861410,NA,NA,-0.000452106812473113
"260498",13,1,3325,31864662,NA,NA,-0.000263934753608053
"267266",13,2,1019,32699205,NA,NA,-0.000268219160367844
"267389",13,2,1827,32700013,NA,NA,-0.000285816373998247
"267737",13,2,3667,32701853,NA,NA,0.000546232608395233
"267888",13,2,7313,32705499,NA,NA,0.000257940215095816
"268043",13,2,8205,32706391,NA,NA,0.000486419387257487
"268291",13,2,10026,32708212,NA,NA,0.000279015587510502
"268375",13,2,10813,32708999,NA,NA,0.000328190731579546
"268409",13,2,11051,32709237,NA,NA,-0.000422705402084724
"268415",13,2,11082,32709268,NA,NA,0.000552030843776022
"268634",13,2,12537,32710723,NA,NA,-0.00029792970446316
"268741",13,2,16437,32714623,NA,NA,-0.000291606895530314
"268812",13,2,17363,32715549,NA,NA,-0.000416941922856061
"268835",13,2,17503,32715689,NA,NA,-0.000419270935535029
"268871",13,2,17781,32715967,NA,NA,0.000305735193492916
"268879",13,2,22196,32720382,NA,NA,-0.000284032569557826
"268939",13,2,25787,32723973,NA,NA,-0.000299847683604327
"271107",14,0,238569,32993067,NA,NA,0.000283935221371545
"276040",14,1,2063,33551666,NA,NA,0.000278919948301558
"276056",14,1,2110,33551713,NA,NA,0.000300806267208183
"276070",14,1,2189,33551792,NA,NA,0.00041597883258502
"276166",14,1,2831,33552434,NA,NA,0.000300351217308371
"276333",14,1,3892,33553495,NA,NA,-0.000422543551554263
"276335",14,1,3902,33553505,NA,NA,-0.000274002414074638
"276336",14,1,3912,33553515,NA,NA,-0.000530493759439532
"276337",14,1,3917,33553520,NA,NA,-0.000268095626377929
"276341",14,1,3949,33553552,NA,NA,-0.000300955783128782
"280183",14,1,586339,34135942,NA,NA,-0.000371525481079162
"283825",14,1,1172119,34721722,NA,NA,0.000348057642390603
"287091",14,2,349,35258269,NA,NA,-0.000301008330266683
"287122",14,2,537,35258457,NA,NA,-0.000298212741581653
"287134",14,2,618,35258538,NA,NA,0.000322955968342822
"287139",14,2,639,35258559,NA,NA,0.000294882280562513
"287186",14,2,1008,35258928,NA,NA,-0.000502831095375054
"287344",14,2,2378,35260298,NA,NA,-0.000918184559669122
"287373",14,2,2684,35260604,NA,NA,0.000418020411212633
"287380",14,2,2741,35260661,NA,NA,-0.000258881523019117
"287503",14,2,3587,35261507,NA,NA,0.000302082279916032
"287609",14,2,4304,35262224,NA,NA,0.000403623972337398
"287626",14,2,4448,35262368,NA,NA,0.000325663735864293
"287706",14,2,5056,35262976,NA,NA,0.000265858425096192
"287791",14,2,5725,35263645,NA,NA,0.000746906777286991
"287873",14,2,6410,35264330,NA,NA,-0.000477065015917162
"288086",14,2,45020,35302940,NA,NA,-0.000288388403922463
"288163",14,2,45677,35303597,NA,NA,-0.000364840918301347
"288195",14,2,45870,35303790,NA,NA,-0.000288622883861332
"288235",14,2,46304,35304224,NA,NA,-0.000329506853934709
"288484",14,2,48002,35305922,NA,NA,0.000621996124588949
"288487",14,2,48005,35305925,NA,NA,0.000331419556468707
"288523",14,2,48259,35306179,NA,NA,-0.000376253701110159
"288745",14,2,49925,35307845,NA,NA,0.00092329792210657
"288751",14,2,49962,35307882,NA,NA,0.00131417852240095
"288752",14,2,49963,35307883,NA,NA,0.000418260949261776
"288760",14,2,50023,35307943,NA,NA,0.00043826352368299
"289572",15,1,497,35426068,NA,NA,-0.000291876537756733
"289695",15,1,1603,35427174,NA,NA,0.000297757252116689
"289723",15,1,1818,35427389,NA,NA,-0.000317772584425117
"289726",15,1,1830,35427401,NA,NA,-0.000279572825053713
"292351",15,1,273975,35699546,NA,NA,0.000283312955469696
"292400",15,1,274461,35700032,NA,NA,0.000354507214788527
"292426",15,1,274942,35700513,NA,NA,0.000295280549546386
"292437",15,1,275238,35700809,NA,NA,0.000268914971810774
"292464",15,1,275479,35701050,NA,NA,0.000268040852851331
"292569",15,1,276681,35702252,NA,NA,-0.000258130879947084
"292656",15,1,277624,35703195,NA,NA,0.000323433488925611
"292657",15,1,277630,35703201,NA,NA,0.00039378422039328
"293399",15,3,20012,35787364,NA,NA,0.000319672684791858
"293980",15,3,27358,35794710,NA,NA,0.000280155601396881
"294204",15,3,29232,35796584,NA,NA,0.000358502443061437
"294428",15,3,30763,35798115,NA,NA,-0.00031308144634737
"294538",15,3,31422,35798774,NA,NA,0.000349135725878625
"294697",15,4,11295,35810278,NA,NA,-0.000276977054407524
"294819",15,4,18110,35817093,NA,NA,0.000282983932998377
"294878",15,4,18451,35817434,NA,NA,0.000261825356254297
"295023",15,4,20452,35819435,NA,NA,0.00032944062273686
"295123",15,4,21067,35820050,NA,NA,-0.000296735690765924
"295125",15,4,21072,35820055,NA,NA,-0.000296705643087517
"295334",15,4,24039,35823022,NA,NA,-0.000302925104516676
"295340",15,4,24079,35823062,NA,NA,-0.000272012283212422
"295347",15,4,24117,35823100,NA,NA,-0.00026719738337354
"295362",15,4,24227,35823210,NA,NA,-0.000308521572718392
"295567",15,4,26018,35825001,NA,NA,-0.000348115200442012
"295568",15,4,26022,35825005,NA,NA,-0.000265454120005043
"295595",15,4,26467,35825450,NA,NA,-0.000359199387369134
"295996",15,4,103099,35902082,NA,NA,-0.000400141994925204
"299208",16,0,87512,36453183,NA,NA,0.000265333013437744
"300388",16,0,185286,36550957,NA,NA,0.000646415023254783
"310773",16,1,3092,38115374,NA,NA,0.000465097108142664
"311232",16,1,41891,38154173,NA,NA,0.000298022099580546
"313354",16,1,358915,38471197,NA,NA,0.000313798344784308
"316378",16,1,864297,38976579,NA,NA,0.00025759417925776
"316982",16,1,892603,39004885,NA,NA,0.000310729489300658
"316986",16,1,892627,39004909,NA,NA,0.00034965567348801
"316987",16,1,892632,39004914,NA,NA,0.000455438472459914
"316995",16,1,892767,39005049,NA,NA,0.000539623485752811
"316996",16,1,892783,39005065,NA,NA,0.000273441502177809
"317018",16,1,892987,39005269,NA,NA,0.000269544227375841
"317314",16,1,896196,39008478,NA,NA,0.000307872309989642
"317928",16,2,3660,39114477,NA,NA,0.000365400113934245
"317931",16,2,3683,39114500,NA,NA,0.000277101598200545
"317933",16,2,3790,39114607,NA,NA,0.000268402273896818
"319203",16,3,192,39246061,NA,NA,0.00031253543793772
"319939",16,3,45122,39290991,NA,NA,0.000333668680582067
"321649",16,3,93576,39339445,NA,NA,-0.000536593321636891
"322228",16,3,107579,39353448,NA,NA,0.000274528298262645
"322302",16,3,108620,39354489,NA,NA,0.000521557769751408
"323600",16,3,147486,39393355,NA,NA,0.000317234976516353
"324292",16,3,170356,39416225,NA,NA,0.000258042326434511
"328316",16,5,1072,39862107,NA,NA,-0.000365044085083185
"328317",16,5,1078,39862113,NA,NA,-0.000365044085083185
"328319",16,5,1090,39862125,NA,NA,-0.00043926555966354
"328320",16,5,1108,39862143,NA,NA,-0.000365044085083185
"328323",16,5,1141,39862176,NA,NA,-0.000282402781178722
"328325",16,5,1147,39862182,NA,NA,-0.000402379880323548
"328326",16,5,1158,39862193,NA,NA,-0.000402379880323548
"328338",16,5,3057,39864092,NA,NA,-0.000303596639836423
"329103",16,5,94324,39955359,NA,NA,0.00026822263512141
"329127",16,5,94448,39955483,NA,NA,0.000308110980602911
"329338",16,5,96554,39957589,NA,NA,0.000426468841453184
"329343",16,5,96599,39957634,NA,NA,0.000375678509390043
"329432",16,5,97114,39958149,NA,NA,-0.000532088008949552
"329461",16,5,97351,39958386,NA,NA,0.00035084924906821
"329576",16,5,98414,39959449,NA,NA,0.000267370347168906
"331663",16,7,13666,40204006,NA,NA,0.000261391750677335
"331789",16,7,15178,40205518,NA,NA,0.000396158667319475
"332138",16,7,19082,40209422,NA,NA,-0.000335005113725064
"332152",16,7,19216,40209556,NA,NA,-0.000524831484493287
"332344",16,7,32313,40222653,NA,NA,0.00037175972754027
"332695",16,7,118650,40308990,NA,NA,0.000410682482799265
"333081",16,7,125204,40315544,NA,NA,0.000348515815589297
"333083",16,7,125227,40315567,NA,NA,0.00052715633027862
"333084",16,7,125235,40315575,NA,NA,0.000331631825020354
"333086",16,7,125259,40315599,NA,NA,0.000629642473029856
"333091",16,7,125469,40315809,NA,NA,0.000372926639219409
"333092",16,7,125479,40315819,NA,NA,0.000396700879305884
"333093",16,7,125480,40315820,NA,NA,0.000720042526821037
"333173",16,7,126338,40316678,NA,NA,0.000285037172082451
"333174",16,7,126348,40316688,NA,NA,0.000328803006084368
"333175",16,7,126355,40316695,NA,NA,0.000303295547505019
"333195",16,7,126713,40317053,NA,NA,0.000298582582114462
"333196",16,7,126731,40317071,NA,NA,0.000290548263283681
"333198",16,7,126738,40317078,NA,NA,0.000367819607532083
"334014",16,7,156750,40347090,NA,NA,0.000260929345137096
"334015",16,7,156751,40347091,NA,NA,0.000434416621001821
"334019",16,7,156764,40347104,NA,NA,0.000615851973539271
"334071",16,7,157000,40347340,NA,NA,-0.000279764744322593
"334533",16,7,159630,40349970,NA,NA,0.000374059627944337
"334556",16,7,159793,40350133,NA,NA,-0.000323749514379817
"334597",16,7,160078,40350418,NA,NA,-0.000469442672829374
"334637",16,7,160254,40350594,NA,NA,0.00026550753039389
"334957",16,7,162062,40352402,NA,NA,0.000589666574549428
"334958",16,7,162081,40352421,NA,NA,0.000336824267974625
"334967",16,7,162149,40352489,NA,NA,0.000289664699091851
"334982",16,7,162323,40352663,NA,NA,-0.000515312844106617
"337109",16,9,3358,40493161,NA,NA,-0.000269169969371006
"337114",16,9,4040,40493843,NA,NA,0.000414574691152529
"337772",16,9,104196,40593999,NA,NA,0.000263540640298064
"337777",16,9,104218,40594021,NA,NA,0.000491127217850716
"337792",16,9,104294,40594097,NA,NA,0.000270341883589899
"338136",16,10,1022,38113304,NA,NA,0.000315060490348713
"338186",16,10,1526,38113808,NA,NA,0.000322849729151292
"338193",16,10,1580,38113862,NA,NA,0.000299952172700367
"338202",16,10,1639,38113921,NA,NA,-0.0004229387454537
"338310",16,10,2836,38115118,NA,NA,0.000275474415056263
"338377",16,10,3376,38115658,NA,NA,0.00044646612383939
"338403",16,10,3577,38115859,NA,NA,0.000450720764980654
"338867",16,11,5536,40614526,NA,NA,0.000290795945112746
"345351",16,11,920405,41529395,NA,NA,0.000424656762285887
