"","Chromosome","Segment","Pos","Index","Gene","Effect.Domesticated","Effect.Wild","Effect.DmWoD","Chrom.Seg","Chrom.Seg.F","Chrom.Seg.Int"
"1",1,0,202946,202946,"BcT4_53",0.001051454,0.000525044,NA,1,"1",1
"3",1,0,202952,202952,"BcT4_53",NA,0.000373844,NA,1,"1",1
"4",1,0,202962,202962,"BcT4_53",NA,0.000373319,NA,1,"1",1
"5",1,0,202983,202983,"BcT4_53",NA,0.000411042,NA,1,"1",1
"6",1,0,203073,203073,"#N/A",0.000456592,NA,NA,1,"1",1
"7",1,0,203120,203120,"#N/A",0.000461988,NA,NA,1,"1",1
"8",1,0,203140,203140,"BcT4_53",NA,0.000477144,NA,1,"1",1
"9",1,0,203734,203734,"BcT4_53",NA,NA,-0.000263173,1,"1",1
"10",1,0,203787,203787,"BcT4_53",NA,NA,-0.000338165,1,"1",1
"11",1,0,203818,203818,"BcT4_53",NA,NA,-0.000286278,1,"1",1
"12",1,0,203823,203823,"BcT4_53",NA,NA,-0.000388548,1,"1",1
"13",1,0,204261,204261,"BcT4_54",NA,0.000373208,NA,1,"1",1
"14",1,0,204319,204319,"BcT4_54",NA,NA,-0.000362866,1,"1",1
"15",1,0,492887,492887,"BcT4_135",NA,NA,-0.000287178,1,"1",1
"16",1,0,493109,493109,"BcT4_136",NA,NA,-0.000491722,1,"1",1
"17",1,0,1862301,1862301,"BcT4_483",NA,NA,0.000475184,1,"1",1
"18",1,0,1872836,1872836,"BcT4_487",NA,0.000402561,NA,1,"1",1
"19",1,0,1872846,1872846,"BcT4_487",NA,0.000402561,NA,1,"1",1
"20",1,0,1872851,1872851,"BcT4_487",NA,0.000402561,NA,1,"1",1
"21",1,0,2573566,2573566,"#N/A",0.000644829,NA,NA,1,"1",1
"22",1,0,2573629,2573629,"BcT4_670",NA,NA,-0.000295411,1,"1",1
"23",1,0,2573781,2573781,"BcT4_670",NA,NA,-0.000300522,1,"1",1
"24",1,0,2573905,2573905,"BcT4_670",NA,0.000435673,NA,1,"1",1
"25",1,0,2574117,2574117,"BcT4_670",NA,NA,0.000485444,1,"1",1
"26",1,0,2574134,2574134,"BcT4_670",NA,NA,0.000425633,1,"1",1
"27",1,0,2574135,2574135,"BcT4_670",NA,NA,0.000386486,1,"1",1
"28",1,0,2574157,2574157,"BcT4_670",NA,NA,0.00049549,1,"1",1
"29",1,0,2574804,2574804,"BcT4_670",NA,NA,-0.000309478,1,"1",1
"30",1,0,2574987,2574987,"BcT4_670",NA,NA,-0.000370916,1,"1",1
"31",1,0,2575167,2575167,"#N/A",-0.000467163,NA,NA,1,"1",1
"32",1,0,2575501,2575501,"BcT4_670",NA,NA,-0.000301197,1,"1",1
"33",1,0,2575542,2575542,"BcT4_670",NA,NA,0.000278573,1,"1",1
"34",1,0,2575909,2575909,"#N/A",-0.000471217,NA,NA,1,"1",1
"35",1,0,2576163,2576163,"BcT4_670",NA,-0.000534927,NA,1,"1",1
"36",1,0,2576284,2576284,"#N/A",-0.00054717,NA,NA,1,"1",1
"37",1,0,2576367,2576367,"BcT4_670",-0.000493656,-0.000540402,NA,1,"1",1
"39",1,0,2576412,2576412,"#N/A",-0.000494811,NA,NA,1,"1",1
"40",1,0,2576581,2576581,"BcT4_670",NA,0.000454737,NA,1,"1",1
"41",1,0,2576630,2576630,"#N/A",0.000524685,NA,NA,1,"1",1
"42",1,0,2576637,2576637,"BcT4_670",0.001499147,0.001348619,NA,1,"1",1
"44",1,0,2576640,2576640,"BcT4_670",NA,0.000731312,NA,1,"1",1
"45",1,0,2576728,2576728,"BcT4_670",-0.000585753,-0.000451728,NA,1,"1",1
"47",1,0,2576796,2576796,"BcT4_670",NA,NA,-0.000358532,1,"1",1
"48",1,0,2577072,2577072,"BcT4_670",NA,-0.000392716,0.00050154,1,"1",1
"50",1,0,2577122,2577122,"BcT4_670",-0.000651971,-0.000539269,NA,1,"1",1
"52",1,0,2577240,2577240,"BcT4_670",NA,-0.000675599,NA,1,"1",1
"53",1,0,2577279,2577279,"BcT4_670",NA,-0.000659292,0.000304513,1,"1",1
"55",1,0,2577314,2577314,"BcT4_670",NA,-0.000508355,NA,1,"1",1
"56",1,0,2577319,2577319,"BcT4_670",NA,NA,0.00055256,1,"1",1
"57",1,0,2577787,2577787,"#N/A",-0.000455799,NA,NA,1,"1",1
"58",1,0,2577914,2577914,"BcT4_670",NA,NA,-0.000268251,1,"1",1
"59",1,0,2577965,2577965,"BcT4_670",NA,NA,-0.000380963,1,"1",1
"60",1,0,2578356,2578356,"BcT4_670",0.000665107,0.000409356,NA,1,"1",1
"62",1,0,2578380,2578380,"BcT4_670",0.000801774,0.000866344,NA,1,"1",1
"64",1,0,2578978,2578978,"#N/A",-0.000464919,NA,NA,1,"1",1
"65",1,0,2579025,2579025,"BcT4_671",NA,NA,-0.000329401,1,"1",1
"66",1,0,2579036,2579036,"BcT4_671",NA,NA,-0.000273571,1,"1",1
"67",1,0,2579055,2579055,"BcT4_671",NA,NA,-0.000370436,1,"1",1
"68",1,0,2579081,2579081,"BcT4_671",NA,NA,-0.000482822,1,"1",1
"69",1,0,2579272,2579272,"BcT4_671",NA,0.000729073,NA,1,"1",1
"70",1,0,2579459,2579459,"BcT4_671",NA,NA,-0.00037161,1,"1",1
"71",1,0,2580117,2580117,"BcT4_671",NA,0.000716612,NA,1,"1",1
"72",1,0,2582160,2582160,"BcT4_671",NA,NA,0.000403759,1,"1",1
"73",1,0,2582254,2582254,"BcT4_671",NA,NA,0.000679925,1,"1",1
"74",1,0,2582779,2582779,"BcT4_671",NA,NA,0.000261753,1,"1",1
"75",1,0,2582806,2582806,"BcT4_671",NA,NA,0.001178331,1,"1",1
"76",1,0,2582813,2582813,"BcT4_671",NA,NA,0.000286093,1,"1",1
"77",1,0,2582901,2582901,"BcT4_671",NA,-0.000516241,NA,1,"1",1
"78",1,0,2582924,2582924,"BcT4_671",NA,-0.000728317,NA,1,"1",1
"79",1,0,2583227,2583227,"BcT4_671",NA,NA,0.000419563,1,"1",1
"80",1,0,2583234,2583234,"BcT4_671",NA,NA,0.000356845,1,"1",1
"81",1,0,2583236,2583236,"BcT4_671",NA,NA,0.000275795,1,"1",1
"82",1,0,2583269,2583269,"BcT4_671",NA,-0.000419757,0.000351638,1,"1",1
"84",1,0,2584046,2584046,"BcT4_671",NA,0.000379514,NA,1,"1",1
"85",1,0,2584827,2584827,"BcT4_671",NA,NA,-0.000651035,1,"1",1
"86",1,0,2585017,2585017,"#N/A",-0.000454681,NA,NA,1,"1",1
"87",1,0,2585026,2585026,"BcT4_671",NA,-0.000533516,NA,1,"1",1
"88",1,0,2585092,2585092,"BcT4_671",NA,NA,-0.000266975,1,"1",1
"89",1,0,2585108,2585108,"BcT4_671",NA,NA,-0.000392623,1,"1",1
"90",1,0,2585544,2585544,"BcT4_671",NA,0.000519767,NA,1,"1",1
"91",1,0,2585584,2585584,"#N/A",-0.00053065,NA,NA,1,"1",1
"92",1,0,2585698,2585698,"BcT4_671",-0.000460111,-0.000439891,NA,1,"1",1
"94",1,0,2585754,2585754,"BcT4_671",NA,NA,0.000271894,1,"1",1
"95",1,0,2585928,2585928,"#N/A",-0.000514115,NA,NA,1,"1",1
"96",1,0,2585940,2585940,"BcT4_671",-0.00091736,-0.000394719,NA,1,"1",1
"98",1,0,2586004,2586004,"BcT4_671",NA,-0.000471883,NA,1,"1",1
"99",1,0,3194479,3194479,"BcT4_834",NA,NA,0.000462975,1,"1",1
"100",1,0,3194513,3194513,"BcT4_834",NA,NA,-0.000262746,1,"1",1
"101",1,0,3194535,3194535,"BcT4_834",NA,NA,0.000545074,1,"1",1
"102",1,0,3194798,3194798,"BcT4_834",NA,-0.000682427,NA,1,"1",1
"103",1,0,3194820,3194820,"BcT4_834",-0.000480085,-0.000567197,NA,1,"1",1
"105",1,0,3194949,3194949,"BcT4_834",NA,0.000415858,NA,1,"1",1
"106",1,0,3195233,3195233,"#N/A",0.00045198,NA,NA,1,"1",1
"107",1,0,3195278,3195278,"#N/A",0.000522615,NA,NA,1,"1",1
"108",1,0,3195291,3195291,"BcT4_834",0.000549039,0.000389954,NA,1,"1",1
"110",1,0,3195423,3195423,"BcT4_834",NA,-0.000442174,NA,1,"1",1
"111",1,0,3195950,3195950,"BcT4_834",NA,0.000446266,NA,1,"1",1
"112",1,0,3211047,3211047,"BcT4_837",NA,NA,-0.000656063,1,"1",1
"113",1,0,3212245,3212245,"BcT4_837",-0.006517453,-0.002442039,0.019498522,1,"1",1
"116",1,0,3213426,3213426,"BcT4_837",NA,0.0004612,NA,1,"1",1
"117",1,1,1133,3214559,"BcT4_10183",NA,NA,0.000265272,1.1,"1.1",2
"118",1,1,1792,3215218,"BcT4_10183",NA,NA,0.000548316,1.1,"1.1",2
"119",1,1,138200,3351626,"BcT4_10223",-0.00047216,NA,NA,1.1,"1.1",2
"120",1,1,138287,3351713,"BcT4_10223",NA,-0.000441781,NA,1.1,"1.1",2
"121",1,1,138391,3351817,"BcT4_10223",NA,-0.00061964,NA,1.1,"1.1",2
"122",1,1,138867,3352293,"BcT4_10223",NA,NA,-0.000259932,1.1,"1.1",2
"123",1,1,140576,3354002,"BcT4_10223",NA,NA,0.00027875,1.1,"1.1",2
"124",1,1,140869,3354295,"BcT4_10223",NA,0.000444555,NA,1.1,"1.1",2
"715",2,0,23,3354318,"BcT4_6362",NA,0.000373084,NA,2,"2",3
"716",2,0,267,3354562,"BcT4_6362",0.000498146,NA,NA,2,"2",3
"717",2,0,798,3355093,"BcT4_6362",NA,NA,-0.000465666,2,"2",3
"718",2,0,1184,3355479,"BcT4_6362",NA,NA,-0.000279041,2,"2",3
"719",2,0,1787,3356082,"BcT4_6362",NA,NA,-0.000335124,2,"2",3
"720",2,0,1818,3356113,"BcT4_6362",NA,0.000391873,NA,2,"2",3
"721",2,0,2798,3357093,"BcT4_6362",NA,NA,-0.000348881,2,"2",3
"722",2,0,3099,3357394,"BcT4_6362",NA,-0.000453781,NA,2,"2",3
"723",2,0,3530,3357825,"#N/A",-0.00052695,NA,NA,2,"2",3
"724",2,0,494221,3848516,"BcT4_6480",NA,NA,-0.000321358,2,"2",3
"725",2,0,849501,4203796,"BcT4_6566",NA,-0.000664346,NA,2,"2",3
"726",2,0,850591,4204886,"BcT4_6566",NA,NA,0.000745901,2,"2",3
"727",2,0,850596,4204891,"BcT4_6566",NA,NA,0.00083449,2,"2",3
"728",2,0,850597,4204892,"BcT4_6566",NA,NA,0.00072123,2,"2",3
"729",2,0,850607,4204902,"BcT4_6566",NA,NA,0.000641255,2,"2",3
"730",2,0,850614,4204909,"BcT4_6566",NA,NA,0.000663589,2,"2",3
"731",2,0,850617,4204912,"BcT4_6566",NA,NA,0.000282088,2,"2",3
"732",2,0,850644,4204939,"BcT4_6566",NA,NA,0.000265936,2,"2",3
"733",2,0,850660,4204955,"BcT4_6566",NA,NA,0.000286975,2,"2",3
"734",2,0,850776,4205071,"BcT4_6566",NA,NA,0.000412945,2,"2",3
"735",2,0,853178,4207473,"BcT4_6566",NA,NA,-0.000273647,2,"2",3
"736",2,0,853515,4207810,"BcT4_6566",0.000586277,0.00044055,NA,2,"2",3
"738",2,0,853566,4207861,"BcT4_6566",NA,0.000397222,NA,2,"2",3
"739",2,0,853712,4208007,"BcT4_6566",0.000463581,0.000554827,NA,2,"2",3
"741",2,0,856200,4210495,"BcT4_6566",NA,NA,-0.000373612,2,"2",3
"742",2,0,856906,4211201,"BcT4_6566",NA,NA,0.000388527,2,"2",3
"743",2,0,857220,4211515,"BcT4_6566",NA,NA,0.000304348,2,"2",3
"744",2,0,857876,4212171,"BcT4_6566",NA,0.000401489,NA,2,"2",3
"745",2,0,857889,4212184,"BcT4_6566",NA,NA,-0.000515623,2,"2",3
"746",2,0,858291,4212586,"BcT4_6567",NA,NA,0.000660556,2,"2",3
"747",2,0,858304,4212599,"BcT4_6567",NA,-0.000469487,NA,2,"2",3
"748",2,0,858347,4212642,"BcT4_6567",NA,NA,0.000287742,2,"2",3
"749",2,0,858471,4212766,"#N/A",0.000613984,NA,NA,2,"2",3
"750",2,0,858472,4212767,"BcT4_6567",NA,0.000372163,NA,2,"2",3
"751",2,0,858473,4212768,"BcT4_6567",NA,NA,-0.000303576,2,"2",3
"752",2,0,858481,4212776,"BcT4_6567",NA,0.000462358,NA,2,"2",3
"753",2,0,859065,4213360,"BcT4_6567",NA,NA,-0.000332599,2,"2",3
"754",2,0,859163,4213458,"BcT4_6567",NA,NA,0.000305849,2,"2",3
"755",2,0,859167,4213462,"BcT4_6567",NA,NA,0.000309261,2,"2",3
"756",2,0,859212,4213507,"BcT4_6567",NA,NA,0.000576708,2,"2",3
"757",2,0,859213,4213508,"BcT4_6567",NA,NA,0.000339711,2,"2",3
"758",2,0,859849,4214144,"BcT4_6567",NA,-0.000376537,NA,2,"2",3
"759",2,0,860978,4215273,"#N/A",0.00045621,NA,NA,2,"2",3
"760",2,0,861155,4215450,"BcT4_6567",0.000507996,0.000675631,NA,2,"2",3
"762",2,0,861267,4215562,"BcT4_6567",NA,-0.000378368,NA,2,"2",3
"763",2,0,861959,4216254,"BcT4_6567",NA,NA,0.000459921,2,"2",3
"764",2,0,862240,4216535,"BcT4_6567",NA,-0.00040473,NA,2,"2",3
"765",2,0,864592,4218887,"BcT4_6567",NA,-0.00047983,NA,2,"2",3
"766",2,0,865646,4219941,"BcT4_6567",NA,-0.000453522,NA,2,"2",3
"767",2,0,865886,4220181,"BcT4_6567",NA,NA,-0.000328411,2,"2",3
"768",2,0,1092321,4446616,"BcT4_6614",NA,NA,-0.000421518,2,"2",3
"769",2,0,1092490,4446785,"BcT4_6614",NA,0.000392591,NA,2,"2",3
"770",2,0,1092534,4446829,"#N/A",0.00045482,NA,NA,2,"2",3
"771",2,0,1092889,4447184,"BcT4_6614",NA,NA,0.00025908,2,"2",3
"772",2,0,1093370,4447665,"BcT4_6614",NA,0.000452322,NA,2,"2",3
"773",2,1,407724,4855389,"BcT4_9380",NA,NA,0.000278836,2.1,"2.1",4
"774",2,1,408752,4856417,"BcT4_9380",NA,0.000509357,NA,2.1,"2.1",4
"775",2,2,1976,4858393,"BcT4_5797",NA,NA,0.000476719,2.2,"2.2",5
"776",2,2,1979,4858396,"BcT4_5797",NA,NA,0.000334554,2.2,"2.2",5
"777",2,2,624970,5481387,"BcT4_5960",0.000741071,0.000546457,NA,2.2,"2.2",5
"779",2,2,624987,5481404,"BcT4_5960",0.000513012,NA,NA,2.2,"2.2",5
"780",2,2,625259,5481676,"BcT4_5960",-0.000885208,NA,NA,2.2,"2.2",5
"781",2,2,625467,5481884,"BcT4_5960",0.000509709,0.000450026,NA,2.2,"2.2",5
"783",2,2,625487,5481904,"BcT4_5960",NA,0.00064773,NA,2.2,"2.2",5
"784",2,2,625488,5481905,"BcT4_5960",NA,0.000886666,NA,2.2,"2.2",5
"785",2,2,625506,5481923,"BcT4_5960",NA,0.000405563,NA,2.2,"2.2",5
"786",2,2,625576,5481993,"BcT4_5960",0.000510363,NA,NA,2.2,"2.2",5
"787",2,2,626055,5482472,"BcT4_5961",NA,NA,0.000342072,2.2,"2.2",5
"788",2,2,634915,5491332,"BcT4_5963",NA,NA,0.000346729,2.2,"2.2",5
"789",2,2,634960,5491377,"BcT4_5963",NA,NA,0.000405017,2.2,"2.2",5
"790",2,2,635234,5491651,"BcT4_5963",NA,NA,0.000301593,2.2,"2.2",5
"791",2,2,637247,5493664,"BcT4_5963",NA,-0.000446129,NA,2.2,"2.2",5
"792",2,2,641954,5498371,"BcT4_5964",NA,-0.000398614,NA,2.2,"2.2",5
"793",2,2,641956,5498373,"BcT4_5964",-0.000612047,-0.000418931,NA,2.2,"2.2",5
"795",2,2,642947,5499364,"BcT4_5964",NA,-0.000389247,NA,2.2,"2.2",5
"796",2,2,806393,5662810,"BcT4_5998",-0.000451577,NA,NA,2.2,"2.2",5
"797",2,2,1141974,5998391,"BcT4_6075",NA,NA,0.000269189,2.2,"2.2",5
"798",2,2,1152983,6009400,"BcT4_6076",NA,NA,-0.000278098,2.2,"2.2",5
"799",2,3,4115,6013515,"BcT4_10004",NA,NA,0.000353049,2.3,"2.3",6
"800",2,3,4187,6013587,"BcT4_10004",-0.000560402,NA,NA,2.3,"2.3",6
"801",2,3,4214,6013614,"BcT4_10004",NA,-0.000444867,NA,2.3,"2.3",6
"802",2,3,9298,6018698,"BcT4_10004",NA,NA,-0.00037073,2.3,"2.3",6
"803",2,3,9641,6019041,"BcT4_10004",-0.000614308,NA,NA,2.3,"2.3",6
"804",2,3,14211,6023611,"BcT4_10004",NA,NA,-0.000584909,2.3,"2.3",6
"805",2,3,15425,6024825,"BcT4_10004",0.000528107,0.001055961,NA,2.3,"2.3",6
"807",2,3,16360,6025760,"BcT4_10004",NA,NA,0.000266849,2.3,"2.3",6
"808",2,3,16362,6025762,"BcT4_10004",NA,NA,0.000306328,2.3,"2.3",6
"809",2,3,16713,6026113,"BcT4_10005",NA,NA,-0.000270459,2.3,"2.3",6
"810",2,3,16826,6026226,"BcT4_10005",NA,NA,-0.000288907,2.3,"2.3",6
"811",2,3,17755,6027155,"BcT4_10005",NA,NA,0.000353155,2.3,"2.3",6
"812",2,3,18506,6027906,"BcT4_10005",NA,NA,-0.000267684,2.3,"2.3",6
"813",2,3,186242,6195642,"BcT4_10057",NA,NA,0.000459528,2.3,"2.3",6
"814",2,3,191791,6201191,"BcT4_10057",0.000587071,NA,NA,2.3,"2.3",6
"815",2,4,325,6201516,"BcT4_8726",NA,NA,-0.00026472,2.4,"2.4",7
"816",2,4,421,6201612,"BcT4_8726",NA,0.000516475,NA,2.4,"2.4",7
"817",2,4,449,6201640,"BcT4_8726",NA,0.000441084,NA,2.4,"2.4",7
"818",2,4,536,6201727,"BcT4_8726",0.000548561,NA,NA,2.4,"2.4",7
"819",2,4,844,6202035,"BcT4_8726",0.00051497,0.000514598,NA,2.4,"2.4",7
"821",2,4,882,6202073,"BcT4_8726",0.000592867,NA,NA,2.4,"2.4",7
"822",2,4,885,6202076,"BcT4_8726",NA,NA,-0.000314051,2.4,"2.4",7
"823",2,4,886,6202077,"BcT4_8726",NA,0.000422189,NA,2.4,"2.4",7
"824",2,4,1508,6202699,"BcT4_8726",NA,0.000403542,NA,2.4,"2.4",7
"825",2,4,1916,6203107,"BcT4_8726",NA,0.00063261,NA,2.4,"2.4",7
"826",2,4,2096,6203287,"BcT4_8726",NA,0.000585117,NA,2.4,"2.4",7
"827",2,4,2254,6203445,"BcT4_8726",0.000480335,NA,NA,2.4,"2.4",7
"828",2,4,2381,6203572,"BcT4_8726",NA,NA,-0.000398617,2.4,"2.4",7
"829",2,4,3208,6204399,"BcT4_8726",NA,0.000423847,NA,2.4,"2.4",7
"830",2,4,3213,6204404,"BcT4_8726",0.000451573,0.000513334,NA,2.4,"2.4",7
"832",2,4,3354,6204545,"BcT4_8726",NA,0.000558874,NA,2.4,"2.4",7
"833",2,4,3584,6204775,"BcT4_8726",NA,NA,-0.000487953,2.4,"2.4",7
"834",2,4,3684,6204875,"BcT4_8726",NA,0.000563802,NA,2.4,"2.4",7
"835",2,4,3689,6204880,"BcT4_8726",NA,0.000444882,NA,2.4,"2.4",7
"836",2,4,3699,6204890,"BcT4_8726",NA,0.000431393,NA,2.4,"2.4",7
"837",2,4,3718,6204909,"BcT4_8726",NA,0.00060424,NA,2.4,"2.4",7
"838",2,4,4118,6205309,"BcT4_8726",NA,NA,-0.000268369,2.4,"2.4",7
"839",2,4,4257,6205448,"BcT4_8726",NA,NA,-0.000341147,2.4,"2.4",7
"840",2,4,65942,6267133,"BcT4_8742",NA,NA,0.000283205,2.4,"2.4",7
"841",2,4,235575,6436766,"BcT4_8775",0.000496847,NA,NA,2.4,"2.4",7
"842",2,4,242424,6443615,"BcT4_8776",-0.000529425,-0.000455302,NA,2.4,"2.4",7
"844",2,4,243301,6444492,"BcT4_8776",NA,NA,-0.000738458,2.4,"2.4",7
"845",2,4,243307,6444498,"BcT4_8776",NA,NA,-0.000385552,2.4,"2.4",7
"846",2,4,243331,6444522,"BcT4_8776",NA,NA,-0.000300523,2.4,"2.4",7
"847",2,4,627254,6828445,"BcT4_8875",NA,NA,0.000383853,2.4,"2.4",7
"848",2,4,703944,6905135,"BcT4_8888",NA,NA,0.000278297,2.4,"2.4",7
"849",2,4,704474,6905665,"BcT4_8888",NA,NA,-0.000380096,2.4,"2.4",7
"850",2,4,704532,6905723,"BcT4_8888",NA,NA,-0.0003112,2.4,"2.4",7
"851",2,4,704740,6905931,"BcT4_8888",0.000457909,NA,NA,2.4,"2.4",7
"852",2,4,704826,6906017,"BcT4_8888",-0.000778361,-0.000453976,NA,2.4,"2.4",7
"854",2,4,705492,6906683,"BcT4_8888",-0.00052609,NA,NA,2.4,"2.4",7
"855",2,4,705506,6906697,"BcT4_8888",NA,-0.000399909,NA,2.4,"2.4",7
"856",2,4,705777,6906968,"BcT4_8888",NA,NA,0.000279854,2.4,"2.4",7
"857",2,4,705814,6907005,"BcT4_8888",NA,-0.000440958,NA,2.4,"2.4",7
"858",2,4,706116,6907307,"BcT4_8888",NA,-0.000502148,NA,2.4,"2.4",7
"859",2,4,706118,6907309,"BcT4_8888",NA,-0.000423858,NA,2.4,"2.4",7
"860",2,4,706123,6907314,"BcT4_8888",-0.000628198,-0.000483674,NA,2.4,"2.4",7
"862",2,4,706142,6907333,"BcT4_8888",NA,-0.000384849,NA,2.4,"2.4",7
"863",2,4,706285,6907476,"BcT4_8888",NA,-0.000672964,NA,2.4,"2.4",7
"864",2,4,706590,6907781,"BcT4_8888",NA,NA,0.000326161,2.4,"2.4",7
"865",2,5,202833,7110614,"BcT4_9952",-0.000616282,-0.000492045,NA,2.5,"2.5",8
"867",3,0,40423,7151037,"BcT4_10065",-0.022774875,-0.046488398,0.036419783,3,"3",9
"870",3,0,40427,7151041,"BcT4_10065",-0.012116446,-0.010275514,0.007054927,3,"3",9
"873",3,0,40468,7151082,"BcT4_10065",-0.023303693,-0.03520227,0.010982355,3,"3",9
"876",3,0,41828,7152442,"BcT4_10065",-0.016179885,-0.022069878,0.021251523,3,"3",9
"879",3,1,102181,7254623,"BcT4_4089",-0.000630835,NA,NA,3.1,"3.1",10
"880",3,1,102182,7254624,"BcT4_4089",0.000534738,NA,NA,3.1,"3.1",10
"881",3,1,229711,7382153,"BcT4_4120",0.004861399,0.001091364,0.019002067,3.1,"3.1",10
"884",3,1,810119,7962561,"BcT4_4284",0.013689159,0.033837306,-0.031491016,3.1,"3.1",10
"887",3,1,971970,8124412,"BcT4_4321",-0.000522178,NA,NA,3.1,"3.1",10
"888",3,1,1745648,8898090,"BcT4_4506",NA,NA,0.00025913,3.1,"3.1",10
"889",3,1,1745670,8898112,"BcT4_4506",NA,-0.000510804,NA,3.1,"3.1",10
"890",3,2,1648,8899760,"BcT4_3616",NA,-0.000543463,NA,3.2,"3.2",11
"891",3,2,1653,8899765,"BcT4_3616",NA,-0.000423668,NA,3.2,"3.2",11
"892",3,2,1665,8899777,"BcT4_3616",-0.000946272,-0.000701433,NA,3.2,"3.2",11
"894",3,2,1691,8899803,"BcT4_3616",-0.000513221,NA,NA,3.2,"3.2",11
"895",3,2,235904,9134016,"BcT4_3676",-0.000476154,-0.00050558,NA,3.2,"3.2",11
"897",3,2,803937,9702049,"BcT4_3817",NA,NA,-0.000333951,3.2,"3.2",11
"898",3,2,953781,9851893,"BcT4_3857",NA,-0.000481442,NA,3.2,"3.2",11
"899",3,2,976644,9874756,"BcT4_3867",NA,NA,0.000279115,3.2,"3.2",11
"900",3,2,1778236,10676348,"BcT4_4061",0.000474455,0.000462975,NA,3.2,"3.2",11
"902",4,0,84982,10761330,"BcT4_9693",NA,NA,0.000541116,4,"4",12
"903",4,0,84993,10761341,"BcT4_9693",NA,-0.000399305,NA,4,"4",12
"904",4,0,85096,10761444,"BcT4_9693",NA,-0.000493435,NA,4,"4",12
"905",4,0,85767,10762115,"BcT4_9694",NA,NA,0.000259934,4,"4",12
"906",4,0,356035,11032383,"BcT4_9758",NA,-0.000372233,NA,4,"4",12
"907",4,0,356037,11032385,"BcT4_9758",NA,-0.000372233,NA,4,"4",12
"908",4,0,356045,11032393,"BcT4_9758",NA,-0.000522528,NA,4,"4",12
"909",4,0,363383,11039731,"BcT4_9759",NA,NA,0.000310967,4,"4",12
"910",4,0,364118,11040466,"BcT4_9759",NA,NA,-0.000287103,4,"4",12
"911",4,0,364456,11040804,"BcT4_9760",NA,NA,-0.000461823,4,"4",12
"912",4,0,364553,11040901,"BcT4_9760",NA,NA,0.000270414,4,"4",12
"913",4,1,488,11041389,"BcT4_10456",NA,NA,0.000499425,4.1,"4.1",13
"914",4,1,490,11041391,"BcT4_10456",NA,NA,0.000308648,4.1,"4.1",13
"915",4,1,1407,11042308,"BcT4_10456",0.000571461,NA,NA,4.1,"4.1",13
"916",4,1,4270,11045171,"BcT4_10456",NA,NA,0.000314749,4.1,"4.1",13
"917",4,1,4279,11045180,"BcT4_10456",NA,NA,0.000310513,4.1,"4.1",13
"918",4,1,26047,11066948,"BcT4_10457",-0.000535311,-0.000660232,NA,4.1,"4.1",13
"920",4,1,27414,11068315,"BcT4_10457",NA,0.000422098,NA,4.1,"4.1",13
"921",5,0,180383,11248698,"BcT4_886",0.000476019,NA,NA,5,"5",14
"922",5,0,563546,11631861,"BcT4_976",0.000553588,0.001352271,-0.000314219,5,"5",14
"925",5,0,563590,11631905,"BcT4_977",0.000699252,0.00137935,NA,5,"5",14
"927",5,0,566074,11634389,"BcT4_977",NA,0.000523415,NA,5,"5",14
"928",5,0,567991,11636306,"BcT4_978",NA,0.000456614,NA,5,"5",14
"929",5,0,1129011,12197326,"BcT4_1123",0.022194621,0.026550658,-0.00957854,5,"5",14
"932",5,0,2084402,13152717,"BcT4_1387",NA,NA,0.000363059,5,"5",14
"933",5,0,2084443,13152758,"BcT4_1387",-0.000464866,NA,NA,5,"5",14
"934",5,0,2084469,13152784,"BcT4_1387",-0.000663055,NA,NA,5,"5",14
"935",5,0,2331516,13399831,"BcT4_1456",NA,NA,0.000371838,5,"5",14
"936",5,0,2389553,13457868,"BcT4_1473",-0.000454421,NA,NA,5,"5",14
"937",5,0,2392514,13460829,"BcT4_1473",NA,NA,0.000454092,5,"5",14
"938",5,0,2392889,13461204,"BcT4_1473",NA,NA,0.000268403,5,"5",14
"939",5,0,2394425,13462740,"BcT4_1473",NA,NA,-0.000392718,5,"5",14
"940",5,0,2394435,13462750,"BcT4_1473",NA,NA,-0.000678779,5,"5",14
"941",5,0,2394466,13462781,"BcT4_1473",NA,NA,-0.000400382,5,"5",14
"942",5,0,2394577,13462892,"BcT4_1473",NA,NA,-0.000397334,5,"5",14
"943",5,0,2394595,13462910,"BcT4_1473",NA,0.001192546,-0.00030011,5,"5",14
"945",5,0,2397160,13465475,"BcT4_1473",-0.000488694,-0.000416454,NA,5,"5",14
"947",5,0,2399195,13467510,"BcT4_1473",NA,0.000467023,NA,5,"5",14
"948",5,0,2399715,13468030,"BcT4_1473",NA,0.000487803,NA,5,"5",14
"949",5,0,2399783,13468098,"BcT4_1473",NA,-0.000373928,NA,5,"5",14
"950",5,0,2399872,13468187,"BcT4_1473",NA,NA,-0.000347952,5,"5",14
"951",5,0,2399914,13468229,"BcT4_1473",NA,NA,-0.000295402,5,"5",14
"952",5,0,2399919,13468234,"BcT4_1473",NA,NA,-0.000581512,5,"5",14
"953",5,0,2400319,13468634,"BcT4_1473",NA,-0.000523652,NA,5,"5",14
"954",5,0,2400755,13469070,"BcT4_1473",NA,-0.000392875,NA,5,"5",14
"955",5,0,2400757,13469072,"BcT4_1473",-0.00129321,-0.000639401,NA,5,"5",14
"957",5,0,2400991,13469306,"BcT4_1473",-0.000590085,NA,NA,5,"5",14
"958",5,0,2401039,13469354,"BcT4_1473",NA,NA,0.000269059,5,"5",14
"959",5,0,2401415,13469730,"BcT4_1473",NA,-0.000440433,NA,5,"5",14
"960",5,0,2401444,13469759,"BcT4_1473",NA,-0.000587504,NA,5,"5",14
"961",5,0,2401693,13470008,"BcT4_1473",-0.000514099,NA,NA,5,"5",14
"962",5,0,2402170,13470485,"BcT4_1474",NA,NA,0.000797674,5,"5",14
"963",5,0,2402182,13470497,"BcT4_1474",NA,NA,0.00034029,5,"5",14
"964",5,0,2402471,13470786,"BcT4_1474",NA,-0.000397301,NA,5,"5",14
"965",5,0,2402808,13471123,"BcT4_1474",NA,NA,-0.000307861,5,"5",14
"966",5,0,2403198,13471513,"BcT4_1474",-0.000455445,NA,NA,5,"5",14
"967",5,0,2419093,13487408,"BcT4_1476",NA,NA,0.000342162,5,"5",14
"968",5,0,2422403,13490718,"BcT4_1477",NA,NA,-0.000275476,5,"5",14
"969",5,1,1220,13491938,"BcT4_2606",0.000459885,NA,NA,5.1,"5.1",15
"970",5,1,1365,13492083,"BcT4_2606",-0.000485536,NA,NA,5.1,"5.1",15
"971",5,1,23784,13514502,"BcT4_2614",0.000506688,0.00041927,NA,5.1,"5.1",15
"973",5,1,51237,13541955,"BcT4_2621",NA,NA,0.000460129,5.1,"5.1",15
"974",5,1,53483,13544201,"BcT4_2622",NA,NA,0.000320896,5.1,"5.1",15
"975",5,1,53487,13544205,"BcT4_2622",NA,NA,0.000320896,5.1,"5.1",15
"976",5,1,53516,13544234,"BcT4_2622",NA,NA,0.000649917,5.1,"5.1",15
"977",5,1,53948,13544666,"BcT4_2622",NA,0.000489967,NA,5.1,"5.1",15
"978",5,1,54447,13545165,"BcT4_2622",NA,NA,0.000266526,5.1,"5.1",15
"979",5,1,55606,13546324,"BcT4_2623",NA,NA,0.000368616,5.1,"5.1",15
"980",5,1,55610,13546328,"BcT4_2623",NA,NA,0.000479512,5.1,"5.1",15
"981",5,1,71497,13562215,"BcT4_2626",NA,NA,-0.000292176,5.1,"5.1",15
"982",5,1,71502,13562220,"BcT4_2626",NA,NA,-0.000271395,5.1,"5.1",15
"983",5,1,73408,13564126,"BcT4_2627",0.000612527,NA,NA,5.1,"5.1",15
"984",5,1,73412,13564130,"BcT4_2627",0.000634057,NA,NA,5.1,"5.1",15
"985",5,1,752200,14242918,"BcT4_2793",NA,NA,0.000295988,5.1,"5.1",15
"986",5,1,793199,14283917,"BcT4_2806",-0.000669711,-0.000899457,NA,5.1,"5.1",15
"988",5,1,961434,14452152,"BcT4_2848",-0.000769708,-0.000645693,NA,5.1,"5.1",15
"990",5,1,961810,14452528,"BcT4_2848",NA,-0.000520679,NA,5.1,"5.1",15
"991",5,1,1129975,14620693,"BcT4_2892",NA,-0.000387324,NA,5.1,"5.1",15
"992",5,1,1690701,15181419,"BcT4_3023",-0.017441783,-0.024064076,0.013914231,5.1,"5.1",15
"995",5,1,1690860,15181578,"BcT4_3023",-0.006039677,-0.030039518,0.039350057,5.1,"5.1",15
"998",5,1,1706239,15196957,"BcT4_3026",NA,NA,0.000408983,5.1,"5.1",15
"999",5,1,2207392,15698110,"BcT4_3144",NA,-0.000391086,0.000488585,5.1,"5.1",15
"1001",5,1,2207487,15698205,"BcT4_3144",NA,NA,0.000296971,5.1,"5.1",15
"1002",5,1,2207492,15698210,"BcT4_3144",NA,NA,0.000424405,5.1,"5.1",15
"1003",5,1,2207938,15698656,"BcT4_3144",NA,NA,0.000272589,5.1,"5.1",15
"1004",5,1,2208959,15699677,"BcT4_3144",NA,NA,0.00062201,5.1,"5.1",15
"1005",5,1,2208965,15699683,"BcT4_3144",NA,NA,0.000305563,5.1,"5.1",15
"1006",5,1,2208967,15699685,"BcT4_3144",NA,NA,0.000445564,5.1,"5.1",15
"1007",5,1,2208973,15699691,"BcT4_3144",NA,NA,0.000305193,5.1,"5.1",15
"1008",5,1,2209027,15699745,"BcT4_3144",-0.000495197,-0.000578618,NA,5.1,"5.1",15
"1010",5,1,2209739,15700457,"BcT4_3145",-0.000627864,-0.000452379,NA,5.1,"5.1",15
"1012",5,1,2209769,15700487,"BcT4_3145",-0.000956336,-0.000699535,NA,5.1,"5.1",15
"1014",5,1,2209793,15700511,"BcT4_3145",NA,-0.000417274,NA,5.1,"5.1",15
"1015",5,1,2209798,15700516,"BcT4_3145",-0.000628056,NA,NA,5.1,"5.1",15
"1016",5,1,2210229,15700947,"BcT4_3145",NA,NA,-0.000296414,5.1,"5.1",15
"1017",5,1,2210818,15701536,"BcT4_3145",0.000515567,NA,NA,5.1,"5.1",15
"1018",5,1,2211803,15702521,"BcT4_3145",NA,-0.000432051,NA,5.1,"5.1",15
"1019",5,1,2211909,15702627,"BcT4_3145",-0.000555269,-0.000371855,NA,5.1,"5.1",15
"1021",5,1,2212672,15703390,"BcT4_3145",NA,-0.000378051,0.00025839,5.1,"5.1",15
"1023",5,1,2212721,15703439,"BcT4_3145",NA,NA,0.000286988,5.1,"5.1",15
"1024",5,1,2212799,15703517,"BcT4_3145",-0.000634483,-0.000647626,NA,5.1,"5.1",15
"1026",5,1,2213712,15704430,"BcT4_3145",NA,NA,0.000300814,5.1,"5.1",15
"1027",5,1,2213986,15704704,"BcT4_3145",NA,-0.000405752,0.000292155,5.1,"5.1",15
"1029",5,1,2214097,15704815,"BcT4_3145",-0.000694268,NA,NA,5.1,"5.1",15
"1030",5,1,2214620,15705338,"BcT4_3145",NA,NA,0.000335943,5.1,"5.1",15
"1031",5,1,2214719,15705437,"BcT4_3145",NA,0.000763599,NA,5.1,"5.1",15
"1032",5,1,2214721,15705439,"BcT4_3145",NA,NA,-0.000304217,5.1,"5.1",15
"1033",5,1,2214749,15705467,"BcT4_3145",NA,0.000541214,NA,5.1,"5.1",15
"1034",6,0,1016,15706483,"BcT4_3147",NA,-0.00037551,NA,6,"6",16
"1035",6,0,13932,15719399,"BcT4_3149",NA,0.000409389,NA,6,"6",16
"1036",6,0,34015,15739482,"BcT4_3152",NA,NA,-0.000282395,6,"6",16
"1037",6,0,34327,15739794,"BcT4_3152",NA,NA,0.000301406,6,"6",16
"1038",6,0,37013,15742480,"BcT4_3153",NA,NA,0.000278469,6,"6",16
"1039",6,0,37041,15742508,"BcT4_3153",NA,NA,0.000272149,6,"6",16
"1040",6,0,38936,15744403,"BcT4_3153",NA,0.000381662,NA,6,"6",16
"1041",6,0,39979,15745446,"BcT4_3154",NA,0.000583133,NA,6,"6",16
"1042",6,0,40656,15746123,"BcT4_3154",-0.000480814,-0.00043777,NA,6,"6",16
"1044",6,0,40668,15746135,"BcT4_3154",NA,-0.000384252,NA,6,"6",16
"1045",6,0,49342,15754809,"BcT4_3156",NA,0.000486111,NA,6,"6",16
"1046",6,0,52505,15757972,"BcT4_3159",NA,NA,-0.000371935,6,"6",16
"1047",6,0,72992,15778459,"BcT4_3163",NA,0.000440102,NA,6,"6",16
"1048",6,0,92701,15798168,"BcT4_3169",NA,NA,-0.000296847,6,"6",16
"1049",6,0,95732,15801199,"BcT4_3169",NA,NA,-0.000275398,6,"6",16
"1050",6,0,95740,15801207,"BcT4_3169",NA,NA,-0.000275398,6,"6",16
"1051",6,0,95747,15801214,"BcT4_3169",NA,NA,-0.000275398,6,"6",16
"1052",6,0,95748,15801215,"BcT4_3169",NA,NA,-0.000275398,6,"6",16
"1053",6,0,95750,15801217,"BcT4_3169",NA,NA,-0.000275398,6,"6",16
"1054",6,0,95758,15801225,"BcT4_3169",NA,NA,-0.000275398,6,"6",16
"1055",6,0,95760,15801227,"BcT4_3169",NA,NA,-0.000275398,6,"6",16
"1056",6,0,95770,15801237,"BcT4_3169",NA,NA,-0.000275398,6,"6",16
"1057",6,0,95776,15801243,"BcT4_3169",NA,NA,-0.000275398,6,"6",16
"1058",6,0,95784,15801251,"BcT4_3169",NA,NA,-0.000275398,6,"6",16
"1059",6,0,144636,15850103,"BcT4_3178",NA,-0.00077433,NA,6,"6",16
"1060",6,0,146322,15851789,"BcT4_3179",0.000584928,NA,NA,6,"6",16
"1061",6,0,146376,15851843,"BcT4_3179",NA,NA,0.000259104,6,"6",16
"1062",6,0,953360,16658827,"BcT4_3364",0.000486816,0.000480984,NA,6,"6",16
"1064",6,0,953366,16658833,"BcT4_3364",0.000604289,0.000572486,NA,6,"6",16
"1066",6,0,953399,16658866,"BcT4_3364",0.000789544,NA,NA,6,"6",16
"1067",6,0,974814,16680281,"BcT4_3365",NA,NA,0.000338053,6,"6",16
"1068",6,0,1216360,16921827,"BcT4_3437",0.01450301,0.010714113,0.000912766,6,"6",16
"1071",6,0,1490473,17195940,"BcT4_3504",NA,NA,0.000359034,6,"6",16
"1072",6,0,1490476,17195943,"BcT4_3504",NA,NA,0.00031043,6,"6",16
"1073",6,0,1490955,17196422,"BcT4_3505",NA,NA,0.000526809,6,"6",16
"1074",6,0,1490972,17196439,"BcT4_3505",NA,NA,-0.000287499,6,"6",16
"1075",6,0,1491480,17196947,"BcT4_3505",NA,NA,0.000295668,6,"6",16
"1076",6,0,1654738,17360205,"BcT4_3552",-0.009548718,-0.021704335,0.033494003,6,"6",16
"1079",6,1,250,17360455,"BcT4_10099",NA,-0.000438825,NA,6.1,"6.1",17
"1080",6,1,10305,17370510,"BcT4_10099",-0.000557652,-0.00039084,NA,6.1,"6.1",17
"1082",6,1,11588,17371793,"BcT4_10099",NA,NA,0.000295237,6.1,"6.1",17
"1083",6,1,12782,17372987,"BcT4_10099",NA,0.000404765,NA,6.1,"6.1",17
"1084",6,1,131398,17491603,"BcT4_10112",-0.00061968,-0.001060854,NA,6.1,"6.1",17
"1086",6,2,619,17492222,"BcT4_10293",-0.00052892,NA,NA,6.2,"6.2",18
"1087",6,2,708,17492311,"BcT4_10293",NA,NA,-0.000525567,6.2,"6.2",18
"1088",6,2,804,17492407,"BcT4_10293",NA,NA,-0.000374805,6.2,"6.2",18
"1089",6,2,1148,17492751,"BcT4_10293",NA,NA,0.00031982,6.2,"6.2",18
"1090",6,2,1298,17492901,"BcT4_10293",NA,NA,0.000263795,6.2,"6.2",18
"1091",6,2,1445,17493048,"BcT4_10293",-0.000461442,-0.000377191,NA,6.2,"6.2",18
"1093",6,2,1490,17493093,"BcT4_10293",NA,NA,0.000262718,6.2,"6.2",18
"1094",6,2,1873,17493476,"BcT4_10293",NA,NA,-0.000400059,6.2,"6.2",18
"1095",6,2,2703,17494306,"BcT4_10293",NA,NA,-0.000319177,6.2,"6.2",18
"1096",6,2,113977,17605580,"BcT4_10324",NA,NA,-0.000268406,6.2,"6.2",18
"1097",6,2,118308,17609911,"BcT4_10324",NA,NA,-0.000318641,6.2,"6.2",18
"1098",6,2,119526,17611129,"BcT4_10324",NA,NA,-0.000487899,6.2,"6.2",18
"1099",6,3,980,17612109,"BcT4_9473",NA,0.000442172,NA,6.3,"6.3",19
"1100",6,3,2802,17613931,"BcT4_9473",-0.000489808,-0.000706191,NA,6.3,"6.3",19
"1102",6,3,2815,17613944,"BcT4_9473",NA,NA,0.000273777,6.3,"6.3",19
"1103",6,3,2889,17614018,"BcT4_9473",NA,-0.000408216,NA,6.3,"6.3",19
"1104",6,3,3264,17614393,"BcT4_9473",NA,NA,0.000478068,6.3,"6.3",19
"1105",6,3,3494,17614623,"BcT4_9473",NA,-0.000401555,NA,6.3,"6.3",19
"1106",6,3,3519,17614648,"BcT4_9473",-0.000487569,NA,NA,6.3,"6.3",19
"1107",6,3,4887,17616016,"BcT4_9473",NA,NA,-0.000301812,6.3,"6.3",19
"1108",6,3,6138,17617267,"BcT4_9473",NA,NA,-0.000324623,6.3,"6.3",19
"1109",6,3,312194,17923323,"BcT4_9554",NA,-0.000605995,NA,6.3,"6.3",19
"1110",6,3,312262,17923391,"BcT4_9554",NA,-0.000407354,NA,6.3,"6.3",19
"1111",7,0,945,17924336,"BcT4_6077",NA,NA,0.000373431,7,"7",20
"1112",7,0,363062,18286453,"BcT4_6156",NA,NA,0.000286936,7,"7",20
"1113",7,0,363154,18286545,"BcT4_6156",-0.00056151,NA,NA,7,"7",20
"1114",7,0,718188,18641579,"BcT4_6249",-0.030592926,-0.037757092,-0.002274718,7,"7",20
"1117",7,0,834278,18757669,"BcT4_6280",NA,0.000543753,NA,7,"7",20
"1118",7,2,339149,18262541,"BcT4_5505",NA,0.000388392,-0.000277929,7.2,"7.2",22
"1120",7,2,641050,18564442,"BcT4_5592",NA,NA,-0.000331642,7.2,"7.2",22
"1121",8,0,4851,18569293,"BcT4_10382",NA,-0.000434351,NA,8,"8",23
"1122",8,0,5042,18569484,"BcT4_10382",NA,NA,0.000383601,8,"8",23
"1123",8,0,5188,18569630,"BcT4_10382",NA,NA,-0.000463819,8,"8",23
"1124",8,0,8034,18572476,"BcT4_10382",0.000532023,NA,NA,8,"8",23
"1125",8,0,8473,18572915,"BcT4_10382",0.000477237,NA,NA,8,"8",23
"1126",8,0,8510,18572952,"BcT4_10382",0.000467257,NA,NA,8,"8",23
"1127",8,0,11027,18575469,"BcT4_10382",NA,NA,-0.000378122,8,"8",23
"1128",8,0,11340,18575782,"BcT4_10382",NA,NA,0.000276407,8,"8",23
"1129",8,0,11436,18575878,"BcT4_10382",NA,-0.000546438,0.000359574,8,"8",23
"1131",8,0,11440,18575882,"BcT4_10382",NA,NA,0.000595056,8,"8",23
"1132",8,0,15139,18579581,"BcT4_10382",NA,NA,0.000508736,8,"8",23
"1133",8,0,15389,18579831,"BcT4_10382",NA,NA,-0.000313336,8,"8",23
"1134",8,0,16439,18580881,"BcT4_10382",NA,-0.000472624,NA,8,"8",23
"1135",8,0,16805,18581247,"BcT4_10382",NA,NA,-0.000283483,8,"8",23
"1136",8,0,17181,18581623,"BcT4_10382",NA,NA,-0.00069974,8,"8",23
"1137",8,0,17498,18581940,"BcT4_10382",NA,NA,0.000279814,8,"8",23
"1138",8,0,17501,18581943,"BcT4_10382",NA,NA,0.000311237,8,"8",23
"1139",8,0,17666,18582108,"BcT4_10382",NA,NA,0.000280571,8,"8",23
"1140",8,0,17847,18582289,"BcT4_10382",NA,NA,0.000385147,8,"8",23
"1141",8,0,17876,18582318,"BcT4_10382",NA,-0.000442755,NA,8,"8",23
"1142",8,0,17998,18582440,"BcT4_10382",-0.000597927,-0.000440044,NA,8,"8",23
"1144",8,0,17999,18582441,"BcT4_10382",-0.000501636,-0.000521905,NA,8,"8",23
"1146",8,0,18049,18582491,"BcT4_10382",NA,NA,0.000286016,8,"8",23
"1147",8,0,18448,18582890,"BcT4_10382",NA,NA,-0.000262824,8,"8",23
"1148",8,0,18457,18582899,"BcT4_10382",NA,NA,-0.000406982,8,"8",23
"1149",8,0,18474,18582916,"BcT4_10382",NA,NA,-0.000274959,8,"8",23
"1150",8,1,4371,18587287,"BcT4_6615",NA,NA,-0.000284036,8.1,"8.1",24
"1151",8,1,4381,18587297,"BcT4_6615",NA,NA,-0.000284036,8.1,"8.1",24
"1152",8,1,95504,18678420,"BcT4_6636",NA,NA,0.000272325,8.1,"8.1",24
"1153",8,1,95519,18678435,"BcT4_6636",NA,NA,0.000355077,8.1,"8.1",24
"1154",8,1,95533,18678449,"BcT4_6636",NA,NA,0.00054997,8.1,"8.1",24
"1155",8,1,95539,18678455,"BcT4_6636",NA,NA,0.000347513,8.1,"8.1",24
"1156",8,1,96104,18679020,"BcT4_6636",-0.000502372,NA,NA,8.1,"8.1",24
"1157",8,1,96169,18679085,"BcT4_6636",NA,-0.000544363,NA,8.1,"8.1",24
"1158",8,1,96324,18679240,"BcT4_6636",NA,-0.000390887,NA,8.1,"8.1",24
"1159",8,1,96368,18679284,"BcT4_6636",NA,NA,0.000310972,8.1,"8.1",24
"1160",8,1,96369,18679285,"BcT4_6636",NA,-0.000435032,NA,8.1,"8.1",24
"1161",8,1,96438,18679354,"BcT4_6636",NA,-0.000434747,0.000525113,8.1,"8.1",24
"1163",8,1,97090,18680006,"BcT4_6636",NA,NA,0.000267916,8.1,"8.1",24
"1164",8,1,97362,18680278,"BcT4_6636",-0.000504264,NA,NA,8.1,"8.1",24
"1165",8,1,97784,18680700,"BcT4_6636",NA,NA,0.000272929,8.1,"8.1",24
"1166",8,1,97917,18680833,"BcT4_6636",NA,NA,0.000317645,8.1,"8.1",24
"1167",8,1,98236,18681152,"BcT4_6636",NA,-0.000445129,NA,8.1,"8.1",24
"1168",8,1,98979,18681895,"BcT4_6636",NA,NA,-0.00032741,8.1,"8.1",24
"1169",8,1,460888,19043804,"BcT4_6732",NA,NA,0.000470566,8.1,"8.1",24
"1170",8,1,462483,19045399,"BcT4_6732",NA,NA,0.000270286,8.1,"8.1",24
"1171",8,1,464962,19047878,"BcT4_6733",0.0006692,0.000375059,NA,8.1,"8.1",24
"1173",8,1,995498,19578414,"BcT4_6871",NA,NA,-0.000263011,8.1,"8.1",24
"1174",8,1,996074,19578990,"BcT4_6871",NA,-0.000394111,NA,8.1,"8.1",24
"1175",8,1,996082,19578998,"BcT4_6871",NA,NA,-0.000274025,8.1,"8.1",24
"1176",8,1,998695,19581611,"BcT4_6871",NA,NA,0.000311492,8.1,"8.1",24
"1177",8,1,998728,19581644,"BcT4_6871",-0.001193265,-0.001340518,NA,8.1,"8.1",24
"1179",8,1,998740,19581656,"BcT4_6871",NA,-0.000956688,0.000552448,8.1,"8.1",24
"1181",8,1,999460,19582376,"BcT4_6871",NA,-0.000657027,NA,8.1,"8.1",24
"1182",8,1,999667,19582583,"BcT4_6871",NA,0.000381347,NA,8.1,"8.1",24
"1183",8,1,1001550,19584466,"BcT4_6871",NA,NA,-0.000656202,8.1,"8.1",24
"1184",8,1,1001568,19584484,"BcT4_6871",NA,NA,-0.00025913,8.1,"8.1",24
"1185",8,1,1002039,19584955,"BcT4_6871",NA,NA,-0.000288717,8.1,"8.1",24
"1186",8,1,1002049,19584965,"BcT4_6871",NA,NA,-0.000382657,8.1,"8.1",24
"1187",8,1,1003168,19586084,"BcT4_6871",NA,0.000395489,NA,8.1,"8.1",24
"1188",8,1,1004305,19587221,"BcT4_6871",NA,0.000372343,NA,8.1,"8.1",24
"1189",8,1,1006045,19588961,"BcT4_6871",NA,NA,0.000308143,8.1,"8.1",24
"1190",8,1,1008988,19591904,"BcT4_6871",0.000611551,NA,NA,8.1,"8.1",24
"1191",8,1,1008992,19591908,"BcT4_6871",0.000581274,0.000403088,NA,8.1,"8.1",24
"1193",8,1,1009123,19592039,"BcT4_6871",NA,NA,0.00027797,8.1,"8.1",24
"1194",8,1,1009164,19592080,"BcT4_6871",NA,NA,0.000642257,8.1,"8.1",24
"1195",8,1,1009613,19592529,"BcT4_6871",NA,NA,0.000443515,8.1,"8.1",24
"1196",8,1,1009834,19592750,"BcT4_6871",NA,NA,0.000351777,8.1,"8.1",24
"1197",8,1,1009874,19592790,"BcT4_6871",0.000583881,NA,NA,8.1,"8.1",24
"1198",8,1,1010034,19592950,"BcT4_6871",0.000782182,0.000508139,NA,8.1,"8.1",24
"1200",8,2,3775,19596725,"BcT4_8889",0.000563568,0.000390282,NA,8.2,"8.2",25
"1202",8,2,4243,19597193,"BcT4_8889",NA,NA,-0.000512458,8.2,"8.2",25
"1203",8,2,4495,19597445,"BcT4_8889",NA,NA,-0.000308374,8.2,"8.2",25
"1204",8,2,4503,19597453,"BcT4_8889",NA,NA,-0.000289236,8.2,"8.2",25
"1205",8,2,146126,19739076,"BcT4_8925",NA,-0.000495553,NA,8.2,"8.2",25
"1206",8,2,146245,19739195,"BcT4_8925",0.000465903,NA,NA,8.2,"8.2",25
"1207",8,2,149388,19742338,"BcT4_8925",0.000853934,0.000457711,NA,8.2,"8.2",25
"1209",8,2,149978,19742928,"BcT4_8925",NA,NA,0.000395993,8.2,"8.2",25
"1210",8,2,150027,19742977,"BcT4_8925",NA,NA,0.000311961,8.2,"8.2",25
"1211",8,2,150297,19743247,"BcT4_8925",0.000465718,0.000508252,NA,8.2,"8.2",25
"1213",8,2,151037,19743987,"BcT4_8925",NA,-0.000419938,NA,8.2,"8.2",25
"1214",8,2,151047,19743997,"BcT4_8925",-0.000451292,-0.000630761,NA,8.2,"8.2",25
"1216",8,2,151053,19744003,"BcT4_8925",-0.000811953,-0.000968073,NA,8.2,"8.2",25
"1218",8,2,151187,19744137,"BcT4_8925",0.000473751,0.000595714,NA,8.2,"8.2",25
"1220",8,2,151571,19744521,"BcT4_8925",NA,0.000438181,NA,8.2,"8.2",25
"1221",8,2,151747,19744697,"BcT4_8925",NA,-0.000563818,NA,8.2,"8.2",25
"1222",8,2,151748,19744698,"BcT4_8925",NA,-0.000705426,NA,8.2,"8.2",25
"1223",8,2,151916,19744866,"BcT4_8925",NA,NA,0.000351416,8.2,"8.2",25
"1224",8,2,151932,19744882,"BcT4_8925",NA,NA,0.000593058,8.2,"8.2",25
"1225",8,2,152062,19745012,"BcT4_8925",NA,-0.000537922,0.000306965,8.2,"8.2",25
"1227",8,2,152071,19745021,"BcT4_8925",NA,-0.000400385,NA,8.2,"8.2",25
"1228",8,2,152950,19745900,"BcT4_8925",-0.000557226,-0.000453177,NA,8.2,"8.2",25
"1230",8,2,153593,19746543,"BcT4_8925",NA,-0.000439971,NA,8.2,"8.2",25
"1231",8,2,153648,19746598,"BcT4_8925",NA,-0.000584818,NA,8.2,"8.2",25
"1232",8,2,153978,19746928,"BcT4_8925",-0.000602021,-0.000409163,NA,8.2,"8.2",25
"1234",8,2,154003,19746953,"BcT4_8925",NA,-0.000713882,NA,8.2,"8.2",25
"1235",8,2,156281,19749231,"BcT4_8925",0.000585003,NA,NA,8.2,"8.2",25
"1236",8,2,182174,19775124,"BcT4_8926",NA,0.000555261,NA,8.2,"8.2",25
"1237",8,2,182403,19775353,"BcT4_8926",NA,NA,0.000282851,8.2,"8.2",25
"1238",8,2,182461,19775411,"BcT4_8926",NA,NA,0.000297126,8.2,"8.2",25
"1239",8,2,222600,19815550,"BcT4_8932",NA,NA,-0.000314231,8.2,"8.2",25
"1240",8,2,222970,19815920,"BcT4_8932",0.000487411,NA,NA,8.2,"8.2",25
"1241",8,2,223299,19816249,"BcT4_8932",NA,-0.000590168,NA,8.2,"8.2",25
"1242",8,2,223612,19816562,"BcT4_8932",NA,NA,0.000287011,8.2,"8.2",25
"1243",8,2,223663,19816613,"BcT4_8932",NA,NA,0.000425152,8.2,"8.2",25
"1244",8,2,223683,19816633,"BcT4_8932",NA,NA,0.000535921,8.2,"8.2",25
"1245",8,2,223718,19816668,"BcT4_8932",NA,NA,0.000269763,8.2,"8.2",25
"1246",8,2,223720,19816670,"BcT4_8932",NA,NA,0.000488123,8.2,"8.2",25
"1247",8,2,231021,19823971,"BcT4_8934",NA,NA,0.000313346,8.2,"8.2",25
"1248",8,2,236067,19829017,"BcT4_8935",NA,NA,0.000293006,8.2,"8.2",25
"1249",8,2,565823,20158773,"BcT4_9025",NA,NA,0.000648265,8.2,"8.2",25
"1250",8,2,566138,20159088,"BcT4_9025",NA,NA,0.000323532,8.2,"8.2",25
"1251",8,2,567052,20160002,"BcT4_9025",0.000482066,0.000394054,NA,8.2,"8.2",25
"1253",8,2,568953,20161903,"BcT4_9025",-0.000512892,NA,NA,8.2,"8.2",25
"1254",8,2,569037,20161987,"BcT4_9025",NA,NA,0.000262701,8.2,"8.2",25
"1255",8,2,569150,20162100,"BcT4_9025",NA,-0.000479244,NA,8.2,"8.2",25
"1256",8,2,569378,20162328,"BcT4_9025",NA,NA,-0.000300027,8.2,"8.2",25
"1257",8,2,569451,20162401,"BcT4_9025",NA,NA,-0.00031513,8.2,"8.2",25
"1258",8,2,570013,20162963,"BcT4_9025",NA,NA,-0.000455173,8.2,"8.2",25
"1259",8,2,571715,20164665,"BcT4_9025",0.000469572,0.000484301,NA,8.2,"8.2",25
"1261",8,2,572543,20165493,"BcT4_9025",NA,NA,0.000455667,8.2,"8.2",25
"1262",8,2,572713,20165663,"BcT4_9025",NA,0.000548361,NA,8.2,"8.2",25
"1263",8,2,572762,20165712,"BcT4_9025",0.00046454,0.000558465,NA,8.2,"8.2",25
"1265",8,2,573113,20166063,"BcT4_9025",NA,NA,0.000284979,8.2,"8.2",25
"1266",8,2,573509,20166459,"BcT4_9025",NA,-0.000553746,0.000618969,8.2,"8.2",25
"1268",8,2,573547,20166497,"BcT4_9025",NA,NA,-0.000334333,8.2,"8.2",25
"1269",8,2,575592,20168542,"BcT4_9025",NA,NA,-0.000272524,8.2,"8.2",25
"1270",8,2,575753,20168703,"BcT4_9025",-0.000461553,NA,NA,8.2,"8.2",25
"1271",8,2,576028,20168978,"BcT4_9025",0.000495697,0.000891344,NA,8.2,"8.2",25
"1273",8,2,576100,20169050,"BcT4_9025",NA,NA,0.000281084,8.2,"8.2",25
"1274",8,2,576112,20169062,"BcT4_9025",0.000517112,NA,NA,8.2,"8.2",25
"1275",8,2,576115,20169065,"BcT4_9025",NA,NA,0.000491982,8.2,"8.2",25
"1276",8,2,576130,20169080,"BcT4_9025",NA,NA,0.000348772,8.2,"8.2",25
"1277",8,2,576367,20169317,"BcT4_9025",NA,NA,0.000302603,8.2,"8.2",25
"1278",8,2,576373,20169323,"BcT4_9025",NA,NA,0.000260253,8.2,"8.2",25
"1279",8,2,576965,20169915,"BcT4_9025",NA,0.000404027,-0.000259544,8.2,"8.2",25
"1281",8,2,577102,20170052,"BcT4_9025",NA,NA,0.000318429,8.2,"8.2",25
"1282",8,2,578186,20171136,"BcT4_9025",NA,NA,-0.000338229,8.2,"8.2",25
"1283",8,2,578191,20171141,"BcT4_9025",NA,NA,-0.000398234,8.2,"8.2",25
"1284",8,2,578509,20171459,"BcT4_9025",-0.000486502,NA,NA,8.2,"8.2",25
"1285",8,2,578687,20171637,"BcT4_9025",NA,-0.000405352,NA,8.2,"8.2",25
"1286",9,0,101968,20273605,"BcT4_10169",NA,NA,0.000263795,9,"9",26
"1287",9,1,17,20273622,"BcT4_2030",NA,NA,0.000332682,9.1,"9.1",27
"1288",9,1,311,20273916,"BcT4_2030",NA,0.000593506,NA,9.1,"9.1",27
"1289",9,1,528,20274133,"BcT4_2030",NA,NA,0.000376412,9.1,"9.1",27
"1290",9,1,541,20274146,"BcT4_2030",NA,0.0004089,NA,9.1,"9.1",27
"1291",9,1,685,20274290,"BcT4_2030",NA,NA,0.000441466,9.1,"9.1",27
"1292",9,1,961,20274566,"BcT4_2030",NA,0.000611891,NA,9.1,"9.1",27
"1293",9,1,1317,20274922,"BcT4_2030",NA,-0.000372268,NA,9.1,"9.1",27
"1294",9,1,3201,20276806,"BcT4_2030",NA,NA,0.000306976,9.1,"9.1",27
"1295",9,1,3244,20276849,"BcT4_2030",NA,NA,0.000714506,9.1,"9.1",27
"1296",9,1,3248,20276853,"BcT4_2030",NA,NA,0.000414541,9.1,"9.1",27
"1297",9,1,3250,20276855,"BcT4_2030",NA,NA,0.000513404,9.1,"9.1",27
"1298",9,1,3253,20276858,"BcT4_2030",NA,NA,0.000666179,9.1,"9.1",27
"1299",9,1,3260,20276865,"BcT4_2030",NA,NA,0.000511984,9.1,"9.1",27
"1300",9,1,3267,20276872,"BcT4_2030",NA,NA,0.000348302,9.1,"9.1",27
"1301",9,1,3291,20276896,"BcT4_2030",NA,NA,0.000543257,9.1,"9.1",27
"1302",9,1,3297,20276902,"BcT4_2030",NA,NA,0.000772898,9.1,"9.1",27
"1303",9,1,3335,20276940,"BcT4_2030",NA,-0.00051202,NA,9.1,"9.1",27
"1304",9,1,4447,20278052,"BcT4_2030",NA,-0.000448318,NA,9.1,"9.1",27
"1305",9,1,4490,20278095,"BcT4_2030",NA,NA,-0.000383226,9.1,"9.1",27
"1306",9,1,4507,20278112,"BcT4_2030",-0.000569116,NA,NA,9.1,"9.1",27
"1307",9,1,4529,20278134,"BcT4_2030",NA,NA,-0.000291169,9.1,"9.1",27
"1308",9,1,4711,20278316,"BcT4_2030",NA,NA,0.000275013,9.1,"9.1",27
"1309",9,1,4764,20278369,"BcT4_2030",NA,NA,0.00027035,9.1,"9.1",27
"1310",9,1,5202,20278807,"BcT4_2030",NA,NA,-0.000374825,9.1,"9.1",27
"1311",9,1,5217,20278822,"BcT4_2030",NA,NA,-0.000772713,9.1,"9.1",27
"1312",9,1,5227,20278832,"BcT4_2030",NA,NA,-0.000270807,9.1,"9.1",27
"1313",9,1,5747,20279352,"BcT4_2030",NA,0.000566541,NA,9.1,"9.1",27
"1314",9,1,5819,20279424,"BcT4_2030",NA,0.000400145,NA,9.1,"9.1",27
"1315",9,1,6155,20279760,"BcT4_2030",0.000579659,NA,NA,9.1,"9.1",27
"1316",9,1,6285,20279890,"BcT4_2030",NA,0.000535188,NA,9.1,"9.1",27
"1317",9,1,7447,20281052,"BcT4_2030",-0.000453086,NA,NA,9.1,"9.1",27
"1318",9,1,8165,20281770,"BcT4_2030",NA,NA,-0.000408816,9.1,"9.1",27
"1319",9,1,10307,20283912,"BcT4_2030",0.000582537,NA,NA,9.1,"9.1",27
"1320",9,1,10356,20283961,"BcT4_2030",NA,NA,0.000339253,9.1,"9.1",27
"1321",9,1,10525,20284130,"BcT4_2030",0.000792413,0.000402343,NA,9.1,"9.1",27
"1323",9,1,26100,20299705,"BcT4_2033",0.000503066,NA,NA,9.1,"9.1",27
"1324",9,1,29622,20303227,"BcT4_2033",NA,NA,0.000271173,9.1,"9.1",27
"1325",9,1,31187,20304792,"BcT4_2033",NA,NA,-0.000308447,9.1,"9.1",27
"1326",9,1,32862,20306467,"BcT4_2033",0.000634652,0.001039389,NA,9.1,"9.1",27
"1328",9,1,33069,20306674,"BcT4_2033",NA,NA,-0.000411474,9.1,"9.1",27
"1329",9,1,33205,20306810,"BcT4_2033",0.000739758,0.000716812,NA,9.1,"9.1",27
"1331",9,1,33989,20307594,"BcT4_2033",NA,NA,-0.000360738,9.1,"9.1",27
"1332",9,1,34179,20307784,"BcT4_2033",NA,NA,-0.000309235,9.1,"9.1",27
"1333",9,1,34302,20307907,"BcT4_2033",NA,NA,-0.000259057,9.1,"9.1",27
"1334",9,1,34744,20308349,"BcT4_2033",NA,NA,-0.000257659,9.1,"9.1",27
"1335",9,1,34953,20308558,"BcT4_2033",NA,NA,-0.000283838,9.1,"9.1",27
"1336",9,1,35590,20309195,"BcT4_2033",0.000589464,NA,NA,9.1,"9.1",27
"1337",9,1,38580,20312185,"BcT4_2034",0.00052586,0.000667182,NA,9.1,"9.1",27
"1339",9,1,39436,20313041,"BcT4_2034",NA,NA,-0.000433436,9.1,"9.1",27
"1340",9,1,40055,20313660,"BcT4_2034",NA,NA,-0.000302225,9.1,"9.1",27
"1341",9,1,42046,20315651,"BcT4_2034",NA,NA,0.000296716,9.1,"9.1",27
"1342",9,1,42366,20315971,"BcT4_2034",NA,NA,0.000355177,9.1,"9.1",27
"1343",9,1,42464,20316069,"BcT4_2034",NA,NA,-0.000441597,9.1,"9.1",27
"1344",9,1,43386,20316991,"BcT4_2034",NA,0.000622598,NA,9.1,"9.1",27
"1345",9,1,43391,20316996,"BcT4_2034",NA,0.000464538,NA,9.1,"9.1",27
"1346",9,1,43393,20316998,"BcT4_2034",NA,0.000682213,NA,9.1,"9.1",27
"1347",9,1,43775,20317380,"BcT4_2034",-0.000684466,NA,NA,9.1,"9.1",27
"1348",9,1,46352,20319957,"BcT4_2034",0.000671788,0.000933621,NA,9.1,"9.1",27
"1350",9,1,46364,20319969,"BcT4_2034",NA,0.000383868,NA,9.1,"9.1",27
"1351",9,1,47054,20320659,"BcT4_2034",0.000587182,0.000405677,NA,9.1,"9.1",27
"1353",9,1,47587,20321192,"BcT4_2034",NA,NA,0.000281581,9.1,"9.1",27
"1354",9,1,50168,20323773,"BcT4_2034",NA,NA,-0.000292451,9.1,"9.1",27
"1355",9,1,50894,20324499,"BcT4_2034",NA,0.000375912,NA,9.1,"9.1",27
"1356",9,1,51017,20324622,"BcT4_2034",-0.000489509,NA,NA,9.1,"9.1",27
"1357",9,1,55193,20328798,"BcT4_2034",NA,-0.000413094,NA,9.1,"9.1",27
"1358",9,1,317414,20591019,"BcT4_2094",0.017454133,0.031060311,-0.019515092,9.1,"9.1",27
"1361",9,1,386683,20660288,"BcT4_2116",0.000503355,NA,NA,9.1,"9.1",27
"1362",9,1,901709,21175314,"BcT4_2252",NA,NA,-0.000474404,9.1,"9.1",27
"1363",9,1,1258985,21532590,"BcT4_2360",NA,NA,0.000263407,9.1,"9.1",27
"1364",9,1,1572532,21846137,"BcT4_2437",-0.000497625,NA,NA,9.1,"9.1",27
"1365",9,1,1617562,21891167,"BcT4_2449",NA,NA,0.000268679,9.1,"9.1",27
"1366",9,1,1617563,21891168,"BcT4_2449",NA,NA,0.000268679,9.1,"9.1",27
"1367",9,1,1617576,21891181,"BcT4_2449",NA,NA,0.000268679,9.1,"9.1",27
"1368",9,1,1617586,21891191,"BcT4_2449",NA,NA,0.000361835,9.1,"9.1",27
"1369",9,1,1723748,21997353,"BcT4_2485",NA,NA,0.000278257,9.1,"9.1",27
"1370",9,1,1791169,22064774,"BcT4_2501",NA,NA,0.000268903,9.1,"9.1",27
"1371",9,1,1839200,22112805,"BcT4_2508",NA,0.000582765,NA,9.1,"9.1",27
"1372",9,1,1839714,22113319,"BcT4_2508",0.000892837,0.000907556,NA,9.1,"9.1",27
"1374",9,1,1839717,22113322,"BcT4_2508",0.001517694,0.001513214,NA,9.1,"9.1",27
"1376",9,1,1839725,22113330,"BcT4_2508",NA,0.00040789,NA,9.1,"9.1",27
"1377",9,1,1839731,22113336,"BcT4_2508",NA,0.000667971,NA,9.1,"9.1",27
"1378",9,1,1840045,22113650,"BcT4_2508",NA,NA,0.000271883,9.1,"9.1",27
"1379",9,1,1845709,22119314,"BcT4_2508",0.000642437,NA,NA,9.1,"9.1",27
"1380",9,1,1850834,22124439,"BcT4_2508",0.000651668,0.000372861,NA,9.1,"9.1",27
"1382",9,1,1873907,22147512,"BcT4_2509",NA,NA,0.000650267,9.1,"9.1",27
"1383",9,1,1874183,22147788,"BcT4_2509",0.000460269,NA,NA,9.1,"9.1",27
"1384",9,1,2005625,22279230,"BcT4_2547",NA,NA,0.000276272,9.1,"9.1",27
"1385",9,1,2067525,22341130,"BcT4_2565",NA,NA,0.00035941,9.1,"9.1",27
"1386",9,1,2076135,22349740,"BcT4_2565",NA,0.00046197,NA,9.1,"9.1",27
"1387",9,1,2076285,22349890,"BcT4_2565",NA,NA,-0.000330928,9.1,"9.1",27
"125",10,0,32115,22382005,"BcT4_10379",-0.000708149,NA,NA,10,"10",28
"126",10,0,37146,22387036,"BcT4_10379",NA,-0.000612525,NA,10,"10",28
"127",10,0,37188,22387078,"BcT4_10379",NA,-0.000556279,0.000304335,10,"10",28
"129",10,0,37193,22387083,"BcT4_10379",NA,-0.000552664,0.000338936,10,"10",28
"131",10,0,37205,22387095,"BcT4_10379",NA,-0.000713011,0.000813451,10,"10",28
"133",10,0,37237,22387127,"BcT4_10379",NA,-0.000586468,NA,10,"10",28
"134",10,0,44346,22394236,"BcT4_10380",NA,-0.000548167,NA,10,"10",28
"135",10,0,69775,22419665,"BcT4_10381",NA,NA,0.000495738,10,"10",28
"136",10,1,9814,22429479,"BcT4_1479",NA,0.000494144,NA,10.1,"10.1",29
"137",10,1,10107,22429772,"BcT4_1479",NA,NA,-0.000418943,10.1,"10.1",29
"138",10,1,10477,22430142,"BcT4_1479",NA,NA,0.00033184,10.1,"10.1",29
"139",10,1,10570,22430235,"BcT4_1479",NA,NA,-0.000356819,10.1,"10.1",29
"140",10,1,10627,22430292,"BcT4_1479",NA,NA,0.000491923,10.1,"10.1",29
"141",10,1,10725,22430390,"BcT4_1479",0.00045637,NA,NA,10.1,"10.1",29
"142",10,1,10928,22430593,"BcT4_1479",NA,NA,0.00036823,10.1,"10.1",29
"143",10,1,10997,22430662,"BcT4_1479",NA,NA,0.000313907,10.1,"10.1",29
"144",10,1,11087,22430752,"BcT4_1479",NA,NA,0.000362494,10.1,"10.1",29
"145",10,1,11234,22430899,"BcT4_1479",0.00050245,0.000481394,NA,10.1,"10.1",29
"147",10,1,11418,22431083,"BcT4_1479",NA,NA,0.000288135,10.1,"10.1",29
"148",10,1,11442,22431107,"BcT4_1479",NA,-0.000565339,NA,10.1,"10.1",29
"149",10,1,11450,22431115,"BcT4_1479",NA,NA,0.00033524,10.1,"10.1",29
"150",10,1,11484,22431149,"BcT4_1479",NA,NA,0.000621464,10.1,"10.1",29
"151",10,1,11937,22431602,"BcT4_1479",NA,NA,-0.000342306,10.1,"10.1",29
"152",10,1,12207,22431872,"BcT4_1479",NA,NA,0.000565637,10.1,"10.1",29
"153",10,1,12306,22431971,"BcT4_1479",NA,NA,0.000366601,10.1,"10.1",29
"154",10,1,12612,22432277,"BcT4_1479",NA,NA,0.000376092,10.1,"10.1",29
"155",10,1,12636,22432301,"BcT4_1479",NA,NA,0.000310332,10.1,"10.1",29
"156",10,1,12682,22432347,"BcT4_1479",NA,NA,0.000263185,10.1,"10.1",29
"157",10,1,13552,22433217,"BcT4_1480",NA,NA,-0.000303772,10.1,"10.1",29
"158",10,1,13574,22433239,"BcT4_1480",NA,NA,-0.000262229,10.1,"10.1",29
"159",10,1,13604,22433269,"BcT4_1480",NA,NA,-0.000342704,10.1,"10.1",29
"160",10,1,14315,22433980,"BcT4_1480",NA,NA,0.000303473,10.1,"10.1",29
"161",10,1,15355,22435020,"BcT4_1480",-0.000831678,-0.00077034,NA,10.1,"10.1",29
"163",10,1,15363,22435028,"BcT4_1480",-0.00070112,-0.000909129,NA,10.1,"10.1",29
"165",10,1,21974,22441639,"BcT4_1480",NA,NA,-0.000323488,10.1,"10.1",29
"166",10,1,22019,22441684,"BcT4_1480",NA,NA,-0.000273533,10.1,"10.1",29
"167",10,1,22030,22441695,"BcT4_1480",NA,NA,-0.00029649,10.1,"10.1",29
"168",10,1,23109,22442774,"BcT4_1480",NA,NA,-0.000281433,10.1,"10.1",29
"169",10,1,23119,22442784,"BcT4_1480",NA,0.000774547,NA,10.1,"10.1",29
"170",10,1,303562,22723227,"BcT4_1545",NA,NA,-0.000272601,10.1,"10.1",29
"171",10,1,322755,22742420,"BcT4_1552",0.000546851,0.000656141,NA,10.1,"10.1",29
"173",10,1,322757,22742422,"BcT4_1552",NA,0.000726058,NA,10.1,"10.1",29
"174",10,1,322763,22742428,"BcT4_1552",NA,0.00046085,NA,10.1,"10.1",29
"175",10,1,350818,22770483,"BcT4_1556",NA,0.000532695,NA,10.1,"10.1",29
"176",10,1,350913,22770578,"BcT4_1556",NA,0.000582116,NA,10.1,"10.1",29
"177",10,1,351407,22771072,"BcT4_1556",NA,-0.000542344,NA,10.1,"10.1",29
"178",10,1,353268,22772933,"BcT4_1557",NA,-0.005911126,0.023853446,10.1,"10.1",29
"180",10,1,497635,22917300,"BcT4_1588",NA,-0.000386144,NA,10.1,"10.1",29
"181",10,1,1206055,23625720,"BcT4_1767",0.00060513,0.000811749,NA,10.1,"10.1",29
"183",10,1,1356004,23775669,"BcT4_1804",NA,NA,-0.000278032,10.1,"10.1",29
"184",10,1,1356579,23776244,"BcT4_1804",-0.000469208,NA,NA,10.1,"10.1",29
"185",10,1,1361365,23781030,"BcT4_1804",NA,NA,0.000310022,10.1,"10.1",29
"186",10,1,1361665,23781330,"BcT4_1804",NA,NA,-0.000313501,10.1,"10.1",29
"187",10,1,1362043,23781708,"BcT4_1804",-0.000506064,NA,NA,10.1,"10.1",29
"188",10,1,1362061,23781726,"BcT4_1804",NA,-0.000784325,NA,10.1,"10.1",29
"189",10,1,1362074,23781739,"BcT4_1804",NA,NA,0.000383486,10.1,"10.1",29
"190",10,1,1362581,23782246,"BcT4_1805",NA,NA,0.000268364,10.1,"10.1",29
"191",10,1,1362895,23782560,"BcT4_1805",NA,-0.000568853,NA,10.1,"10.1",29
"192",10,1,1362943,23782608,"BcT4_1805",-0.000466052,-0.000546083,NA,10.1,"10.1",29
"194",10,1,1363015,23782680,"BcT4_1805",NA,0.000536576,NA,10.1,"10.1",29
"195",10,1,1363353,23783018,"BcT4_1805",NA,NA,0.000316494,10.1,"10.1",29
"196",10,1,1366050,23785715,"BcT4_1805",NA,NA,-0.000300009,10.1,"10.1",29
"197",10,1,1366306,23785971,"BcT4_1805",NA,NA,-0.000319637,10.1,"10.1",29
"198",10,1,1366774,23786439,"BcT4_1805",NA,0.000375272,NA,10.1,"10.1",29
"199",10,1,1366885,23786550,"BcT4_1805",NA,NA,-0.000260225,10.1,"10.1",29
"200",10,1,1367166,23786831,"BcT4_1805",NA,0.000399725,NA,10.1,"10.1",29
"201",10,1,1367380,23787045,"BcT4_1805",0.000631804,NA,NA,10.1,"10.1",29
"202",10,1,1367832,23787497,"BcT4_1805",NA,NA,-0.000333399,10.1,"10.1",29
"203",10,1,1367895,23787560,"BcT4_1805",NA,0.000541731,NA,10.1,"10.1",29
"204",10,1,2032469,24452134,"BcT4_1977",NA,-0.000418721,NA,10.1,"10.1",29
"205",10,1,2033881,24453546,"BcT4_1978",NA,NA,0.000266686,10.1,"10.1",29
"206",10,1,2033963,24453628,"BcT4_1978",NA,NA,0.000284596,10.1,"10.1",29
"207",10,1,2034016,24453681,"BcT4_1978",NA,NA,0.000259016,10.1,"10.1",29
"208",10,1,2034717,24454382,"BcT4_1978",-0.000529972,-0.000462397,NA,10.1,"10.1",29
"210",10,1,2035430,24455095,"BcT4_1978",0.00046916,NA,NA,10.1,"10.1",29
"211",10,1,2036282,24455947,"BcT4_1978",0.00052919,NA,NA,10.1,"10.1",29
"212",10,1,2036308,24455973,"BcT4_1978",-0.000690621,-0.000549098,NA,10.1,"10.1",29
"214",10,1,2037704,24457369,"BcT4_1978",NA,NA,0.000300953,10.1,"10.1",29
"215",10,1,2037720,24457385,"BcT4_1978",NA,NA,0.000275425,10.1,"10.1",29
"216",10,1,2038104,24457769,"BcT4_1978",NA,NA,0.000321554,10.1,"10.1",29
"217",10,1,2043608,24463273,"BcT4_1978",NA,NA,0.000280616,10.1,"10.1",29
"218",10,1,2087607,24507272,"BcT4_1989",-0.000641346,-0.000409413,NA,10.1,"10.1",29
"220",10,1,2087612,24507277,"BcT4_1989",-0.000839435,-0.00052847,NA,10.1,"10.1",29
"222",10,1,2258418,24678083,"BcT4_2029",NA,NA,-0.000375425,10.1,"10.1",29
"223",10,1,2259650,24679315,"BcT4_2029",NA,0.000433469,NA,10.1,"10.1",29
"224",10,1,2276066,24695731,"BcT4_2029",NA,NA,0.0002783,10.1,"10.1",29
"225",10,1,2276072,24695737,"BcT4_2029",NA,-0.00061654,NA,10.1,"10.1",29
"226",10,1,2276258,24695923,"BcT4_2029",0.000535228,NA,NA,10.1,"10.1",29
"227",10,1,2276544,24696209,"BcT4_2029",NA,NA,0.00028867,10.1,"10.1",29
"228",10,1,2276588,24696253,"BcT4_2029",0.000502413,0.000731216,NA,10.1,"10.1",29
"230",10,1,2276611,24696276,"BcT4_2029",NA,0.00037919,-0.000414646,10.1,"10.1",29
"232",10,1,2276629,24696294,"BcT4_2029",0.001218333,0.000741021,NA,10.1,"10.1",29
"234",10,1,2276637,24696302,"BcT4_2029",NA,0.00106363,NA,10.1,"10.1",29
"235",10,1,2276647,24696312,"BcT4_2029",0.000559325,0.000830144,NA,10.1,"10.1",29
"237",10,1,2277954,24697619,"BcT4_2029",-0.000491122,NA,NA,10.1,"10.1",29
"238",10,1,2278899,24698564,"BcT4_2029",NA,NA,0.000343597,10.1,"10.1",29
"239",10,1,2278991,24698656,"BcT4_2029",NA,NA,0.000503098,10.1,"10.1",29
"240",10,1,2279289,24698954,"BcT4_2029",0.00045105,NA,NA,10.1,"10.1",29
"241",10,1,2279596,24699261,"BcT4_2029",NA,-0.000529036,NA,10.1,"10.1",29
"242",10,1,2279844,24699509,"BcT4_2029",0.001044627,0.000634055,NA,10.1,"10.1",29
"244",10,1,2280188,24699853,"BcT4_2029",NA,-0.000631753,NA,10.1,"10.1",29
"245",10,1,2280193,24699858,"BcT4_2029",NA,0.000425829,NA,10.1,"10.1",29
"246",10,1,2280200,24699865,"BcT4_2029",NA,0.000388577,NA,10.1,"10.1",29
"247",10,1,2280757,24700422,"BcT4_2029",NA,0.000384826,NA,10.1,"10.1",29
"248",10,1,2281007,24700672,"BcT4_2029",0.000571565,0.001216427,NA,10.1,"10.1",29
"250",10,1,2281011,24700676,"BcT4_2029",NA,NA,-0.000270584,10.1,"10.1",29
"251",10,1,2281898,24701563,"BcT4_2029",NA,NA,-0.000270055,10.1,"10.1",29
"252",10,1,2281913,24701578,"BcT4_2029",NA,NA,-0.000543566,10.1,"10.1",29
"253",10,1,2281920,24701585,"BcT4_2029",NA,NA,-0.000322813,10.1,"10.1",29
"254",10,1,2282078,24701743,"BcT4_2029",NA,NA,-0.000287078,10.1,"10.1",29
"255",10,1,2282349,24702014,"BcT4_2029",NA,0.000486376,NA,10.1,"10.1",29
"256",10,1,2282410,24702075,"BcT4_2029",-0.000612254,-0.001089503,NA,10.1,"10.1",29
"258",10,1,2282643,24702308,"BcT4_2029",NA,NA,0.000285313,10.1,"10.1",29
"259",11,0,546346,25248654,"BcT4_8002",NA,NA,0.0002891,11,"11",30
"260",11,0,689708,25392016,"BcT4_8036",-0.000528049,-0.000891661,NA,11,"11",30
"262",11,0,689709,25392017,"BcT4_8036",0.000452546,0.000755076,NA,11,"11",30
"264",12,0,3780,24706089,"BcT4_7137",NA,NA,-0.000309643,12,"12",32
"265",12,0,11471,24713780,"BcT4_7137",-0.000611536,-0.000743275,NA,12,"12",32
"267",12,0,11475,24713784,"BcT4_7137",NA,-0.000429419,NA,12,"12",32
"268",12,0,11808,24714117,"BcT4_7137",0.000508596,NA,NA,12,"12",32
"269",12,0,12110,24714419,"BcT4_7137",NA,-0.000421837,NA,12,"12",32
"270",12,0,12453,24714762,"BcT4_7137",NA,NA,-0.000694666,12,"12",32
"271",12,0,15108,24717417,"BcT4_7137",-0.000645602,NA,NA,12,"12",32
"272",12,0,42141,24744450,"BcT4_7142",0.000460552,0.000512787,NA,12,"12",32
"274",12,0,42145,24744454,"BcT4_7142",0.000573687,0.00087874,NA,12,"12",32
"276",12,0,42742,24745051,"BcT4_7143",NA,0.000426646,NA,12,"12",32
"277",12,0,42839,24745148,"BcT4_7143",0.000707089,0.000419001,NA,12,"12",32
"279",12,0,42840,24745149,"BcT4_7143",0.000675994,0.000410053,NA,12,"12",32
"281",12,0,42902,24745211,"BcT4_7143",0.000498118,0.000573988,NA,12,"12",32
"283",12,0,269554,24971863,"BcT4_7208",NA,0.000455912,NA,12,"12",32
"284",12,0,457256,25159565,"BcT4_7258",NA,NA,0.000320313,12,"12",32
"285",12,0,458203,25160512,"BcT4_7258",NA,NA,-0.000354413,12,"12",32
"286",12,0,464769,25167078,"BcT4_7259",-0.000821679,-0.000785586,NA,12,"12",32
"288",12,0,807750,25510059,"BcT4_7342",NA,NA,0.000307013,12,"12",32
"289",12,1,579017,26089076,"BcT4_7765",NA,NA,0.000296692,12.1,"12.1",33
"290",13,0,18956,26108032,"BcT4_8540",NA,NA,0.000302562,13,"13",34
"291",13,0,19502,26108578,"BcT4_8540",NA,-0.000442784,0.000296,13,"13",34
"293",13,0,19518,26108594,"BcT4_8540",NA,-0.000404022,NA,13,"13",34
"294",13,0,19524,26108600,"BcT4_8540",NA,-0.000465563,NA,13,"13",34
"295",13,0,19549,26108625,"BcT4_8540",NA,NA,0.000258728,13,"13",34
"296",13,0,19827,26108903,"BcT4_8540",NA,NA,-0.000345417,13,"13",34
"297",13,0,19873,26108949,"BcT4_8540",NA,NA,-0.000271454,13,"13",34
"298",13,0,20038,26109114,"BcT4_8540",NA,-0.000428861,NA,13,"13",34
"299",13,0,20445,26109521,"BcT4_8540",NA,NA,0.000474503,13,"13",34
"300",13,0,20529,26109605,"BcT4_8540",NA,NA,0.000416452,13,"13",34
"301",13,0,20661,26109737,"BcT4_8540",-0.000506191,NA,NA,13,"13",34
"302",13,0,21144,26110220,"BcT4_8540",NA,NA,-0.000345156,13,"13",34
"303",13,0,21320,26110396,"BcT4_8540",NA,NA,0.000281316,13,"13",34
"304",13,0,21351,26110427,"BcT4_8540",NA,NA,0.000313778,13,"13",34
"305",13,0,22641,26111717,"BcT4_8541",NA,0.000621273,NA,13,"13",34
"306",13,0,25436,26114512,"BcT4_8541",NA,NA,-0.000646675,13,"13",34
"307",13,0,25448,26114524,"BcT4_8541",NA,NA,-0.000694678,13,"13",34
"308",13,0,26099,26115175,"BcT4_8541",NA,NA,-0.000404343,13,"13",34
"309",13,0,26100,26115176,"BcT4_2033",NA,NA,-0.000298654,13,"13",34
"310",13,0,26132,26115208,"BcT4_8541",NA,NA,-0.000270976,13,"13",34
"311",13,0,335307,26424383,"BcT4_8619",NA,-0.00040953,NA,13,"13",34
"312",13,0,753985,26843061,"BcT4_8722",NA,NA,-0.00026188,13,"13",34
"313",13,0,754545,26843621,"BcT4_8722",NA,NA,0.000333553,13,"13",34
"314",13,0,764492,26853568,"BcT4_8723",NA,NA,0.000271359,13,"13",34
"315",13,0,765656,26854732,"BcT4_8723",NA,NA,0.000377191,13,"13",34
"316",13,0,765658,26854734,"BcT4_8723",NA,NA,0.000359615,13,"13",34
"317",13,0,765677,26854753,"BcT4_8723",NA,NA,0.000509834,13,"13",34
"318",13,0,765691,26854767,"BcT4_8723",NA,NA,0.000360131,13,"13",34
"319",13,0,766034,26855110,"BcT4_8723",-0.000624289,-0.000452748,NA,13,"13",34
"321",13,0,766049,26855125,"BcT4_8723",NA,NA,-0.000335487,13,"13",34
"322",13,0,766422,26855498,"BcT4_8723",NA,-0.000400826,NA,13,"13",34
"323",13,0,766467,26855543,"BcT4_8723",NA,NA,0.000292735,13,"13",34
"324",13,0,766584,26855660,"BcT4_8723",NA,0.000382737,NA,13,"13",34
"325",13,0,767967,26857043,"BcT4_8723",NA,0.000563635,NA,13,"13",34
"326",13,0,767981,26857057,"BcT4_8723",NA,NA,-0.000340766,13,"13",34
"327",13,0,768656,26857732,"BcT4_8723",NA,NA,0.000488655,13,"13",34
"328",13,0,776764,26865840,"BcT4_8724",NA,NA,-0.000268577,13,"13",34
"329",13,0,776886,26865962,"BcT4_8724",NA,NA,-0.000359278,13,"13",34
"330",13,0,776895,26865971,"BcT4_8724",NA,NA,-0.00027246,13,"13",34
"331",13,0,776914,26865990,"BcT4_8724",NA,NA,-0.000468532,13,"13",34
"332",13,0,776918,26865994,"BcT4_8724",NA,NA,-0.000390255,13,"13",34
"333",13,0,776923,26865999,"BcT4_8724",NA,NA,-0.000653517,13,"13",34
"334",13,0,776936,26866012,"BcT4_8724",NA,NA,-0.000357582,13,"13",34
"335",13,0,777246,26866322,"BcT4_8724",-0.000456517,NA,NA,13,"13",34
"336",13,0,777288,26866364,"BcT4_8724",-0.000492374,NA,NA,13,"13",34
"337",13,0,777517,26866593,"BcT4_8724",0.00069932,0.000435366,NA,13,"13",34
"339",13,0,777577,26866653,"BcT4_8724",0.000637279,NA,NA,13,"13",34
"340",13,0,786668,26875744,"BcT4_8725",0.000549001,NA,NA,13,"13",34
"341",13,0,787044,26876120,"BcT4_8725",0.000476437,NA,NA,13,"13",34
"342",13,1,73,26876193,"BcT4_8083",NA,NA,-0.000452107,13.1,"13.1",35
"343",13,1,569,26876689,"BcT4_8083",0.000597723,NA,NA,13.1,"13.1",35
"344",13,1,1216,26877336,"BcT4_8083",0.000458901,NA,NA,13.1,"13.1",35
"345",13,1,1218,26877338,"BcT4_8083",0.000590929,0.000478949,NA,13.1,"13.1",35
"347",13,1,3325,26879445,"BcT4_8083",NA,NA,-0.000263935,13.1,"13.1",35
"348",13,1,836424,27712544,"BcT4_8320",NA,-0.000482376,NA,13.1,"13.1",35
"349",13,1,836494,27712614,"BcT4_8320",-0.000473668,-0.000707094,NA,13.1,"13.1",35
"351",13,2,979,27713593,"BcT4_10439",0.000556325,0.000398261,NA,13.2,"13.2",36
"353",13,2,995,27713609,"BcT4_10439",0.000744812,0.000446786,NA,13.2,"13.2",36
"355",13,2,1019,27713633,"BcT4_10439",NA,NA,-0.000268219,13.2,"13.2",36
"356",13,2,1636,27714250,"BcT4_10439",NA,0.000586183,NA,13.2,"13.2",36
"357",13,2,1827,27714441,"BcT4_10439",NA,NA,-0.000285816,13.2,"13.2",36
"358",13,2,3010,27715624,"BcT4_10439",-0.000632623,NA,NA,13.2,"13.2",36
"359",13,2,3667,27716281,"BcT4_10439",NA,NA,0.000546233,13.2,"13.2",36
"360",13,2,6843,27719457,"BcT4_10439",-0.000495477,NA,NA,13.2,"13.2",36
"361",13,2,7313,27719927,"BcT4_10439",NA,NA,0.00025794,13.2,"13.2",36
"362",13,2,8203,27720817,"BcT4_10439",NA,-0.000392314,0.000792822,13.2,"13.2",36
"364",13,2,8205,27720819,"BcT4_10439",NA,NA,0.000486419,13.2,"13.2",36
"365",13,2,9113,27721727,"BcT4_10439",-0.000488716,-0.000392681,NA,13.2,"13.2",36
"367",13,2,10026,27722640,"BcT4_10439",NA,NA,0.000279016,13.2,"13.2",36
"368",13,2,10813,27723427,"BcT4_10439",NA,NA,0.000328191,13.2,"13.2",36
"369",13,2,11051,27723665,"BcT4_10439",NA,NA,-0.000422705,13.2,"13.2",36
"370",13,2,11082,27723696,"BcT4_10439",NA,NA,0.000552031,13.2,"13.2",36
"371",13,2,11570,27724184,"BcT4_10439",NA,0.000451046,-0.000281985,13.2,"13.2",36
"373",13,2,12537,27725151,"BcT4_10439",NA,NA,-0.00029793,13.2,"13.2",36
"374",13,2,16437,27729051,"BcT4_10439",NA,NA,-0.000291607,13.2,"13.2",36
"375",13,2,16992,27729606,"BcT4_10439",NA,0.000535898,NA,13.2,"13.2",36
"376",13,2,17363,27729977,"BcT4_10439",NA,NA,-0.000416942,13.2,"13.2",36
"377",13,2,17503,27730117,"BcT4_10439",NA,NA,-0.000419271,13.2,"13.2",36
"378",13,2,17630,27730244,"BcT4_10439",NA,0.000440553,NA,13.2,"13.2",36
"379",13,2,17656,27730270,"BcT4_10439",0.000747722,0.000545765,NA,13.2,"13.2",36
"381",13,2,17757,27730371,"BcT4_10439",0.000614764,NA,NA,13.2,"13.2",36
"382",13,2,17764,27730378,"BcT4_10439",NA,0.000621083,-0.000446532,13.2,"13.2",36
"384",13,2,17768,27730382,"BcT4_10439",-0.001191888,NA,-0.000548836,13.2,"13.2",36
"386",13,2,17781,27730395,"BcT4_10439",NA,NA,0.000305735,13.2,"13.2",36
"387",13,2,22196,27734810,"BcT4_10439",NA,NA,-0.000284033,13.2,"13.2",36
"388",13,2,25787,27738401,"BcT4_10439",NA,NA,-0.000299848,13.2,"13.2",36
"389",14,0,5684,27744085,"BcT4_8321",-0.000570342,-0.000526132,NA,14,"14",37
"391",14,0,238569,27976970,"BcT4_8383",NA,NA,0.000283935,14,"14",37
"392",14,0,243102,27981503,"BcT4_8383",0.000566512,NA,NA,14,"14",37
"393",14,0,622966,28361367,"BcT4_8489",NA,0.000379628,NA,14,"14",37
"394",14,1,843,28362210,"BcT4_4958",-0.000673356,NA,NA,14.1,"14.1",38
"395",14,1,906,28362273,"BcT4_4958",-0.000515688,NA,NA,14.1,"14.1",38
"396",14,1,2063,28363430,"BcT4_4958",NA,NA,0.00027892,14.1,"14.1",38
"397",14,1,2110,28363477,"BcT4_4958",NA,NA,0.000300806,14.1,"14.1",38
"398",14,1,2189,28363556,"BcT4_4958",NA,NA,0.000415979,14.1,"14.1",38
"399",14,1,2831,28364198,"BcT4_4958",NA,NA,0.000300351,14.1,"14.1",38
"400",14,1,3451,28364818,"BcT4_4958",NA,-0.000514959,NA,14.1,"14.1",38
"401",14,1,3685,28365052,"BcT4_4958",NA,0.000542339,NA,14.1,"14.1",38
"402",14,1,3879,28365246,"BcT4_4958",NA,0.000575618,-0.000294137,14.1,"14.1",38
"404",14,1,3892,28365259,"BcT4_4958",NA,NA,-0.000422544,14.1,"14.1",38
"405",14,1,3902,28365269,"BcT4_4958",NA,NA,-0.000274002,14.1,"14.1",38
"406",14,1,3912,28365279,"BcT4_4958",NA,NA,-0.000530494,14.1,"14.1",38
"407",14,1,3917,28365284,"BcT4_4958",NA,NA,-0.000268096,14.1,"14.1",38
"408",14,1,3949,28365316,"BcT4_4958",NA,NA,-0.000300956,14.1,"14.1",38
"409",14,1,586339,28947706,"BcT4_5125",NA,NA,-0.000371526,14.1,"14.1",38
"410",14,1,1172119,29533486,"BcT4_5272",NA,NA,0.000348058,14.1,"14.1",38
"411",14,2,96,29533582,"BcT4_10443",NA,-0.000452811,0.000308844,14.2,"14.2",39
"413",14,2,134,29533620,"BcT4_10443",NA,0.000434632,NA,14.2,"14.2",39
"414",14,2,349,29533835,"BcT4_10443",NA,NA,-0.000301008,14.2,"14.2",39
"415",14,2,537,29534023,"BcT4_10443",NA,NA,-0.000298213,14.2,"14.2",39
"416",14,2,618,29534104,"BcT4_10443",NA,NA,0.000322956,14.2,"14.2",39
"417",14,2,639,29534125,"BcT4_10443",NA,NA,0.000294882,14.2,"14.2",39
"418",14,2,1008,29534494,"BcT4_10443",NA,NA,-0.000502831,14.2,"14.2",39
"419",14,2,1392,29534878,"BcT4_10443",NA,0.000435045,NA,14.2,"14.2",39
"420",14,2,1408,29534894,"BcT4_10443",0.000646477,NA,NA,14.2,"14.2",39
"421",14,2,1446,29534932,"BcT4_10443",0.000519602,0.000418789,NA,14.2,"14.2",39
"423",14,2,2378,29535864,"BcT4_10443",NA,NA,-0.000918185,14.2,"14.2",39
"424",14,2,2422,29535908,"BcT4_10443",NA,0.000561802,NA,14.2,"14.2",39
"425",14,2,2643,29536129,"BcT4_10443",NA,0.000574895,NA,14.2,"14.2",39
"426",14,2,2684,29536170,"BcT4_10443",NA,NA,0.00041802,14.2,"14.2",39
"427",14,2,2741,29536227,"BcT4_10443",NA,NA,-0.000258882,14.2,"14.2",39
"428",14,2,3106,29536592,"BcT4_10443",0.000577969,NA,NA,14.2,"14.2",39
"429",14,2,3280,29536766,"BcT4_10443",NA,0.000457974,NA,14.2,"14.2",39
"430",14,2,3288,29536774,"BcT4_10443",NA,0.000390257,NA,14.2,"14.2",39
"431",14,2,3587,29537073,"BcT4_10443",NA,NA,0.000302082,14.2,"14.2",39
"432",14,2,3695,29537181,"BcT4_10443",-0.000466957,NA,NA,14.2,"14.2",39
"433",14,2,4304,29537790,"BcT4_10443",NA,NA,0.000403624,14.2,"14.2",39
"434",14,2,4448,29537934,"BcT4_10443",NA,NA,0.000325664,14.2,"14.2",39
"435",14,2,5056,29538542,"BcT4_10443",NA,NA,0.000265858,14.2,"14.2",39
"436",14,2,5725,29539211,"BcT4_10443",NA,NA,0.000746907,14.2,"14.2",39
"437",14,2,5766,29539252,"BcT4_10443",-0.000469767,-0.00050847,NA,14.2,"14.2",39
"439",14,2,5821,29539307,"BcT4_10443",NA,-0.000489733,NA,14.2,"14.2",39
"440",14,2,6410,29539896,"BcT4_10443",NA,NA,-0.000477065,14.2,"14.2",39
"441",14,2,45020,29578506,"BcT4_10452",NA,NA,-0.000288388,14.2,"14.2",39
"442",14,2,45677,29579163,"BcT4_10452",NA,NA,-0.000364841,14.2,"14.2",39
"443",14,2,45870,29579356,"BcT4_10452",NA,NA,-0.000288623,14.2,"14.2",39
"444",14,2,46304,29579790,"BcT4_10452",NA,NA,-0.000329507,14.2,"14.2",39
"445",14,2,47054,29580540,"BcT4_2034",NA,0.000576295,NA,14.2,"14.2",39
"446",14,2,47270,29580756,"BcT4_10452",NA,0.00041825,NA,14.2,"14.2",39
"447",14,2,47740,29581226,"BcT4_10452",NA,0.000379067,NA,14.2,"14.2",39
"448",14,2,47750,29581236,"BcT4_10452",-0.000604366,NA,NA,14.2,"14.2",39
"449",14,2,47803,29581289,"BcT4_10452",-0.000546033,-0.000741657,NA,14.2,"14.2",39
"451",14,2,48002,29581488,"BcT4_10452",NA,NA,0.000621996,14.2,"14.2",39
"452",14,2,48005,29581491,"BcT4_10452",NA,NA,0.00033142,14.2,"14.2",39
"453",14,2,48259,29581745,"BcT4_10452",NA,NA,-0.000376254,14.2,"14.2",39
"454",14,2,48801,29582287,"BcT4_10452",0.000727204,0.000403445,NA,14.2,"14.2",39
"456",14,2,49314,29582800,"BcT4_10452",NA,-0.00055447,NA,14.2,"14.2",39
"457",14,2,49880,29583366,"BcT4_10452",NA,0.000402317,NA,14.2,"14.2",39
"458",14,2,49919,29583405,"BcT4_10452",0.000697166,NA,0.000952064,14.2,"14.2",39
"460",14,2,49925,29583411,"BcT4_10452",NA,NA,0.000923298,14.2,"14.2",39
"461",14,2,49956,29583442,"BcT4_10452",0.000524445,NA,NA,14.2,"14.2",39
"462",14,2,49962,29583448,"BcT4_10452",NA,NA,0.001314179,14.2,"14.2",39
"463",14,2,49963,29583449,"BcT4_10452",NA,NA,0.000418261,14.2,"14.2",39
"464",14,2,49969,29583455,"BcT4_10452",0.000719443,NA,NA,14.2,"14.2",39
"465",14,2,50023,29583509,"BcT4_10452",NA,NA,0.000438264,14.2,"14.2",39
"466",15,1,497,29533984,"BcT4_9761",NA,NA,-0.000291877,15.1,"15.1",41
"467",15,1,1603,29535090,"BcT4_9761",NA,NA,0.000297757,15.1,"15.1",41
"468",15,1,1818,29535305,"BcT4_9761",NA,NA,-0.000317773,15.1,"15.1",41
"469",15,1,1830,29535317,"BcT4_9761",NA,NA,-0.000279573,15.1,"15.1",41
"470",15,1,126163,29659650,"BcT4_9795",NA,0.000478972,NA,15.1,"15.1",41
"471",15,1,195951,29729438,"BcT4_9809",NA,-0.000542493,NA,15.1,"15.1",41
"472",15,1,250393,29783880,"BcT4_9827",-0.000610874,NA,NA,15.1,"15.1",41
"473",15,1,256780,29790267,"BcT4_9828",-0.00048424,NA,NA,15.1,"15.1",41
"474",15,1,273975,29807462,"BcT4_9830",NA,NA,0.000283313,15.1,"15.1",41
"475",15,1,274461,29807948,"BcT4_9830",NA,NA,0.000354507,15.1,"15.1",41
"476",15,1,274942,29808429,"BcT4_9830",NA,NA,0.000295281,15.1,"15.1",41
"477",15,1,275162,29808649,"BcT4_9830",NA,0.000464896,NA,15.1,"15.1",41
"478",15,1,275238,29808725,"BcT4_9830",NA,NA,0.000268915,15.1,"15.1",41
"479",15,1,275244,29808731,"BcT4_9830",0.000710697,NA,NA,15.1,"15.1",41
"480",15,1,275289,29808776,"BcT4_9830",0.00052129,NA,NA,15.1,"15.1",41
"481",15,1,275479,29808966,"BcT4_9830",NA,NA,0.000268041,15.1,"15.1",41
"482",15,1,276681,29810168,"BcT4_9830",NA,NA,-0.000258131,15.1,"15.1",41
"483",15,1,277081,29810568,"BcT4_9830",0.000642292,0.000725576,NA,15.1,"15.1",41
"485",15,1,277624,29811111,"BcT4_9830",NA,NA,0.000323434,15.1,"15.1",41
"486",15,1,277630,29811117,"BcT4_9830",NA,NA,0.000393784,15.1,"15.1",41
"487",15,1,277770,29811257,"BcT4_9830",NA,0.00048172,NA,15.1,"15.1",41
"488",15,2,934,29812191,"BcT4_10410",NA,0.000401906,NA,15.2,"15.2",42
"489",15,3,4586,29816777,"BcT4_10453",0.000573893,0.000414153,NA,15.3,"15.3",43
"491",15,3,19275,29831466,"BcT4_10455",NA,0.000448314,NA,15.3,"15.3",43
"492",15,3,19277,29831468,"BcT4_10455",NA,0.000582197,NA,15.3,"15.3",43
"493",15,3,19742,29831933,"BcT4_10455",0.000515291,NA,NA,15.3,"15.3",43
"494",15,3,20012,29832203,"BcT4_10455",NA,NA,0.000319673,15.3,"15.3",43
"495",15,3,24636,29836827,"BcT4_10455",-0.000558508,NA,NA,15.3,"15.3",43
"496",15,3,24655,29836846,"BcT4_10455",-0.000762859,NA,NA,15.3,"15.3",43
"497",15,3,25670,29837861,"BcT4_10455",NA,-0.000495423,NA,15.3,"15.3",43
"498",15,3,26637,29838828,"BcT4_10455",-0.000525549,-0.000405467,NA,15.3,"15.3",43
"500",15,3,27358,29839549,"BcT4_10455",NA,NA,0.000280156,15.3,"15.3",43
"501",15,3,27670,29839861,"BcT4_10455",-0.00047195,NA,NA,15.3,"15.3",43
"502",15,3,29232,29841423,"BcT4_10455",NA,NA,0.000358502,15.3,"15.3",43
"503",15,3,30310,29842501,"BcT4_10455",-0.000673262,NA,NA,15.3,"15.3",43
"504",15,3,30321,29842512,"BcT4_10455",NA,-0.000372168,NA,15.3,"15.3",43
"505",15,3,30449,29842640,"BcT4_10455",0.000640347,NA,NA,15.3,"15.3",43
"506",15,3,30763,29842954,"BcT4_10455",NA,NA,-0.000313081,15.3,"15.3",43
"507",15,3,30821,29843012,"BcT4_10455",-0.000460703,NA,NA,15.3,"15.3",43
"508",15,3,31422,29843613,"BcT4_10455",NA,NA,0.000349136,15.3,"15.3",43
"509",15,3,31606,29843797,"BcT4_10455",-0.000468546,NA,NA,15.3,"15.3",43
"510",15,4,11295,29855092,"BcT4_9029",NA,NA,-0.000276977,15.4,"15.4",44
"511",15,4,18110,29861907,"BcT4_9029",NA,NA,0.000282984,15.4,"15.4",44
"512",15,4,18451,29862248,"BcT4_9029",NA,NA,0.000261825,15.4,"15.4",44
"513",15,4,20452,29864249,"BcT4_9030",NA,NA,0.000329441,15.4,"15.4",44
"514",15,4,21067,29864864,"BcT4_9030",NA,NA,-0.000296736,15.4,"15.4",44
"515",15,4,21072,29864869,"BcT4_9030",NA,NA,-0.000296706,15.4,"15.4",44
"516",15,4,21359,29865156,"BcT4_9030",-0.000473066,NA,NA,15.4,"15.4",44
"517",15,4,21362,29865159,"BcT4_9030",-0.000473247,NA,NA,15.4,"15.4",44
"518",15,4,24039,29867836,"BcT4_9030",NA,NA,-0.000302925,15.4,"15.4",44
"519",15,4,24079,29867876,"BcT4_9030",NA,NA,-0.000272012,15.4,"15.4",44
"520",15,4,24117,29867914,"BcT4_9030",NA,NA,-0.000267197,15.4,"15.4",44
"521",15,4,24227,29868024,"BcT4_9030",NA,NA,-0.000308522,15.4,"15.4",44
"522",15,4,24422,29868219,"BcT4_9030",NA,-0.00046543,NA,15.4,"15.4",44
"523",15,4,26018,29869815,"BcT4_9030",NA,NA,-0.000348115,15.4,"15.4",44
"524",15,4,26022,29869819,"BcT4_9030",NA,NA,-0.000265454,15.4,"15.4",44
"525",15,4,26467,29870264,"BcT4_9030",NA,NA,-0.000359199,15.4,"15.4",44
"526",15,4,103099,29946896,"BcT4_9049",NA,NA,-0.000400142,15.4,"15.4",44
"527",15,4,103100,29946897,"BcT4_9049",-0.011706568,-0.010967474,-0.001704102,15.4,"15.4",44
"530",15,4,431329,30275126,"BcT4_9137",-0.000652725,-0.000639905,NA,15.4,"15.4",44
"532",15,4,536130,30379927,"BcT4_9168",NA,0.000406768,NA,15.4,"15.4",44
"533",16,0,87512,30467439,"BcT4_4526",NA,NA,0.000265333,16,"16",45
"534",16,0,148306,30528233,"BcT4_4540",NA,0.000533078,NA,16,"16",45
"535",16,0,185286,30565213,"BcT4_4546",NA,NA,0.000646415,16,"16",45
"536",16,0,1549830,31929757,"BcT4_4907",NA,0.000470957,NA,16,"16",45
"537",16,1,3092,31932849,"BcT4_6872",NA,NA,0.000465097,16.1,"16.1",46
"538",16,1,25287,31955044,"BcT4_6879",NA,0.000441573,NA,16.1,"16.1",46
"539",16,1,25767,31955524,"BcT4_6879",NA,0.000391995,NA,16.1,"16.1",46
"540",16,1,41891,31971648,"BcT4_6883",NA,NA,0.000298022,16.1,"16.1",46
"541",16,1,358809,32288566,"BcT4_6974",0.00054857,NA,NA,16.1,"16.1",46
"542",16,1,358915,32288672,"BcT4_6974",NA,NA,0.000313798,16.1,"16.1",46
"543",16,1,359151,32288908,"BcT4_6974",NA,-0.000641405,NA,16.1,"16.1",46
"544",16,1,863761,32793518,"BcT4_7111",0.000535881,NA,NA,16.1,"16.1",46
"545",16,1,863775,32793532,"BcT4_7111",NA,0.000433865,NA,16.1,"16.1",46
"546",16,1,863949,32793706,"BcT4_7111",0.000574374,NA,NA,16.1,"16.1",46
"547",16,1,864297,32794054,"BcT4_7111",NA,NA,0.000257594,16.1,"16.1",46
"548",16,1,892155,32821912,"BcT4_7112",0.000646371,0.000634316,NA,16.1,"16.1",46
"550",16,1,892539,32822296,"BcT4_7112",0.000468646,NA,NA,16.1,"16.1",46
"551",16,1,892603,32822360,"BcT4_7112",NA,NA,0.00031073,16.1,"16.1",46
"552",16,1,892627,32822384,"BcT4_7112",NA,NA,0.000349656,16.1,"16.1",46
"553",16,1,892632,32822389,"BcT4_7112",NA,NA,0.000455439,16.1,"16.1",46
"554",16,1,892767,32822524,"BcT4_7112",NA,NA,0.000539624,16.1,"16.1",46
"555",16,1,892783,32822540,"BcT4_7112",NA,NA,0.000273442,16.1,"16.1",46
"556",16,1,892987,32822744,"BcT4_7112",NA,NA,0.000269544,16.1,"16.1",46
"557",16,1,896196,32825953,"BcT4_7112",NA,NA,0.000307872,16.1,"16.1",46
"579",16,2,3660,32829613,"BcT4_10256",NA,NA,0.0003654,16.2,"16.2",47
"580",16,2,3683,32829636,"BcT4_10256",NA,NA,0.000277102,16.2,"16.2",47
"581",16,2,3790,32829743,"BcT4_10256",NA,NA,0.000268402,16.2,"16.2",47
"582",16,2,132955,32958908,"BcT4_10292",NA,0.000604614,NA,16.2,"16.2",47
"583",16,3,192,32959100,"BcT4_9381",NA,NA,0.000312535,16.3,"16.3",48
"584",16,3,40496,32999404,"BcT4_9386",NA,-0.000734245,NA,16.3,"16.3",48
"585",16,3,41809,33000717,"BcT4_9386",NA,-0.000667506,NA,16.3,"16.3",48
"586",16,3,45122,33004030,"BcT4_9386",NA,NA,0.000333669,16.3,"16.3",48
"587",16,3,81601,33040509,"BcT4_9392",0.015434607,0.029929478,-0.024599914,16.3,"16.3",48
"590",16,3,93576,33052484,"BcT4_9393",NA,NA,-0.000536593,16.3,"16.3",48
"591",16,3,107579,33066487,"BcT4_9397",NA,NA,0.000274528,16.3,"16.3",48
"592",16,3,108620,33067528,"BcT4_9397",NA,NA,0.000521558,16.3,"16.3",48
"593",16,3,133359,33092267,"BcT4_9404",-0.000611406,-0.000396821,NA,16.3,"16.3",48
"595",16,3,147486,33106394,"BcT4_9405",NA,NA,0.000317235,16.3,"16.3",48
"596",16,3,169836,33128744,"BcT4_9410",NA,-0.000499607,NA,16.3,"16.3",48
"597",16,3,169940,33128848,"BcT4_9410",-0.000626075,NA,NA,16.3,"16.3",48
"598",16,3,170356,33129264,"BcT4_9410",NA,NA,0.000258042,16.3,"16.3",48
"599",16,3,424684,33383592,"BcT4_9471",0.000693278,0.000416216,NA,16.3,"16.3",48
"601",16,5,1072,32959981,"BcT4_9831",NA,NA,-0.000365044,16.5,"16.5",50
"602",16,5,1078,32959987,"BcT4_9831",NA,NA,-0.000365044,16.5,"16.5",50
"603",16,5,1090,32959999,"BcT4_9831",NA,NA,-0.000439266,16.5,"16.5",50
"604",16,5,1108,32960017,"BcT4_9831",NA,NA,-0.000365044,16.5,"16.5",50
"605",16,5,1141,32960050,"BcT4_9831",NA,NA,-0.000282403,16.5,"16.5",50
"606",16,5,1147,32960056,"BcT4_9831",NA,NA,-0.00040238,16.5,"16.5",50
"607",16,5,1158,32960067,"BcT4_9831",NA,NA,-0.00040238,16.5,"16.5",50
"608",16,5,3057,32961966,"BcT4_9831",NA,NA,-0.000303597,16.5,"16.5",50
"609",16,5,94324,33053233,"BcT4_9852",NA,NA,0.000268223,16.5,"16.5",50
"610",16,5,94448,33053357,"BcT4_9852",NA,NA,0.000308111,16.5,"16.5",50
"611",16,5,96123,33055032,"BcT4_9852",0.000549268,0.000441952,NA,16.5,"16.5",50
"613",16,5,96554,33055463,"BcT4_9852",NA,NA,0.000426469,16.5,"16.5",50
"614",16,5,96599,33055508,"BcT4_9852",NA,NA,0.000375679,16.5,"16.5",50
"615",16,5,97114,33056023,"BcT4_9853",NA,NA,-0.000532088,16.5,"16.5",50
"616",16,5,97351,33056260,"BcT4_9853",NA,NA,0.000350849,16.5,"16.5",50
"617",16,5,98404,33057313,"BcT4_9853",0.000653319,NA,NA,16.5,"16.5",50
"618",16,5,98414,33057323,"BcT4_9853",NA,NA,0.00026737,16.5,"16.5",50
"619",16,5,98911,33057820,"BcT4_9853",NA,0.000493464,NA,16.5,"16.5",50
"620",16,5,99966,33058875,"BcT4_9853",-0.000619182,NA,NA,16.5,"16.5",50
"621",16,5,99968,33058877,"BcT4_9853",-0.000513925,NA,NA,16.5,"16.5",50
"622",16,5,100116,33059025,"BcT4_9853",NA,0.000391368,NA,16.5,"16.5",50
"623",16,7,13653,32972563,"BcT4_10115",NA,-0.000513947,NA,16.7,"16.7",52
"624",16,7,13666,32972576,"BcT4_10115",NA,NA,0.000261392,16.7,"16.7",52
"625",16,7,14081,32972991,"BcT4_10115",-0.000617971,-0.000422254,NA,16.7,"16.7",52
"627",16,7,15160,32974070,"BcT4_10116",-0.000503418,-0.000616957,NA,16.7,"16.7",52
"629",16,7,15178,32974088,"BcT4_10116",NA,NA,0.000396159,16.7,"16.7",52
"630",16,7,16016,32974926,"BcT4_10116",NA,-0.000546847,NA,16.7,"16.7",52
"631",16,7,16293,32975203,"BcT4_10116",NA,-0.00041294,NA,16.7,"16.7",52
"632",16,7,16428,32975338,"BcT4_10116",-0.000704934,-0.000395541,NA,16.7,"16.7",52
"634",16,7,16431,32975341,"BcT4_10116",NA,-0.000402192,NA,16.7,"16.7",52
"635",16,7,16446,32975356,"BcT4_10116",-0.000487191,-0.000449488,NA,16.7,"16.7",52
"637",16,7,16551,32975461,"BcT4_10116",NA,-0.000400495,NA,16.7,"16.7",52
"638",16,7,16715,32975625,"BcT4_10116",-0.000603281,NA,NA,16.7,"16.7",52
"639",16,7,19082,32977992,"BcT4_10116",NA,NA,-0.000335005,16.7,"16.7",52
"640",16,7,19216,32978126,"BcT4_10116",NA,NA,-0.000524832,16.7,"16.7",52
"641",16,7,19308,32978218,"BcT4_10116",NA,0.000552654,NA,16.7,"16.7",52
"642",16,7,31370,32990280,"BcT4_10119",-0.000527888,NA,NA,16.7,"16.7",52
"643",16,7,31403,32990313,"BcT4_10119",-0.000571505,-0.000460097,NA,16.7,"16.7",52
"645",16,7,31897,32990807,"BcT4_10119",-0.000457983,-0.000582118,NA,16.7,"16.7",52
"647",16,7,31927,32990837,"BcT4_10119",-0.000479308,NA,NA,16.7,"16.7",52
"648",16,7,31934,32990844,"BcT4_10119",NA,-0.000444329,NA,16.7,"16.7",52
"649",16,7,31938,32990848,"BcT4_10119",NA,-0.000463974,NA,16.7,"16.7",52
"650",16,7,31953,32990863,"BcT4_10119",-0.000686712,-0.000533009,NA,16.7,"16.7",52
"652",16,7,32313,32991223,"BcT4_10120",NA,NA,0.00037176,16.7,"16.7",52
"653",16,7,118650,33077560,"BcT4_10137",NA,NA,0.000410683,16.7,"16.7",52
"654",16,7,125204,33084114,"BcT4_10138",NA,NA,0.000348516,16.7,"16.7",52
"655",16,7,125227,33084137,"BcT4_10138",NA,NA,0.000527156,16.7,"16.7",52
"656",16,7,125235,33084145,"BcT4_10138",NA,NA,0.000331632,16.7,"16.7",52
"657",16,7,125259,33084169,"BcT4_10138",NA,NA,0.000629643,16.7,"16.7",52
"658",16,7,125469,33084379,"BcT4_10138",NA,NA,0.000372927,16.7,"16.7",52
"659",16,7,125479,33084389,"BcT4_10138",NA,NA,0.000396701,16.7,"16.7",52
"660",16,7,125480,33084390,"BcT4_10138",NA,NA,0.000720043,16.7,"16.7",52
"661",16,7,126338,33085248,"BcT4_10138",NA,NA,0.000285037,16.7,"16.7",52
"662",16,7,126348,33085258,"BcT4_10138",NA,NA,0.000328803,16.7,"16.7",52
"663",16,7,126355,33085265,"BcT4_10138",NA,NA,0.000303296,16.7,"16.7",52
"664",16,7,126713,33085623,"BcT4_10138",NA,NA,0.000298583,16.7,"16.7",52
"665",16,7,126731,33085641,"BcT4_10138",NA,NA,0.000290548,16.7,"16.7",52
"666",16,7,126738,33085648,"BcT4_10138",NA,NA,0.00036782,16.7,"16.7",52
"667",16,7,156750,33115660,"BcT4_10143",NA,NA,0.000260929,16.7,"16.7",52
"668",16,7,156751,33115661,"BcT4_10143",NA,NA,0.000434417,16.7,"16.7",52
"669",16,7,156764,33115674,"BcT4_10143",NA,NA,0.000615852,16.7,"16.7",52
"670",16,7,157000,33115910,"BcT4_10143",NA,NA,-0.000279765,16.7,"16.7",52
"671",16,7,157781,33116691,"BcT4_10143",-0.000700957,NA,NA,16.7,"16.7",52
"672",16,7,157784,33116694,"BcT4_10143",-0.000791228,NA,NA,16.7,"16.7",52
"673",16,7,158260,33117170,"BcT4_10143",NA,0.000391631,NA,16.7,"16.7",52
"674",16,7,158320,33117230,"BcT4_10143",NA,-0.000418779,NA,16.7,"16.7",52
"675",16,7,158831,33117741,"BcT4_10143",NA,0.000549623,NA,16.7,"16.7",52
"676",16,7,159022,33117932,"BcT4_10143",NA,-0.000525552,NA,16.7,"16.7",52
"677",16,7,159465,33118375,"BcT4_10143",-0.000457949,-0.000541931,NA,16.7,"16.7",52
"679",16,7,159630,33118540,"BcT4_10143",NA,NA,0.00037406,16.7,"16.7",52
"680",16,7,159793,33118703,"BcT4_10143",NA,NA,-0.00032375,16.7,"16.7",52
"681",16,7,159872,33118782,"BcT4_10143",0.00057251,NA,NA,16.7,"16.7",52
"682",16,7,159877,33118787,"BcT4_10143",NA,0.000450344,NA,16.7,"16.7",52
"683",16,7,160078,33118988,"BcT4_10143",NA,NA,-0.000469443,16.7,"16.7",52
"684",16,7,160254,33119164,"BcT4_10143",NA,NA,0.000265508,16.7,"16.7",52
"685",16,7,160283,33119193,"BcT4_10143",NA,-0.000538739,NA,16.7,"16.7",52
"686",16,7,160671,33119581,"BcT4_10143",-0.001216876,-0.001004469,NA,16.7,"16.7",52
"688",16,7,161528,33120438,"BcT4_10143",0.000525654,0.000563895,NA,16.7,"16.7",52
"690",16,7,161534,33120444,"BcT4_10143",0.000797324,0.000620742,NA,16.7,"16.7",52
"692",16,7,161560,33120470,"BcT4_10143",0.00045347,NA,NA,16.7,"16.7",52
"693",16,7,161588,33120498,"BcT4_10143",0.000947914,0.000495308,NA,16.7,"16.7",52
"695",16,7,162032,33120942,"BcT4_10143",0.001371773,0.00077169,NA,16.7,"16.7",52
"697",16,7,162062,33120972,"BcT4_10143",NA,NA,0.000589667,16.7,"16.7",52
"698",16,7,162081,33120991,"BcT4_10143",NA,NA,0.000336824,16.7,"16.7",52
"699",16,7,162149,33121059,"BcT4_10143",NA,NA,0.000289665,16.7,"16.7",52
"700",16,7,162323,33121233,"BcT4_10143",NA,NA,-0.000515313,16.7,"16.7",52
"701",16,7,163584,33122494,"BcT4_10143",-0.000616294,-0.000416235,NA,16.7,"16.7",52
"703",16,7,163619,33122529,"BcT4_10143",-0.000568108,NA,NA,16.7,"16.7",52
"704",16,8,134747,33257276,"BcT4_10255",NA,0.000503266,NA,16.8,"16.8",53
"705",16,8,135262,33257791,"BcT4_10255",0.000477286,NA,NA,16.8,"16.8",53
"706",16,9,3358,33261149,"BcT4_10325",NA,NA,-0.00026917,16.9,"16.9",54
"707",16,9,4040,33261831,"BcT4_10325",NA,NA,0.000414575,16.9,"16.9",54
"708",16,9,101681,33359472,"BcT4_10345",-0.000628605,NA,NA,16.9,"16.9",54
"709",16,9,102080,33359871,"BcT4_10345",NA,-0.00044408,NA,16.9,"16.9",54
"710",16,9,104196,33361987,"BcT4_10346",NA,NA,0.000263541,16.9,"16.9",54
"711",16,9,104202,33361993,"BcT4_10346",NA,-0.000568609,NA,16.9,"16.9",54
"712",16,9,104218,33362009,"BcT4_10346",NA,NA,0.000491127,16.9,"16.9",54
"713",16,9,104294,33362085,"BcT4_10346",NA,NA,0.000270342,16.9,"16.9",54
"714",16,9,105219,33363010,"BcT4_10346",NA,-0.000380784,NA,16.9,"16.9",54
"558",16,10,271,31930028,"BcT4_10426",0.000588398,NA,0.000395056,16.1,"16.1",46
"560",16,10,1022,31930779,"BcT4_10426",NA,NA,0.000315061,16.1,"16.1",46
"561",16,10,1526,31931283,"BcT4_10426",NA,NA,0.00032285,16.1,"16.1",46
"562",16,10,1580,31931337,"BcT4_10426",NA,NA,0.000299952,16.1,"16.1",46
"563",16,10,1639,31931396,"BcT4_10426",NA,NA,-0.000422939,16.1,"16.1",46
"564",16,10,2836,31932593,"BcT4_10426",NA,NA,0.000275474,16.1,"16.1",46
"565",16,10,2868,31932625,"BcT4_10426",0.000773591,0.000407565,NA,16.1,"16.1",46
"567",16,10,2872,31932629,"BcT4_10426",0.001092365,NA,NA,16.1,"16.1",46
"568",16,10,3376,31933133,"BcT4_10426",NA,NA,0.000446466,16.1,"16.1",46
"569",16,10,3392,31933149,"BcT4_10426",NA,-0.000435106,NA,16.1,"16.1",46
"570",16,10,3577,31933334,"BcT4_10426",NA,NA,0.000450721,16.1,"16.1",46
"571",16,10,4238,31933995,"BcT4_10426",NA,0.000520786,NA,16.1,"16.1",46
"572",16,10,57212,31986969,"BcT4_10438",NA,0.000438246,NA,16.1,"16.1",46
"573",16,11,5536,33368546,"BcT4_7371",NA,NA,0.000290796,16.11,"16.11",55
"574",16,11,778802,34141812,"BcT4_7571",0.000535303,0.000601671,NA,16.11,"16.11",55
"576",16,11,778842,34141852,"BcT4_7571",0.000517761,0.000659144,NA,16.11,"16.11",55
"578",16,11,920405,34283415,"BcT4_7605",NA,NA,0.000424657,16.11,"16.11",55
