Chrom,Segment,Pos,Index,Effect.Domesticated,Effect.Wild,Effect.DmWoD
1,0,202889,202889,0.000411244,NA,NA
1,0,202946,202946,0.001152464,0.000582777,NA
1,0,202952,202952,0.000530684,0.000465345,NA
1,0,203073,203073,0.00051591,NA,NA
1,0,203120,203120,0.000514246,NA,NA
1,0,203137,203137,0.000459065,NA,NA
1,0,203140,203140,0.00047588,0.000600384,NA
1,0,203739,203739,0.00035702,NA,NA
1,0,1873117,1873117,0.000400612,NA,NA
1,0,2573283,2573283,0.000440007,NA,NA
1,0,2573566,2573566,0.000796992,0.000384695,NA
1,0,2575625,2575625,0.000436424,NA,NA
1,0,2575993,2575993,0.000501696,NA,NA
1,0,2576630,2576630,0.000607813,0.000394352,NA
1,0,2576637,2576637,0.001724178,0.001522306,NA
1,0,2577546,2577546,0.000445287,0.000336888,NA
1,0,2577560,2577560,0.000423874,NA,NA
1,0,2578356,2578356,0.000785612,0.000477129,NA
1,0,2578380,2578380,0.000919026,0.001001809,NA
1,0,2579272,2579272,0.000426134,0.000745015,NA
1,0,2580117,2580117,0.000518891,0.00085689,NA
1,0,2582636,2582636,0.000458603,NA,NA
1,0,2583842,2583842,0.000354578,NA,NA
1,0,2584473,2584473,0.000360996,NA,NA
1,0,2584494,2584494,0.000371992,NA,NA
1,0,2584820,2584820,0.000474099,NA,NA
1,0,2585805,2585805,0.000471507,NA,NA
1,0,3194949,3194949,0.000452875,0.000453042,NA
1,0,3195233,3195233,0.000557526,0.000391383,NA
1,0,3195278,3195278,0.000581337,NA,NA
1,0,3195291,3195291,0.000635688,0.00042988,NA
1,0,3195950,3195950,0.000493906,0.000563734,NA
1,1,140869,3355640,0.000437067,0.000559669,NA
2,0,215,3355983,0.000454295,NA,NA
2,0,257,3356025,0.000358415,NA,NA
2,0,267,3356035,0.000545906,NA,NA
2,0,852449,4208217,0.000424455,NA,NA
2,0,852597,4208365,0.000460126,NA,NA
2,0,853515,4209283,0.000677469,0.000504073,NA
2,0,853566,4209334,0.000401355,0.000442073,NA
2,0,853712,4209480,0.000481567,0.000580631,NA
2,0,858472,4214240,0.000496061,0.00040849,NA
2,0,860978,4216746,0.000512898,NA,NA
2,0,860989,4216757,0.000399366,0.000365393,NA
2,0,861155,4216923,0.00057578,0.000780278,NA
2,0,1092407,4448175,0.000464098,NA,NA
2,0,1092490,4448258,0.00050057,0.000472592,NA
2,0,1092534,4448302,0.000470687,NA,NA
2,0,1092972,4448740,0.000378321,NA,NA
2,0,1093370,4449138,0.000363071,0.000549263,NA
2,1,408752,4861453,0.000416,0.000510307,NA
2,2,502151,5391643,0.000423857,0.000329512,NA
2,2,624970,5514462,0.000881272,0.000653371,NA
2,2,624987,5514479,0.000601387,0.000385638,NA
2,2,625467,5514959,0.000619452,0.000540855,NA
2,2,625487,5514979,0.000565219,0.00078534,NA
2,2,625488,5514980,0.000491277,0.001027404,NA
2,2,625506,5514998,0.000441703,0.000446321,NA
2,2,625533,5515025,0.000450383,NA,NA
2,2,625605,5515097,0.0003927,NA,NA
2,2,1131104,6020596,0.00039383,NA,NA
2,3,15425,6062250,0.000674632,0.001285997,NA
2,3,186485,6233310,0.000382521,NA,NA
2,3,191791,6238616,0.000653969,NA,NA
2,4,176,6239254,0.000359986,0.000298763,NA
2,4,421,6239499,0.000432588,0.000615615,NA
2,4,536,6239614,0.000581572,NA,NA
2,4,777,6239855,0.000431449,NA,NA
2,4,844,6239922,0.000555021,0.000554539,NA
2,4,882,6239960,0.000607631,NA,NA
2,4,1508,6240586,0.000384806,0.000488272,NA
2,4,2096,6241174,0.000385223,0.000719252,NA
2,4,2251,6241329,0.000395218,NA,NA
2,4,2254,6241332,0.000580239,NA,NA
2,4,3213,6242291,0.000556876,0.000616228,NA
2,4,3354,6242432,0.000564446,0.000686306,NA
2,4,3673,6242751,0.0004384,0.000423907,NA
2,4,3684,6242762,0.000449683,0.000661528,NA
2,4,3689,6242767,0.000493531,0.000508462,NA
2,4,3699,6242777,0.000465705,0.000545824,NA
2,4,3718,6242796,0.000414807,0.000706205,NA
2,4,235575,6474653,0.000607013,0.000372901,NA
2,4,704740,6943818,0.000475845,NA,NA
2,4,705842,6944920,0.000470815,NA,NA
3,1,102182,7424630,0.000568624,0.000359105,NA
3,1,229711,7552159,0.004712915,NA,0.019052077
3,1,810119,8132567,0.012915616,0.028906327,-0.032801022
3,2,976635,10045311,0.000446299,0.000443364,NA
3,2,1309376,10378052,0.000433853,NA,NA
3,2,1778207,10846883,0.000356664,NA,NA
3,2,1778236,10846912,0.000525768,0.000503383,NA
4,1,1407,11245096,0.000672511,0.000361878,NA
4,1,5557,11249246,0.000444666,NA,NA
4,1,6014,11249703,0.000354417,NA,NA
5,0,180383,11451837,0.000559794,NA,NA
5,0,563546,11835000,0.00070297,0.001649718,-0.00035296
5,0,563590,11835044,0.000870601,0.001668983,NA
5,0,1129011,12400465,0.022209807,0.027375786,-0.009667208
5,0,1469507,12740961,0.000450788,0.000381334,NA
5,0,2389667,13661121,0.000474086,0.000393053,NA
5,0,2393114,13664568,0.000404563,NA,NA
5,0,2394595,13666049,0.000493436,0.001387357,-0.000371356
5,0,2399951,13671405,0.000435909,NA,NA
5,0,2402505,13673959,0.000479166,NA,NA
5,1,23784,13722397,0.000645217,0.000534723,NA
5,1,23800,13722413,0.000425657,NA,NA
5,1,54023,13752636,0.000414711,NA,NA
5,1,54025,13752638,0.000367146,NA,NA
5,1,73408,13772021,0.000706987,NA,NA
5,1,73412,13772025,0.000730639,0.000298112,NA
5,1,1427154,15125767,0.000456374,NA,NA
5,1,1691213,15389826,0.000356982,NA,NA
5,1,2207835,15906448,0.000386581,NA,NA
5,1,2210818,15909431,0.000622866,0.000343188,NA
5,1,2213592,15912205,0.00043492,NA,NA
5,1,2214719,15913332,0.000525726,0.000940481,NA
6,0,37529,15954991,0.000354655,NA,NA
6,0,72992,15990454,0.000460854,0.000541042,NA
6,0,134192,16051654,0.00035242,NA,NA
6,0,134195,16051657,0.00035242,NA,NA
6,0,136802,16054264,0.000365387,NA,NA
6,0,138042,16055504,0.000361851,NA,NA
6,0,146322,16063784,0.000661641,NA,NA
6,0,146376,16063838,0.000405256,NA,0.000286363
6,0,953360,16870822,0.000564634,0.000552651,NA
6,0,953366,16870828,0.000693011,0.000652138,NA
6,0,953399,16870861,0.000891143,0.000398982,NA
6,0,1216360,17133822,0.013155644,0.009844468,0.000689573
6,0,1303821,17221283,0.000382359,NA,NA
6,1,24429,17835917,0.000397943,NA,NA
6,1,111379,17922867,0.00049668,0.000330369,NA
6,2,2905,17989956,0.000363189,0.000362211,NA
6,3,3670,18110435,0.000399053,NA,NA
6,3,3804,18110569,0.000415584,0.000374009,NA
6,3,4286,18111051,0.000385858,0.000413529,NA
7,0,834278,19327903,0.000528647,0.000661457,NA
8,0,395,21575023,0.00035841,NA,NA
8,0,461,21575089,0.000430103,NA,NA
8,0,728,21575356,0.000425505,NA,NA
8,0,1437,21576065,0.000519321,NA,NA
8,0,8034,21582662,0.000560593,0.000374995,NA
8,0,8473,21583101,0.000597086,NA,NA
8,1,96904,21738246,0.000458464,NA,NA
8,1,97368,21738710,0.000417982,NA,NA
8,1,98143,21739485,0.00046222,NA,NA
8,1,464962,22106304,0.00079192,0.000456753,NA
8,1,993995,22635337,0.000403157,NA,NA
8,1,994017,22635359,0.00044996,NA,NA
8,1,1001426,22642768,0.000471694,0.000371531,NA
8,1,1004295,22645637,0.00036835,NA,NA
8,1,1004305,22645647,0.000382561,0.000448561,NA
8,1,1008988,22650330,0.000725114,NA,NA
8,1,1008992,22650334,0.000713137,0.0004827,NA
8,1,1009840,22651182,0.000477823,NA,NA
8,1,1009874,22651216,0.000681527,NA,NA
8,1,1009952,22651294,0.000464075,NA,NA
8,1,1010034,22651376,0.000871906,0.000558457,NA
8,2,3775,22655151,0.000600808,0.000419765,NA
8,2,3779,22655155,0.00038851,NA,NA
8,2,146245,22797621,0.000548585,0.000435394,NA
8,2,146262,22797638,0.000457569,0.000316394,NA
8,2,146266,22797642,0.000469016,0.000354344,NA
8,2,149388,22800764,0.001013741,0.000553906,NA
8,2,150297,22801673,0.000552627,0.000605425,NA
8,2,150411,22801787,0.000409358,0.000303383,NA
8,2,150420,22801796,0.000378675,NA,NA
8,2,151187,22802563,0.000550318,0.000695584,NA
8,2,151571,22802947,0.000433581,0.000514222,NA
8,2,152347,22803723,0.00036792,0.000347523,NA
8,2,152842,22804218,0.000411195,0.000317183,NA
8,2,152901,22804277,0.000352611,NA,NA
8,2,152955,22804331,0.000366156,0.000379881,NA
8,2,156263,22807639,0.000363757,NA,NA
8,2,156270,22807646,0.000400075,NA,NA
8,2,156281,22807657,0.000692098,NA,NA
8,2,181826,22833202,0.000398595,NA,NA
8,2,222773,22874149,0.000372438,NA,NA
8,2,222970,22874346,0.000551808,NA,NA
8,2,567052,23218428,0.000530352,0.000438123,NA
8,2,569059,23220435,0.00041215,NA,NA
8,2,569612,23220988,0.000391034,NA,NA
8,2,569629,23221005,0.0004502,0.000387684,NA
8,2,571715,23223091,0.000548989,0.000556028,NA
8,2,571777,23223153,0.000380272,NA,NA
8,2,572732,23224108,0.000363771,NA,NA
8,2,572762,23224138,0.000575375,0.00065519,NA
8,2,572763,23224139,0.000404458,0.000300163,NA
8,2,576028,23227404,0.000585702,0.001033617,NA
8,2,576103,23227479,0.000504574,NA,NA
8,2,576112,23227488,0.000616806,NA,NA
8,2,576448,23227824,0.000355629,NA,NA
8,2,578330,23229706,0.000378125,0.000397262,NA
9,1,504,23382598,0.000423967,0.00030157,NA
9,1,541,23382635,0.000360597,0.000526375,NA
9,1,5061,23387155,0.000538644,0.00037847,NA
9,1,5819,23387913,0.000357786,0.00043232,NA
9,1,5873,23387967,0.000439789,0.000355246,NA
9,1,6155,23388249,0.000627017,NA,NA
9,1,6285,23388379,0.000432218,0.000606679,NA
9,1,10307,23392401,0.000679303,NA,NA
9,1,10525,23392619,0.000897066,0.000463613,NA
9,1,30176,23412270,0.000465549,NA,NA
9,1,32862,23414956,0.000657569,0.001072492,NA
9,1,33205,23415299,0.000776715,0.00073957,NA
9,1,34196,23416290,0.000459892,NA,NA
9,1,34301,23416395,0.00050503,NA,NA
9,1,35590,23417684,0.000669975,NA,NA
9,1,35851,23417945,0.000404357,NA,NA
9,1,38580,23420674,0.000575089,0.000703227,NA
9,1,38893,23420987,0.000392538,NA,NA
9,1,40321,23422415,0.000400284,NA,NA
9,1,40387,23422481,0.000361149,NA,NA
9,1,42167,23424261,0.000418631,NA,NA
9,1,42174,23424268,0.000385011,NA,NA
9,1,42318,23424412,0.000462057,NA,NA
9,1,46352,23428446,0.000826009,0.001127075,NA
9,1,46364,23428458,0.000394145,0.000471841,NA
9,1,47054,23429148,0.000702577,0.000498761,NA
9,1,317414,23699508,0.018555354,0.032317338,-0.019994676
9,1,386683,23768777,0.000569493,NA,NA
9,1,507265,23889359,0.000354677,0.000392837,NA
9,1,1838171,25220265,0.000394425,NA,NA
9,1,1839714,25221808,0.001071627,0.001091519,NA
9,1,1839717,25221811,0.00181004,0.00181155,NA
9,1,1839725,25221819,0.000384381,0.000511162,NA
9,1,1839731,25221825,0.000395838,0.000727219,NA
9,1,1845709,25227803,0.00074806,NA,NA
9,1,1850834,25232928,0.000763267,0.000443266,NA
9,1,1874183,25256277,0.000493251,0.000352134,NA
9,1,2077889,25459983,0.000419119,NA,NA
10,1,10725,25704383,0.000528316,NA,NA
10,1,11087,25704745,0.000394419,NA,0.000422498
10,1,11173,25704831,0.00039546,0.000379394,NA
10,1,11234,25704892,0.000591369,0.00057329,NA
10,1,12846,25706504,0.0004704,NA,NA
10,1,14695,25708353,0.000367964,NA,NA
10,1,14699,25708357,0.000400148,NA,NA
10,1,23119,25716777,0.000427995,0.00093131,NA
10,1,26034,25719692,0.000373458,0.000399449,NA
10,1,322755,26016413,0.000630358,0.000745224,NA
10,1,322757,26016415,0.0004536,0.000819204,NA
10,1,350818,26044476,0.000537763,0.000660957,NA
10,1,350857,26044515,0.000465304,0.000452046,NA
10,1,350913,26044571,0.000467593,0.000725841,NA
10,1,1206055,26899713,0.000639,0.000887652,NA
10,1,1361363,27055021,0.000516562,NA,NA
10,1,1363015,27056673,0.000442636,0.000645198,NA
10,1,1366466,27060124,0.000429877,NA,NA
10,1,1366631,27060289,0.000427019,NA,NA
10,1,1366774,27060432,0.000446184,0.000414712,NA
10,1,1367012,27060670,0.000436444,0.000426018,NA
10,1,1367078,27060736,0.000553781,0.00038827,NA
10,1,1367344,27061002,0.000367869,0.000375139,NA
10,1,1367380,27061038,0.000716546,NA,NA
10,1,1368200,27061858,0.000427279,0.000313746,NA
10,1,2036282,27729940,0.00063839,0.000404574,NA
10,1,2275979,27969637,0.000390677,NA,NA
10,1,2276198,27969856,0.000403864,0.000304771,NA
10,1,2276258,27969916,0.000611265,NA,NA
10,1,2276272,27969930,0.000462464,NA,NA
10,1,2276300,27969958,0.000504477,NA,NA
10,1,2276497,27970155,0.000432492,NA,NA
10,1,2276588,27970246,0.000615999,0.000869258,NA
10,1,2276629,27970287,0.001423511,0.000872331,NA
10,1,2276637,27970295,0.000409372,0.001189981,NA
10,1,2276647,27970305,0.000700686,0.000994928,NA
10,1,2278028,27971686,0.000467718,NA,NA
10,1,2278246,27971904,0.000504211,0.000338974,NA
10,1,2278788,27972446,0.000477127,0.000361191,NA
10,1,2279289,27972947,0.000502327,NA,NA
10,1,2279844,27973502,0.001256293,0.000780493,NA
10,1,2281007,27974665,0.000663888,0.001405548,-0.000293718
10,1,2282671,27976329,0.000433836,NA,NA
10,1,2282788,27976446,0.000396315,0.000446098,NA
11,0,689709,28669829,0.000507219,0.000866512,NA
12,0,11808,29242918,0.000576772,0.000383796,NA
12,0,13036,29244146,0.000357262,NA,NA
12,0,42141,29273251,0.000526229,0.000600418,NA
12,0,42145,29273255,0.000657886,0.001006697,NA
12,0,42153,29273263,0.000353918,0.000367891,NA
12,0,269554,29500664,0.000377437,0.000598333,NA
13,0,21388,31091941,0.000352662,0.000316397,NA
13,0,21664,31092217,0.000427553,0.000328329,NA
13,0,25383,31095936,0.000440672,0.000395102,NA
13,0,753601,31824154,0.00039591,0.00044923,NA
13,0,764450,31835003,0.000449227,NA,NA
13,0,764549,31835102,0.000454999,NA,NA
13,0,777330,31847883,0.000373716,NA,NA
13,0,786668,31857221,0.000601737,NA,NA
13,0,787044,31857597,0.000580456,0.000441911,NA
13,1,569,31858397,0.00066162,NA,NA
13,1,1216,31859044,0.000512069,0.000344303,NA
13,1,1218,31859046,0.000660687,0.000544771,NA
13,2,974,32695651,0.000523916,0.000302971,NA
13,2,979,32695656,0.000657398,0.000479708,NA
13,2,981,32695658,0.000363629,NA,NA
13,2,995,32695672,0.000840803,0.000507783,NA
13,2,2084,32696761,0.000480999,NA,NA
13,2,7058,32701735,0.000461544,0.000421824,NA
13,2,11037,32705714,0.000393543,NA,NA
13,2,16381,32711058,0.000387105,NA,NA
13,2,16992,32711669,0.000401065,0.000594496,NA
13,2,17656,32712333,0.000852433,0.000630239,NA
13,2,17757,32712434,0.000685742,NA,NA
14,0,243102,32994091,0.000650824,0.000336479,NA
14,0,363556,33114545,0.000395462,NA,NA
14,1,3685,33548649,0.000451981,0.00067094,NA
14,1,1177772,34722736,0.000404059,0.000311464,NA
14,1,1707924,35252888,0.000499605,NA,NA
14,2,90,35253120,0.000482821,0.000386636,NA
14,2,134,35253164,0.000391692,0.000534782,NA
14,2,141,35253171,0.000380974,NA,NA
14,2,1408,35254438,0.000705402,0.000410125,NA
14,2,1446,35254476,0.000542832,0.000431186,NA
14,2,1601,35254631,0.00045125,NA,NA
14,2,2422,35255452,0.000367704,0.00062812,NA
14,2,2643,35255673,0.000418838,0.000677726,NA
14,2,3106,35256136,0.000634388,NA,NA
14,2,3280,35256310,0.000438645,0.000524994,NA
14,2,3288,35256318,0.000395094,0.000477638,NA
14,2,4256,35257286,0.000427633,NA,NA
14,2,5184,35258214,0.000475396,0.000365418,NA
14,2,5613,35258643,0.00040531,NA,NA
14,2,47054,35300084,0.000477438,0.000701975,NA
14,2,47696,35300726,0.00043934,NA,NA
14,2,48755,35301785,0.000370335,NA,NA
14,2,48801,35301831,0.000862466,0.000496992,NA
14,2,49166,35302196,0.000462347,NA,NA
14,2,49919,35302949,0.000819749,NA,0.00104885
14,2,49956,35302986,0.000561983,NA,NA
14,2,49969,35302999,0.00080081,0.000309084,NA
15,1,275162,35695843,0.000432503,0.000568318,NA
15,1,275244,35695925,0.000775612,NA,NA
15,1,275289,35695970,0.000608496,0.000384186,NA
15,1,275322,35696003,0.000416,NA,NA
15,1,276199,35696880,0.00037131,NA,NA
15,1,277081,35697762,0.000748968,0.000852569,NA
15,1,277769,35698450,0.000399795,NA,NA
15,1,277770,35698451,0.000483806,0.000580694,NA
15,1,277777,35698458,0.000490908,NA,NA
15,2,56769,35760227,0.000366037,NA,NA
15,3,4586,35766632,0.000722102,0.000520695,NA
15,3,4949,35766995,0.000423801,NA,NA
15,3,19277,35781323,0.000362524,0.000588799,NA
15,3,19742,35781788,0.000526585,0.000334315,NA
15,3,24831,35786877,0.00046681,NA,NA
15,3,30449,35792495,0.000674012,0.000386653,NA
15,4,23557,35817234,0.000408625,NA,NA
15,4,24721,35818398,0.000359856,NA,NA
16,0,189920,36550285,0.000377869,NA,NA
16,1,358809,38465785,0.000671683,NA,NA
16,1,358850,38465826,0.000356758,NA,NA
16,1,863761,38970737,0.000661574,NA,NA
16,1,863949,38970925,0.000652453,0.000311956,NA
16,1,864094,38971070,0.000358845,0.000450648,NA
16,1,892155,38999131,0.000802636,0.000772741,NA
16,1,892539,38999515,0.00050893,NA,NA
16,1,892819,38999795,0.000459442,NA,NA
16,1,892914,38999890,0.000360396,NA,NA
16,1,901571,39008547,0.000385454,NA,NA
16,3,81601,39322164,0.015147342,0.02721453,-0.025653646
16,3,86616,39327179,0.000394326,0.000332581,NA
16,3,87653,39328216,0.000426007,NA,NA
16,3,108580,39349143,0.000358827,NA,NA
16,3,424684,39665247,0.000745744,0.000436783,NA
16,5,95724,39950237,0.000390197,0.000384289,NA
16,5,96123,39950636,0.00060671,0.000509802,NA
16,5,96139,39950652,0.000352807,NA,NA
16,5,96157,39950670,0.000353635,NA,NA
16,5,98404,39952917,0.000707119,0.000346576,NA
16,7,17669,40201487,0.000451513,0.000470308,NA
16,7,19308,40203126,0.000399815,0.000681077,NA
16,7,32201,40216019,0.000376304,NA,NA
16,7,126487,40310305,0.000394592,0.000377282,NA
16,7,156626,40340444,0.000378042,0.00040633,NA
16,7,157054,40340872,0.000397876,NA,NA
16,7,157493,40341311,0.000385671,0.000426691,NA
16,7,158216,40342034,0.00052154,0.000329833,NA
16,7,158866,40342684,0.0003856,NA,NA
16,7,159872,40343690,0.000630888,NA,NA
16,7,161002,40344820,0.000516191,0.000370106,NA
16,7,161023,40344841,0.000424136,0.000395901,NA
16,7,161528,40345346,0.000603124,0.000653481,NA
16,7,161534,40345352,0.000890371,0.000712624,NA
16,7,161560,40345378,0.000534551,NA,NA
16,7,161588,40345406,0.001115099,0.0006007,NA
16,7,161957,40345775,0.000513338,NA,NA
16,7,162032,40345850,0.001705432,0.000975929,NA
16,7,162161,40345979,0.000482097,NA,NA
16,9,103105,40586004,0.00039399,NA,NA
16,10,271,38107247,0.000640855,NA,0.000431574
16,10,1445,38108421,0.000459744,NA,NA
16,10,2868,38109844,0.000911493,0.000483112,NA
16,10,2872,38109848,0.001290299,0.000453942,NA
16,10,3547,38110523,0.000477453,0.000318394,NA
16,10,4238,38111214,0.000360178,0.000620844,NA
16,10,36718,38143694,0.000410005,NA,NA
16,11,778802,41380888,0.000622032,0.000720544,NA
16,11,778842,41380928,0.000618587,0.000802306,NA
1,0,182009,182009,-0.000537474,-0.000370908,NA
1,0,1862281,1862281,-7.65E-05,-0.000368949,0.000207387
1,0,2573457,2573457,-0.000269606,-0.000438785,NA
1,0,2574612,2574612,-0.000154272,-0.000395051,NA
1,0,2575889,2575889,-0.00019223,-0.000367699,NA
1,0,2576163,2576163,-0.000383915,-0.000667038,NA
1,0,2576367,2576367,-0.000589597,-0.000632258,NA
1,0,2577072,2577072,-2.27E-05,-0.000467337,0.000495959
1,0,2577110,2577110,-0.000136405,-0.000385018,NA
1,0,2577122,2577122,-0.000750719,-0.000621391,NA
1,0,2577240,2577240,-0.000467453,-0.000764394,NA
1,0,2577279,2577279,-0.000209282,-0.000692411,0.000316428
1,0,2577314,2577314,-0.000155964,-0.000578201,NA
1,0,2577787,2577787,-0.000523261,-0.000382512,NA
1,0,2582901,2582901,-0.000279688,-0.000629335,NA
1,0,2582924,2582924,-0.00054271,-0.000875287,NA
1,0,2583269,2583269,-5.30E-05,-0.000456147,0.000370577
1,0,2584336,2584336,-0.00010006,-0.000365241,NA
1,0,2585017,2585017,-0.000557945,-0.00040443,NA
1,0,2585026,2585026,-0.000420223,-0.000643578,NA
1,0,2585698,2585698,-0.000540234,-0.000513335,NA
1,0,2585940,2585940,-0.001087256,-0.000470773,NA
1,0,2586004,2586004,-0.00041461,-0.000536068,NA
1,0,3093516,3093516,-0.000243882,-0.000371566,NA
1,0,3194798,3194798,-0.000383887,-0.000765364,NA
1,0,3195423,3195423,-0.000364334,-0.000550046,NA
1,1,138265,3353036,-4.58E-05,-0.000362946,NA
1,1,138286,3353057,-0.000208255,-0.000386369,NA
1,1,138287,3353058,-0.000311537,-0.000534503,NA
1,1,138391,3353162,-0.000331358,-0.00076,0.00024581
1,1,138680,3353451,-7.21E-05,-0.000425615,0.000285878
1,1,140394,3355165,-0.000297573,-0.000460171,NA
2,0,3099,3358867,-0.000165509,-0.000469078,NA
2,0,849501,4205269,-0.000425927,-0.000743515,NA
2,0,851083,4206851,-0.000146729,-0.000388937,NA
2,0,857213,4212981,-0.000420413,-0.000440124,NA
2,0,858304,4214072,-0.000253275,-0.000520365,NA
2,0,859849,4215617,-0.000424458,-0.000415488,NA
2,0,859867,4215635,-0.000132503,-0.000381242,NA
2,0,861267,4217035,-0.000144224,-0.000414631,NA
2,0,862240,4218008,-0.000273235,-0.000436527,NA
2,0,862241,4218009,-0.000444907,-0.000358774,NA
2,0,862324,4218092,-0.000382131,-0.000395002,NA
2,0,862470,4218238,-0.00033315,-0.00037131,NA
2,0,864592,4220360,-0.00038705,-0.000593884,NA
2,0,865646,4221414,-0.000453907,-0.000511556,NA
2,1,418725,4871426,-0.000111882,-0.000358903,NA
2,2,635841,5525333,-0.000381298,-0.000366064,NA
2,2,637247,5526739,-0.000222636,-0.0004681,NA
2,2,641954,5531446,-0.000404397,-0.000446825,NA
2,2,641956,5531448,-0.000683003,-0.000470879,NA
2,2,642947,5532439,-0.000384184,-0.000444777,NA
2,2,642968,5532460,-0.000425319,-0.0003898,NA
2,2,642972,5532464,-0.000440995,-0.000400559,NA
2,2,806393,5695885,-0.000559001,-0.000391164,NA
2,3,4187,6051012,-0.000692401,-0.000440735,NA
2,3,4214,6051039,-0.000564755,-0.000579654,NA
2,3,14143,6060968,-0.0005429,-0.000362301,NA
2,4,704545,6943623,-0.000167356,-0.000424551,NA
2,4,704826,6943904,-0.000991194,-0.000587368,NA
2,4,705498,6944576,-0.000135317,-0.000359986,NA
2,4,705506,6944584,-0.000187537,-0.000483601,NA
2,4,705814,6944892,-0.00027803,-0.000532928,NA
2,4,706116,6945194,-0.000376292,-0.000580583,NA
2,4,706118,6945196,-9.51E-05,-0.00049214,NA
2,4,706123,6945201,-0.000680392,-0.000523049,NA
2,4,706142,6945220,-0.000445222,-0.000408266,NA
2,4,706285,6945363,-0.000257669,-0.00077801,NA
2,5,202773,7148749,-0.000460093,-0.000373978,NA
2,5,202833,7148809,-0.000684473,-0.000548504,NA
3,0,40423,7190825,-0.023179617,-0.046392985,0.037419916
3,0,40427,7190829,-0.012730803,-0.010281245,0.007792318
3,0,40468,7190870,-0.024840902,-0.036606916,0.011808367
3,0,41828,7192230,-0.017944681,-0.022547398,0.024337134
3,1,1745543,9067991,-0.00040052,-0.00038291,NA
3,1,1745670,9068118,-0.000413844,-0.000579195,NA
3,2,1648,9070324,-0.00016275,-0.000562309,NA
3,2,1653,9070329,-0.000239356,-0.000489996,NA
3,2,1665,9070341,-0.001139651,-0.000830134,NA
3,2,953781,10022457,-0.000276654,-0.000523521,NA
4,0,84992,10959746,-9.99E-05,-0.000385432,0.000230998
4,0,84993,10959747,-0.000223284,-0.000500931,NA
4,0,85096,10959850,-0.00043542,-0.00057983,NA
4,0,356035,11230789,-0.000161797,-0.00039221,NA
4,0,356037,11230791,-0.000161797,-0.00039221,NA
4,0,356045,11230799,-0.000252898,-0.000555337,NA
4,1,26047,11269736,-0.000594453,-0.000740359,NA
5,0,641477,11912931,-0.000280006,-0.000359711,NA
5,0,2084412,13355866,-0.000286581,-0.00042573,NA
5,0,2389553,13661007,-0.000553344,-0.000441001,NA
5,0,2397160,13668614,-0.00057478,-0.000491504,NA
5,0,2399783,13671237,-8.05E-05,-0.000398923,0.000241773
5,0,2400319,13671773,-0.000479683,-0.000607595,NA
5,0,2400755,13672209,-0.000285267,-0.000398703,NA
5,0,2400757,13672211,-0.001445348,-0.000726915,NA
5,0,2401415,13672869,-0.000390918,-0.000506022,NA
5,0,2401432,13672886,-0.000105435,-0.000413349,NA
5,0,2401444,13672898,-0.000419026,-0.000679018,NA
5,0,2401454,13672908,-0.000163589,-0.000442876,NA
5,0,2402471,13673925,-0.000289148,-0.000431623,NA
5,0,2404742,13676196,-0.000222318,-0.000427007,NA
5,1,50079,13748692,-0.000192779,-0.00040275,NA
5,1,380001,14078614,-0.000358054,-0.000449042,NA
5,1,380005,14078618,-0.000269764,-0.000376101,NA
5,1,793199,14491812,-0.000834272,-0.001102346,NA
5,1,961434,14660047,-0.000913687,-0.000763354,NA
5,1,961810,14660423,-0.000299734,-0.000565183,NA
5,1,1129975,14828588,-0.000210735,-0.000433938,NA
5,1,1131941,14830554,-0.000256192,-0.000405242,NA
5,1,1690701,15389314,-0.018562251,-0.024682476,0.014488568
5,1,1690860,15389473,-0.005949438,-0.031492327,0.042727975
5,1,2207392,15906005,-3.68E-05,-0.000432911,0.00053274
5,1,2207663,15906276,-9.53E-05,-0.000359858,NA
5,1,2208965,15907578,-6.54E-05,-0.000370476,0.000345785
5,1,2209027,15907640,-0.000593019,-0.000690549,NA
5,1,2209739,15908352,-0.000772048,-0.000576709,NA
5,1,2209769,15908382,-0.001150915,-0.000868585,NA
5,1,2209793,15908406,-0.000553412,-0.000555311,NA
5,1,2209798,15908411,-0.000738908,-0.000431053,NA
5,1,2209828,15908441,-0.000343262,-0.00035817,NA
5,1,2211909,15910522,-0.000628802,-0.00044421,NA
5,1,2211932,15910545,-0.000337115,-0.000426988,NA
5,1,2211980,15910593,-0.000276867,-0.000359617,NA
5,1,2212672,15911285,-7.02E-05,-0.000441844,0.000286066
5,1,2212799,15911412,-0.000778334,-0.000801132,NA
5,1,2213697,15912310,-0.00021394,-0.00036292,NA
5,1,2213725,15912338,-0.000215217,-0.000400763,NA
5,1,2213974,15912587,-0.000142887,-0.000395288,NA
5,1,2213976,15912589,-0.000192673,-0.000383205,NA
5,1,2213986,15912599,-7.89E-05,-0.000444123,0.000360539
5,1,2214097,15912710,-0.000733218,-0.000386962,NA
5,1,2214098,15912711,-0.000346745,-0.000414005,NA
6,0,48,15917510,-0.000267703,-0.000380702,NA
6,0,585,15918047,-0.000206698,-0.000371382,NA
6,0,1016,15918478,-0.000447576,-0.000465592,NA
6,0,40646,15958108,-0.000436969,-0.000375075,NA
6,0,40650,15958112,-0.000436969,-0.000375075,NA
6,0,40656,15958118,-0.000594719,-0.000536585,NA
6,0,40668,15958130,-0.000471751,-0.000457458,NA
6,0,40674,15958136,-0.000342536,-0.000436654,NA
6,0,40675,15958137,-0.000329724,-0.000358613,NA
6,0,72326,15989788,-0.000416956,-0.000381271,NA
6,0,144636,16062098,-0.000499763,-0.000913539,NA
6,0,975123,16892585,-0.000407905,-0.000366543,NA
6,0,1654738,17572200,-0.010110435,-0.022685546,0.034282025
6,1,250,17811738,-0.000255546,-0.000520457,NA
6,1,10305,17821793,-0.000612711,-0.000422444,NA
6,1,131398,17942886,-0.000718765,-0.001241118,NA
6,1,131405,17942893,-0.000234399,-0.000433132,NA
6,2,1445,17988496,-0.000500039,-0.00040583,NA
6,3,2802,18109567,-0.000579971,-0.000821224,NA
6,3,2889,18109654,-0.000241375,-0.000449196,NA
6,3,3300,18110065,-0.00038717,-0.00036238,NA
6,3,3494,18110259,-5.26E-05,-0.000419868,0.000271476
6,3,3519,18110284,-0.000612444,-0.000438749,NA
6,3,31467,18138232,-0.000543709,-0.0004011,NA
6,3,312194,18418959,-0.000450689,-0.000737155,NA
6,3,312215,18418980,-0.000235406,-0.000469992,NA
6,3,312244,18419009,-0.000180544,-0.000405674,NA
6,3,312245,18419010,-0.000187716,-0.000417115,NA
6,3,312262,18419027,-0.000292029,-0.00052009,NA
7,0,718188,19211813,-0.031059854,-0.038246036,-0.000390026
7,1,369107,20003962,-0.000282349,-0.000414153,NA
7,1,369151,20004006,-0.000282349,-0.000414153,NA
8,0,4851,21579479,-0.000159661,-0.000449257,NA
8,0,11436,21586064,-8.46E-05,-0.000584631,0.000416434
8,0,16439,21591067,-0.000432449,-0.000489038,NA
8,0,17876,21592504,-0.000487021,-0.000492755,NA
8,0,17998,21592626,-0.000643362,-0.000480937,NA
8,0,17999,21592627,-0.000560791,-0.000592323,NA
8,1,96169,21737511,-0.000246266,-0.000602578,NA
8,1,96324,21737666,-0.000272401,-0.000467496,NA
8,1,96438,21737780,-5.16E-05,-0.000455181,0.000601828
8,1,98236,21739578,-0.000336579,-0.000527102,NA
8,1,98369,21739711,-0.000453835,-0.000359458,NA
8,1,99914,21741256,-0.000119348,-0.0003599,NA
8,1,998728,22640070,-0.001380719,-0.001518005,NA
8,1,998740,22640082,-0.000210073,-0.001089877,0.000586432
8,1,999460,22640802,-0.000447624,-0.000804637,NA
8,1,1009613,22650955,-2.67E-05,-0.000387529,0.000538375
8,2,146126,22797502,-0.000446258,-0.000599605,NA
8,2,149805,22801181,-0.000274446,-0.000384116,NA
8,2,151037,22802413,-0.000287927,-0.000524785,NA
8,2,151047,22802423,-0.000530761,-0.000747661,NA
8,2,151053,22802429,-0.000915343,-0.001118885,NA
8,2,151747,22803123,-0.000415892,-0.000724638,NA
8,2,151748,22803124,-0.000537507,-0.000863452,NA
8,2,152062,22803438,-0.000211989,-0.000659312,0.000351369
8,2,152071,22803447,-0.000544423,-0.000500397,NA
8,2,152950,22804326,-0.000655899,-0.000551136,NA
8,2,153593,22804969,-0.000299309,-0.000523685,NA
8,2,153648,22805024,-0.000246408,-0.000703505,0.000274383
8,2,153735,22805111,-0.000204656,-0.000387189,NA
8,2,153772,22805148,-0.000111393,-0.000366738,NA
8,2,153884,22805260,-0.000253769,-0.000390775,NA
8,2,153907,22805283,-0.000246047,-0.000375281,NA
8,2,153978,22805354,-0.000733896,-0.000496741,NA
8,2,154003,22805379,-0.00046492,-0.000835944,NA
8,2,223299,22874675,-0.000399623,-0.00067541,NA
8,2,569150,23220526,-0.000424359,-0.000561454,NA
8,2,573509,23224885,-0.000138262,-0.000678542,0.000741297
8,2,576271,23227647,-0.000141149,-0.000405131,NA
8,2,578687,23230063,-0.000334275,-0.000482578,NA
9,1,1317,23383411,-0.000402643,-0.000433173,NA
9,1,3335,23385429,-0.000482514,-0.000563296,NA
9,1,4447,23386541,-0.000379228,-0.000496798,NA
9,1,39566,23421660,-0.000290446,-0.000415778,NA
9,1,46991,23429085,-0.00037206,-0.000414012,NA
9,1,50035,23432129,-0.000573138,-0.00041481,NA
9,1,55193,23437287,-0.000278353,-0.000483015,NA
9,1,449930,23832024,-0.000110018,-0.000415825,NA
9,1,1723454,25105548,-0.000432181,-0.000411784,NA
9,1,1723469,25105563,-0.000432181,-0.000411784,NA
10,0,37146,25661029,-0.000393504,-0.000719171,NA
10,0,37170,25661053,-0.000120095,-0.000408722,NA
10,0,37188,25661071,-0.000210054,-0.000611646,0.00031228
10,0,37193,25661076,-0.000187901,-0.000618591,0.000348634
10,0,37205,25661088,-9.87E-05,-0.000789508,0.000862084
10,0,37237,25661120,-0.000293691,-0.000693131,NA
10,0,44346,25668229,-0.000241935,-0.000644186,NA
10,1,10356,25704014,-0.000382,-0.000364129,NA
10,1,10477,25704135,-9.03E-05,-0.000360039,0.000358026
10,1,11429,25705087,-0.000337052,-0.000475291,NA
10,1,11442,25705100,-0.000170564,-0.00061984,0.00020862
10,1,12201,25705859,-0.00019618,-0.000394512,NA
10,1,15355,25709013,-0.000985574,-0.000927998,NA
10,1,15363,25709021,-0.000861875,-0.001104416,NA
10,1,351407,26045065,-0.000156705,-0.000616409,NA
10,1,353268,26046926,-0.001113524,-0.007684745,0.025932863
10,1,497635,26191293,-0.000502066,-0.000438049,NA
10,1,1362061,27055719,-0.000407681,-0.00084995,NA
10,1,1362758,27056416,-0.00040981,-0.000402089,NA
10,1,1362895,27056553,-0.000522568,-0.000688488,NA
10,1,1362943,27056601,-0.000593652,-0.000659415,NA
10,1,1368624,27062282,-0.000243997,-0.000363869,NA
10,1,2034717,27728375,-0.000625449,-0.000541998,NA
10,1,2036308,27729966,-0.000797185,-0.000634749,NA
10,1,2276072,27969730,-0.000319097,-0.000703234,NA
10,1,2279596,27973254,-0.000151277,-0.000597054,0.000206039
10,1,2280179,27973837,-0.000160083,-0.000379639,NA
10,1,2280188,27973846,-0.00047141,-0.000715618,NA
10,1,2281232,27974890,-0.00010868,-0.000396317,NA
10,1,2282410,27976068,-0.000769676,-0.001303852,NA
11,0,689708,28669828,-0.00060165,-0.001043388,NA
12,0,11471,29242581,-0.000743177,-0.000861613,NA
12,0,11475,29242585,-0.000217176,-0.000513436,NA
12,0,11482,29242592,-0.0003245,-0.000388018,NA
12,0,12110,29243220,-0.00016866,-0.000485845,NA
13,0,19502,31090055,-0.000187729,-0.000534832,0.000341442
13,0,19518,31090071,-0.000238923,-0.000480636,NA
13,0,19524,31090077,-0.000310365,-0.000553888,NA
13,0,19549,31090102,-8.60E-05,-0.000362791,0.000313931
13,0,20038,31090591,-0.000145279,-0.000498623,NA
13,0,20055,31090608,-0.000342248,-0.000390631,NA
13,0,20661,31091214,-0.000585278,-0.000394513,NA
13,0,335306,31405859,-0.000380697,-0.000367413,NA
13,0,335307,31405860,-0.000250267,-0.000511183,NA
13,0,766034,31836587,-0.000695931,-0.000504543,NA
13,0,766224,31836777,-0.000350349,-0.000387541,NA
13,0,766422,31836975,-0.000409135,-0.000462361,NA
13,0,777288,31847841,-0.00053565,-0.000363155,NA
13,1,836424,32694252,-0.000204664,-0.000580725,NA
13,1,836474,32694302,-4.98E-05,-0.000377028,0.000309895
13,1,836494,32694322,-0.00058198,-0.000822727,NA
13,2,3010,32697687,-0.000706995,-0.000380471,NA
13,2,7070,32701747,-0.000154041,-0.000408713,NA
13,2,8203,32702880,-1.37E-05,-0.000380841,0.000816857
13,2,9113,32703790,-0.000578643,-0.000453067,NA
13,2,9821,32704498,-0.000212638,-0.000404494,NA
13,2,12464,32707141,-0.000356922,-0.000369115,NA
14,0,5684,32756673,-0.000736684,-0.000653892,NA
14,1,906,33545870,-0.000556376,-0.000380787,NA
14,1,3451,33548415,-0.000185428,-0.000627905,0.000295032
14,2,96,35253126,-0.00014703,-0.000490195,0.000358426
14,2,5061,35258091,-0.000491804,-0.000460248,NA
14,2,5766,35258796,-0.000537141,-0.000566868,NA
14,2,5821,35258851,-0.000276298,-0.00054902,NA
14,2,47750,35300780,-0.000747205,-0.000395335,NA
14,2,47803,35300833,-0.000633926,-0.000833374,NA
14,2,49314,35302344,-0.000506986,-0.000662903,NA
15,1,77,35420758,-9.31E-05,-0.000367564,NA
15,1,195951,35616632,-0.000199478,-0.000552252,0.000241128
15,3,25670,35787716,-0.000455204,-0.000617981,NA
15,3,26637,35788683,-0.000662211,-0.000498469,NA
15,3,26640,35788686,-0.00035392,-0.000422125,NA
15,3,27670,35789716,-0.000605479,-0.000358281,NA
15,3,30321,35792367,-0.000417628,-0.000394187,NA
15,3,30333,35792379,-0.000268435,-0.000379764,NA
15,3,30886,35792932,-0.000142356,-0.000403994,NA
15,3,31606,35793652,-0.000605657,-0.000400894,NA
15,4,24422,35818099,-0.000205123,-0.000503173,NA
15,4,103100,35896777,-0.011906991,-0.0118309,0.000228951
15,4,431329,36225006,-0.000763828,-0.000736943,NA
16,1,359151,38466127,-0.000307509,-0.000783088,NA
16,3,40496,39281059,-0.000427011,-0.000836927,0.000252837
16,3,41809,39282372,-0.00045522,-0.0008143,NA
16,3,133359,39373922,-0.000708574,-0.000475908,NA
16,3,169836,39410399,-0.000150443,-0.000573271,NA
16,3,169940,39410503,-0.000778887,-0.000400622,NA
16,7,13653,40197471,-0.000377926,-0.000507979,NA
16,7,15160,40198978,-0.00059222,-0.000724748,NA
16,7,16016,40199834,-0.000438227,-0.000669115,NA
16,7,16040,40199858,-0.000479395,-0.000389859,NA
16,7,16293,40200111,-0.000294439,-0.00044655,NA
16,7,16428,40200246,-0.000834441,-0.000493793,NA
16,7,16431,40200249,-0.000421305,-0.000465831,NA
16,7,16438,40200256,-0.000195384,-0.000360888,NA
16,7,16551,40200369,-0.000423887,-0.000416742,NA
16,7,31370,40215188,-0.000598669,-0.000359686,NA
16,7,31403,40215221,-0.000630032,-0.000521615,NA
16,7,126181,40309999,-0.000286178,-0.000422017,NA
16,7,158320,40342138,-0.000190993,-0.000536562,NA
16,7,159022,40342840,-8.60E-05,-0.000590717,0.000267049
16,7,159465,40343283,-0.000486718,-0.000594036,NA
16,7,160194,40344012,-0.000206512,-0.000398378,NA
16,7,160671,40344489,-0.001318843,-0.00110195,NA
16,7,163584,40347402,-0.000698058,-0.000467918,NA
16,8,5870,40353541,-0.000206135,-0.000396153,NA
16,9,102080,40584979,-0.000377897,-0.000511721,NA
16,9,104202,40587101,-0.000193245,-0.00061641,NA
16,9,104440,40587339,-0.000150508,-0.00038854,NA
16,9,105219,40588118,-0.000501891,-0.000446878,NA
16,10,2686,38109662,-0.000207458,-0.000366335,NA
16,10,2836,38109812,-3.65E-05,-0.000421969,0.000287298
16,10,3392,38110368,-0.000160059,-0.000539439,NA
1,0,202845,202845,NA,0.000415814,NA
1,0,202983,202983,NA,0.000453816,NA
1,0,203733,203733,NA,0.000349988,NA
1,0,203810,203810,NA,0.00032961,NA
1,0,203823,203823,NA,0.000315376,-0.000476154
1,0,493043,493043,NA,0.00030407,NA
1,0,1872829,1872829,NA,0.000450528,NA
1,0,1872836,1872836,NA,0.000494729,NA
1,0,1872846,1872846,NA,0.000494729,NA
1,0,1872851,1872851,NA,0.000494729,NA
1,0,1872863,1872863,NA,0.000340894,NA
1,0,1872879,1872879,NA,0.000314102,NA
1,0,2049923,2049923,NA,0.000328117,NA
1,0,2573781,2573781,NA,0.000354901,-0.000336405
1,0,2573905,2573905,NA,0.000495696,NA
1,0,2575400,2575400,NA,0.000313745,NA
1,0,2576581,2576581,NA,0.000508916,NA
1,0,2576640,2576640,NA,0.000778157,NA
1,0,2579342,2579342,NA,0.000410367,NA
1,0,2582676,2582676,NA,0.00033969,NA
1,0,2584046,2584046,NA,0.000438475,NA
1,0,2584125,2584125,NA,0.00034756,NA
1,0,2585544,2585544,NA,0.000600078,NA
1,0,3195305,3195305,NA,0.000311474,NA
1,0,3195306,3195306,NA,0.00032807,NA
1,0,3213426,3213426,NA,0.000503929,NA
1,0,3214019,3214019,NA,0.000368764,NA
2,0,1818,3357586,NA,0.000384203,NA
2,0,3730,3359498,NA,0.000301408,NA
2,0,852776,4208544,NA,0.000370631,NA
2,0,853565,4209333,NA,0.000332307,NA
2,0,853732,4209500,NA,0.000346025,NA
2,0,854006,4209774,NA,0.000358494,NA
2,0,857876,4213644,NA,0.000416451,NA
2,0,858461,4214229,NA,0.000338447,NA
2,0,858481,4214249,NA,0.000534535,NA
2,0,858541,4214309,NA,0.000311353,NA
2,0,859616,4215384,NA,0.000360962,NA
2,0,860662,4216430,NA,0.000345249,NA
2,0,861163,4216931,NA,0.000380675,NA
2,0,861166,4216934,NA,0.00033666,NA
2,0,1093720,4449488,NA,0.000323187,NA
2,1,246524,4699225,NA,0.000418664,NA
2,2,625503,5514995,NA,0.00032549,NA
2,3,720,6047545,NA,0.000406321,NA
2,3,1275,6048100,NA,0.000333108,NA
2,3,191677,6238502,NA,0.000312585,NA
2,4,449,6239527,NA,0.000540509,NA
2,4,863,6239941,NA,0.000316673,NA
2,4,886,6239964,NA,0.000452209,-0.000220254
2,4,908,6239986,NA,0.000310502,NA
2,4,1916,6240994,NA,0.000732565,NA
2,4,2236,6241314,NA,0.000422846,NA
2,4,3208,6242286,NA,0.000505776,NA
2,4,3287,6242365,NA,0.0004443,NA
2,4,3347,6242425,NA,0.000353376,NA
2,4,3539,6242617,NA,0.000448717,NA
2,4,3584,6242662,NA,0.000334307,-0.000593932
2,4,242806,6481884,NA,0.000425271,-0.000293963
3,1,101824,7424272,NA,0.000354878,NA
3,2,915470,9984146,NA,0.000423209,NA
4,1,26440,11270129,NA,0.000326713,NA
4,1,27414,11271103,NA,0.000449602,NA
5,0,562345,11833799,NA,0.000308023,NA
5,0,562357,11833811,NA,0.000344924,NA
5,0,562624,11834078,NA,0.000327094,NA
5,0,563745,11835199,NA,0.000410981,NA
5,0,565008,11836462,NA,0.000309511,-0.000217255
5,0,566074,11837528,NA,0.000612094,NA
5,0,567843,11839297,NA,0.000348925,NA
5,0,567991,11839445,NA,0.000579551,NA
5,0,2394419,13665873,NA,0.000361963,NA
5,0,2394425,13665879,NA,0.000374964,-0.0004757
5,0,2394429,13665883,NA,0.000345966,NA
5,0,2394435,13665889,NA,0.000433555,-0.000803329
5,0,2399195,13670649,NA,0.000498472,NA
5,0,2399475,13670929,NA,0.000358202,NA
5,0,2399715,13671169,NA,0.0005386,-0.000248783
5,0,2402202,13673656,NA,0.000298189,NA
5,0,2422403,13693857,NA,0.000338729,-0.000316197
5,1,53948,13752561,NA,0.000593209,NA
5,1,961713,14660326,NA,0.000391428,NA
5,1,2214749,15913362,NA,0.000548798,NA
5,1,2214952,15913565,NA,0.00036577,NA
6,0,36620,15954082,NA,0.000399992,NA
6,0,38936,15956398,NA,0.000429812,NA
6,0,39777,15957239,NA,0.000397546,NA
6,0,39921,15957383,NA,0.000335956,NA
6,0,39979,15957441,NA,0.0006389,-0.000238439
6,0,40067,15957529,NA,0.000358114,NA
6,0,49342,15966804,NA,0.000595835,NA
6,0,72947,15990409,NA,0.000300564,NA
6,0,72948,15990410,NA,0.000300564,NA
6,0,137511,16054973,NA,0.000378445,NA
6,0,137679,16055141,NA,0.000300595,NA
6,1,12741,17824229,NA,0.000314298,NA
6,1,12766,17824254,NA,0.000301248,NA
6,1,12782,17824270,NA,0.000404879,NA
6,3,980,18107745,NA,0.000476131,NA
6,3,4013,18110778,NA,0.00029862,NA
6,3,4524,18111289,NA,0.000334099,NA
6,3,4750,18111515,NA,0.000377281,NA
6,3,255962,18362727,NA,0.00031225,NA
7,2,339149,20458034,NA,0.000488055,-0.00030091
8,0,15823,21590451,NA,0.000337634,NA
8,0,16503,21591131,NA,0.000355281,NA
8,0,16507,21591135,NA,0.000344668,NA
8,1,98948,21740290,NA,0.000303645,NA
8,1,999667,22641009,NA,0.000433933,NA
8,1,1002039,22643381,NA,0.000319491,-0.000341736
8,1,1003168,22644510,NA,0.00043412,-0.000234667
8,2,146030,22797406,NA,0.00039725,NA
8,2,151543,22802919,NA,0.000305831,NA
8,2,151598,22802974,NA,0.000299366,NA
8,2,152970,22804346,NA,0.000327938,NA
8,2,182174,22833550,NA,0.000677497,NA
8,2,182333,22833709,NA,0.000308088,NA
8,2,567010,23218386,NA,0.000378357,NA
8,2,568872,23220248,NA,0.000315306,NA
8,2,572713,23224089,NA,0.000591488,NA
8,2,572729,23224105,NA,0.000311654,-0.00020983
8,2,572774,23224150,NA,0.000357059,NA
8,2,573803,23225179,NA,0.000374148,NA
8,2,576965,23228341,NA,0.000425538,-0.000265296
8,2,578913,23230289,NA,0.000379151,NA
8,2,578965,23230341,NA,0.000318884,NA
9,1,68,23382162,NA,0.000331916,NA
9,1,118,23382212,NA,0.000339788,NA
9,1,311,23382405,NA,0.000646616,NA
9,1,961,23383055,NA,0.000768575,NA
9,1,4048,23386142,NA,0.000304222,NA
9,1,4092,23386186,NA,0.000323345,NA
9,1,5747,23387841,NA,0.000625019,-0.000262797
9,1,10232,23392326,NA,0.000417084,NA
9,1,10548,23392642,NA,0.000371582,NA
9,1,31894,23413988,NA,0.000353922,NA
9,1,34258,23416352,NA,0.00032018,NA
9,1,34783,23416877,NA,0.000303018,NA
9,1,34953,23417047,NA,0.000347052,-0.000325488
9,1,35872,23417966,NA,0.000309255,NA
9,1,46973,23429067,NA,0.000319236,NA
9,1,50894,23432988,NA,0.000452951,NA
9,1,55296,23437390,NA,0.000448362,NA
9,1,1839200,25221294,NA,0.000648542,NA
9,1,1873791,25255885,NA,0.000446377,NA
9,1,2076135,25458229,NA,0.00052818,NA
9,1,2076324,25458418,NA,0.000321282,NA
10,1,9704,25703362,NA,0.000353163,NA
10,1,10393,25704051,NA,0.000306751,NA
10,1,10771,25704429,NA,0.000310831,NA
10,1,11925,25705583,NA,0.000313739,-0.000222808
10,1,12916,25706574,NA,0.000336336,NA
10,1,12931,25706589,NA,0.000328163,NA
10,1,13574,25707232,NA,0.000411256,-0.000268007
10,1,15606,25709264,NA,0.000345114,NA
10,1,34170,25727828,NA,0.000299456,NA
10,1,345081,26038739,NA,0.000382694,NA
10,1,350832,26044490,NA,0.000313838,NA
10,1,1044635,26738293,NA,0.000322165,NA
10,1,1361695,27055353,NA,0.000355927,NA
10,1,1366186,27059844,NA,0.000328625,NA
10,1,1367132,27060790,NA,0.000406222,NA
10,1,1367895,27061553,NA,0.00063978,NA
10,1,2032376,27726034,NA,0.000314926,NA
10,1,2036620,27730278,NA,0.000358838,NA
10,1,2087220,27780878,NA,0.000375202,NA
10,1,2259650,27953308,NA,0.000520813,NA
10,1,2260115,27953773,NA,0.000306386,NA
10,1,2260188,27953846,NA,0.000431469,NA
10,1,2276611,27970269,NA,0.000428736,-0.000480018
10,1,2276643,27970301,NA,0.000346768,NA
10,1,2278197,27971855,NA,0.000360082,-0.000278056
10,1,2280193,27973851,NA,0.00050538,NA
10,1,2280670,27974328,NA,0.000320004,NA
10,1,2280757,27974415,NA,0.000430245,NA
10,1,2282349,27976007,NA,0.000518964,-0.000240811
10,1,2282528,27976186,NA,0.000335016,NA
10,1,2282648,27976306,NA,0.000372662,NA
10,1,2282839,27976497,NA,0.000335735,NA
12,0,42472,29273582,NA,0.000303545,NA
12,0,42718,29273828,NA,0.000325906,NA
13,0,20359,31090912,NA,0.000361158,NA
13,0,25448,31096001,NA,0.000342731,-0.000773958
13,0,245745,31316298,NA,0.000325877,NA
13,0,277594,31348147,NA,0.000299171,NA
13,0,766584,31837137,NA,0.00041536,NA
13,0,766658,31837211,NA,0.000308801,NA
13,0,767858,31838411,NA,0.000314497,NA
13,0,767974,31838527,NA,0.00037595,NA
13,0,776485,31847038,NA,0.000410672,NA
13,0,776895,31847448,NA,0.00040651,-0.000315315
13,1,1807,31859635,NA,0.000350583,NA
13,2,1161,32695838,NA,0.00038797,NA
13,2,6636,32701313,NA,0.000331116,NA
13,2,10873,32705550,NA,0.000404919,NA
13,2,11570,32706247,NA,0.000491404,-0.000307335
13,2,12722,32707399,NA,0.000370447,NA
13,2,17630,32712307,NA,0.000458383,NA
13,2,17764,32712441,NA,0.000640922,-0.000478857
14,0,622966,33373955,NA,0.000448613,NA
14,1,3608,33548572,NA,0.000348141,NA
14,1,3687,33548651,NA,0.000380382,NA
14,1,3707,33548671,NA,0.000347539,NA
14,1,3879,33548843,NA,0.000661404,-0.000334903
14,1,582696,34127660,NA,0.000336458,NA
14,2,1347,35254377,NA,0.000373089,NA
14,2,1392,35254422,NA,0.00050272,NA
14,2,2604,35255634,NA,0.000341736,NA
14,2,3233,35256263,NA,0.000362415,NA
14,2,3293,35256323,NA,0.000316813,NA
14,2,4086,35257116,NA,0.000310972,NA
14,2,4185,35257215,NA,0.000316,NA
14,2,47063,35300093,NA,0.000397197,-0.000230277
14,2,47068,35300098,NA,0.000400741,NA
14,2,47270,35300300,NA,0.000470104,-0.000250185
14,2,47287,35300317,NA,0.000403334,NA
14,2,47740,35300770,NA,0.000421546,NA
14,2,48381,35301411,NA,0.000326276,NA
14,2,48637,35301667,NA,0.000355824,NA
14,2,49110,35302140,NA,0.00034288,NA
14,2,49485,35302515,NA,0.000361629,NA
14,2,49880,35302910,NA,0.000425777,NA
15,1,444,35421125,NA,0.000450819,NA
15,1,1594,35422275,NA,0.0003196,NA
15,1,126163,35546844,NA,0.000527933,-0.000205746
15,1,126233,35546914,NA,0.000379842,NA
15,1,250515,35671196,NA,0.000395566,NA
15,1,277728,35698409,NA,0.000335563,-0.000264222
15,2,934,35704392,NA,0.000480011,NA
15,3,19275,35781321,NA,0.000505846,-0.000228649
15,3,24453,35786499,NA,0.000414449,NA
15,4,24712,35818389,NA,0.000325136,NA
15,4,536130,36329807,NA,0.000419435,NA
16,0,148306,36508671,NA,0.000607794,NA
16,1,25271,38132247,NA,0.000311541,NA
16,1,25287,38132263,NA,0.000466628,NA
16,1,25314,38132290,NA,0.000334006,NA
16,1,25767,38132743,NA,0.000443306,NA
16,1,863944,38970920,NA,0.000304095,NA
16,1,864136,38971112,NA,0.000319156,-0.00020499
16,3,106389,39346952,NA,0.000332262,NA
16,5,98911,39953424,NA,0.000509661,NA
16,5,100116,39954629,NA,0.000395733,NA
16,7,13773,40197591,NA,0.000420035,NA
16,7,17755,40201573,NA,0.000303961,NA
16,7,126853,40310671,NA,0.00044913,NA
16,7,157925,40341743,NA,0.000313118,NA
16,7,158260,40342078,NA,0.00051074,NA
16,7,158413,40342231,NA,0.000435151,NA
16,7,158831,40342649,NA,0.000647589,NA
16,7,159126,40342944,NA,0.000313337,NA
16,7,159877,40343695,NA,0.000507488,NA
16,7,160078,40343896,NA,0.000324607,-0.000531212
16,7,162014,40345832,NA,0.000350787,NA
16,7,162438,40346256,NA,0.000387344,NA
16,8,134747,40482418,NA,0.000596732,NA
16,8,135118,40482789,NA,0.000371122,NA
16,9,105385,40588284,NA,0.000311521,NA
16,10,2147,38109123,NA,0.000418392,NA
16,10,4154,38111130,NA,0.000415265,NA
16,10,57181,38164157,NA,0.000440404,NA
16,10,57212,38164188,NA,0.00054806,NA
16,11,12705,40614791,NA,0.000310097,NA
1,0,2575167,2575167,NA,-0.00034731,NA
1,0,2577227,2577227,NA,-0.000299841,NA
1,0,2583227,2583227,NA,-0.000305437,0.000445755
1,0,2583283,2583283,NA,-0.000317057,NA
1,0,2583288,2583288,NA,-0.000314996,NA
1,0,2585584,2585584,NA,-0.000330096,NA
1,0,2585910,2585910,NA,-0.000303067,NA
1,0,3195476,3195476,NA,-0.00031091,NA
1,1,139605,3354376,NA,-0.000345685,NA
1,1,140155,3354926,NA,-0.000314222,NA
1,1,140525,3355296,NA,-0.000346888,NA
1,1,140530,3355301,NA,-0.00035027,NA
2,0,862480,4218248,NA,-0.000323764,NA
2,0,864399,4220167,NA,-0.000302541,NA
2,0,865088,4220856,NA,-0.000340612,NA
2,1,411126,4863827,NA,-0.000343084,NA
2,1,418319,4871020,NA,-0.000349843,NA
2,2,625259,5514751,NA,-0.000331941,NA
2,2,636015,5525507,NA,-0.00032083,NA
2,3,16311,6063136,NA,-0.000320881,NA
2,4,704499,6943577,NA,-0.000351915,NA
2,4,704983,6944061,NA,-0.000336465,NA
2,4,706129,6945207,NA,-0.000342884,NA
2,4,706147,6945225,NA,-0.000319985,NA
2,4,706184,6945262,NA,-0.000315031,NA
2,4,706537,6945615,NA,-0.000312563,NA
2,5,1317,6947293,NA,-0.000356088,NA
3,0,24572,7174974,NA,-0.000357042,NA
3,0,41219,7191621,NA,-0.000313018,NA
3,1,102181,7424629,NA,-0.000337007,NA
3,1,971587,8294035,NA,-0.000350465,NA
3,1,1745584,9068032,NA,-0.000334947,NA
3,1,1745621,9068069,NA,-0.000344235,NA
3,2,1761,9070437,NA,-0.000335415,NA
3,2,2323,9070999,NA,-0.000314654,NA
4,0,356049,11230803,NA,-0.000351813,NA
5,0,2084407,13355861,NA,-0.000318342,NA
5,0,2399777,13671231,NA,-0.000315784,NA
5,0,2400571,13672025,NA,-0.000339596,NA
5,0,2400998,13672452,NA,-0.000300777,NA
5,0,2401071,13672525,NA,-0.000356385,NA
5,0,2401461,13672915,NA,-0.000343788,NA
5,0,2401652,13673106,NA,-0.000317912,NA
5,0,2402456,13673910,NA,-0.000310244,NA
5,0,2402603,13674057,NA,-0.000312388,NA
5,1,380009,14078622,NA,-0.000315656,NA
5,1,960782,14659395,NA,-0.000309638,NA
5,1,961625,14660238,NA,-0.000315855,NA
5,1,2207390,15906003,NA,-0.00030292,NA
5,1,2208206,15906819,NA,-0.000307331,NA
5,1,2209699,15908312,NA,-0.000310841,NA
6,0,40551,15958013,NA,-0.000304832,NA
6,0,92210,16009672,NA,-0.000322773,NA
6,0,968041,16885503,NA,-0.000348867,NA
6,1,131394,17942882,NA,-0.000309933,NA
6,1,131408,17942896,NA,-0.000344333,NA
6,3,2842,18109607,NA,-0.000347721,NA
6,3,3054,18109819,NA,-0.000347846,NA
6,3,304728,18411493,NA,-0.000319396,NA
7,0,359587,18853212,NA,-0.000328946,NA
7,0,866816,19360441,NA,-0.000331256,NA
7,2,1427150,21546035,NA,-0.000353085,NA
8,0,17060,21591688,NA,-0.000353219,NA
8,1,96342,21737684,NA,-0.000316628,NA
8,1,96814,21738156,NA,-0.00031108,NA
8,1,96997,21738339,NA,-0.000353279,NA
8,1,97362,21738704,NA,-0.000321715,NA
8,2,150899,22802275,NA,-0.000341314,NA
8,2,151121,22802497,NA,-0.000354071,NA
8,2,151438,22802814,NA,-0.000346231,NA
8,2,151470,22802846,NA,-0.000331889,NA
8,2,151772,22803148,NA,-0.000318681,NA
8,2,153716,22805092,NA,-0.000316783,NA
8,2,153803,22805179,NA,-0.000317007,NA
8,2,154032,22805408,NA,-0.000347711,NA
8,2,566462,23217838,NA,-0.000330898,NA
8,2,568289,23219665,NA,-0.000304679,NA
8,2,568953,23220329,NA,-0.000307793,NA
8,2,569251,23220627,NA,-0.000346798,NA
8,2,569432,23220808,NA,-0.000314572,NA
8,2,569646,23221022,NA,-0.000304163,0.00028193
8,2,571983,23223359,NA,-0.000303271,NA
8,2,573344,23224720,NA,-0.000330259,0.000202552
8,2,578718,23230094,NA,-0.000322176,NA
9,1,4825,23386919,NA,-0.000306592,NA
9,1,40192,23422286,NA,-0.000324429,NA
9,1,40604,23422698,NA,-0.00033197,NA
9,1,42307,23424401,NA,-0.000340433,NA
9,1,43375,23425469,NA,-0.000321769,NA
9,1,47156,23429250,NA,-0.000315137,NA
9,1,51017,23433111,NA,-0.000301623,NA
9,1,1723404,25105498,NA,-0.000310088,NA
9,1,1725334,25107428,NA,-0.000308409,NA
10,0,33427,25657310,NA,-0.000329272,NA
10,0,36431,25660314,NA,-0.000300732,NA
10,0,37152,25661035,NA,-0.00033967,NA
10,0,37182,25661065,NA,-0.000306452,0.000255158
10,0,37251,25661134,NA,-0.000306304,NA
10,1,12225,25705883,NA,-0.000304421,0.000233059
10,1,12306,25705964,NA,-0.000320007,0.000393181
10,1,28568,25722226,NA,-0.000331316,NA
10,1,1362074,27055732,NA,-0.000345631,0.000431938
10,1,1362919,27056577,NA,-0.000323291,NA
10,1,2033882,27727540,NA,-0.000327181,NA
10,1,2034712,27728370,NA,-0.000311841,NA
10,1,2260863,27954521,NA,-0.000306598,NA
10,1,2275071,27968729,NA,-0.000315115,NA
10,1,2275085,27968743,NA,-0.000322117,NA
12,0,11401,29242511,NA,-0.000311081,NA
12,1,579017,30746655,NA,-0.000335851,0.000361709
13,0,19497,31090050,NA,-0.000344982,NA
13,0,19581,31090134,NA,-0.000308237,NA
13,0,19727,31090280,NA,-0.000305542,NA
13,1,229688,32087516,NA,-0.000310447,NA
13,2,1761,32696438,NA,-0.000356474,NA
13,2,8235,32702912,NA,-0.000348015,NA
13,2,10026,32704703,NA,-0.000334111,0.000332436
13,2,10647,32705324,NA,-0.000341941,NA
14,0,531098,33282087,NA,-0.000307669,NA
14,1,2283,33547247,NA,-0.000342695,NA
14,1,1516071,35061035,NA,-0.000308375,NA
14,2,2684,35255714,NA,-0.000312086,0.000503468
14,2,47807,35300837,NA,-0.000340398,NA
14,2,49571,35302601,NA,-0.000300699,NA
15,3,18502,35780548,NA,-0.000350587,NA
15,3,19542,35781588,NA,-0.000329038,NA
15,3,24636,35786682,NA,-0.000319377,NA
15,3,24655,35786701,NA,-0.000308043,NA
15,3,28108,35790154,NA,-0.000343988,NA
15,3,30310,35792356,NA,-0.000302333,NA
15,3,30374,35792420,NA,-0.000338688,NA
15,3,30845,35792891,NA,-0.000300757,NA
15,4,24775,35818452,NA,-0.000330958,NA
16,0,561528,36921893,NA,-0.00035518,NA
16,1,893000,38999976,NA,-0.00031212,NA
16,1,895261,39002237,NA,-0.000351046,NA
16,1,895824,39002800,NA,-0.000301767,NA
16,3,133539,39374102,NA,-0.00033849,NA
16,5,98309,39952822,NA,-0.000357468,NA
16,7,16024,40199842,NA,-0.000325575,NA
16,7,16110,40199928,NA,-0.000316302,NA
16,7,16427,40200245,NA,-0.000351884,NA
16,7,31777,40215595,NA,-0.000319622,NA
16,7,32028,40215846,NA,-0.000303065,NA
16,7,32037,40215855,NA,-0.000353885,NA
16,7,118601,40302419,NA,-0.000346212,NA
16,7,126180,40309998,NA,-0.000310834,NA
16,7,156736,40340554,NA,-0.000351151,0.000209072
16,7,160339,40344157,NA,-0.000339008,NA
16,7,162029,40345847,NA,-0.000336571,0.000223787
16,7,162249,40346067,NA,-0.000346358,NA
16,7,163619,40347437,NA,-0.000347228,NA
16,9,104218,40587117,NA,-0.000308918,0.000529078
16,10,2209,38109185,NA,-0.000343324,NA
16,10,2266,38109242,NA,-0.000350161,NA
16,10,2851,38109827,NA,-0.000334954,NA
16,11,549333,41151419,NA,-0.000325169,NA
1,0,203187,203187,NA,NA,0.000206212
1,0,1862256,1862256,NA,NA,0.000215942
1,0,1862263,1862263,NA,NA,0.000215942
1,0,1862270,1862270,NA,NA,0.000257473
1,0,1862296,1862296,NA,NA,0.000244139
1,0,1862301,1862301,NA,NA,0.000530214
1,0,1871062,1871062,NA,NA,0.000211625
1,0,1871310,1871310,NA,NA,0.000239185
1,0,1871341,1871341,NA,NA,0.000227371
1,0,2573842,2573842,NA,NA,0.000278952
1,0,2574117,2574117,NA,NA,0.000539746
1,0,2574134,2574134,NA,NA,0.000461694
1,0,2574135,2574135,NA,NA,0.000449436
1,0,2574157,2574157,NA,NA,0.00056052
1,0,2575922,2575922,NA,NA,0.000223634
1,0,2577097,2577097,NA,NA,0.000206555
1,0,2577319,2577319,NA,NA,0.000603605
1,0,2578379,2578379,NA,NA,0.000313529
1,0,2580363,2580363,NA,NA,0.000268793
1,0,2582160,2582160,NA,NA,0.000460117
1,0,2582254,2582254,NA,NA,0.000815024
1,0,2582260,2582260,NA,NA,0.000285723
1,0,2582659,2582659,NA,NA,0.00026215
1,0,2582742,2582742,NA,NA,0.000298809
1,0,2582750,2582750,NA,NA,0.00027904
1,0,2582779,2582779,NA,NA,0.000329571
1,0,2582806,2582806,NA,NA,0.001330538
1,0,2582813,2582813,NA,NA,0.000328447
1,0,2583028,2583028,NA,NA,0.00023374
1,0,2583234,2583234,NA,NA,0.000393468
1,0,2583236,2583236,NA,NA,0.000312323
1,0,2584283,2584283,NA,NA,0.000211371
1,0,2584407,2584407,NA,NA,0.000229094
1,0,2584431,2584431,NA,NA,0.000287822
1,0,2585752,2585752,NA,NA,0.000222974
1,0,2585754,2585754,NA,NA,0.000321404
1,0,2585788,2585788,NA,NA,0.000329133
1,0,2586643,2586643,NA,NA,0.000215257
1,0,3191754,3191754,NA,NA,0.000204865
1,0,3194454,3194454,NA,NA,0.000215636
1,0,3194479,3194479,NA,NA,0.000531111
1,0,3194535,3194535,NA,NA,0.000625223
1,0,3195482,3195482,NA,NA,0.000312727
1,0,3195846,3195846,NA,NA,0.000229387
1,1,1133,3215904,NA,NA,0.000309134
1,1,138122,3352893,NA,NA,0.000232915
1,1,140128,3354899,NA,NA,0.000251522
1,1,140576,3355347,NA,NA,0.000331695
1,1,140886,3355657,NA,NA,0.000254198
2,0,3459,3359227,NA,NA,0.000208775
2,0,850583,4206351,NA,NA,0.000280389
2,0,850591,4206359,NA,NA,0.000813873
2,0,850596,4206364,NA,NA,0.000933546
2,0,850597,4206365,NA,NA,0.000798457
2,0,850607,4206375,NA,NA,0.000704681
2,0,850614,4206382,NA,NA,0.000728121
2,0,850617,4206385,NA,NA,0.000298327
2,0,850644,4206412,NA,NA,0.000307251
2,0,850657,4206425,NA,NA,0.000233506
2,0,850660,4206428,NA,NA,0.000332964
2,0,850776,4206544,NA,NA,0.000470134
2,0,852319,4208087,NA,NA,0.000229449
2,0,854319,4210087,NA,NA,0.000235346
2,0,856757,4212525,NA,NA,0.000229594
2,0,856906,4212674,NA,NA,0.000434379
2,0,857032,4212800,NA,NA,0.000218139
2,0,857220,4212988,NA,NA,0.000383583
2,0,857937,4213705,NA,NA,0.000241536
2,0,858193,4213961,NA,NA,0.000256242
2,0,858291,4214059,NA,NA,0.000743791
2,0,858310,4214078,NA,NA,0.00023325
2,0,858347,4214115,NA,NA,0.000330405
2,0,859163,4214931,NA,NA,0.000342897
2,0,859167,4214935,NA,NA,0.000309294
2,0,859212,4214980,NA,NA,0.000581555
2,0,859213,4214981,NA,NA,0.000348654
2,0,859266,4215034,NA,NA,0.000248409
2,0,859942,4215710,NA,NA,0.000282739
2,0,860598,4216366,NA,NA,0.000215012
2,0,860755,4216523,NA,NA,0.00022319
2,0,862922,4218690,NA,NA,0.00025131
2,0,1092819,4448587,NA,NA,0.000261775
2,0,1092889,4448657,NA,NA,0.000318579
2,1,407724,4860425,NA,NA,0.000306607
2,1,418258,4870959,NA,NA,0.000291214
2,1,418681,4871382,NA,NA,0.000277402
2,1,418773,4871474,NA,NA,0.000211613
2,2,1976,4891468,NA,NA,0.000536608
2,2,1979,4891471,NA,NA,0.000379442
2,2,624958,5514450,NA,NA,0.000296698
2,2,626043,5515535,NA,NA,0.000211331
2,2,626055,5515547,NA,NA,0.000363654
2,2,634862,5524354,NA,NA,0.000260945
2,2,634915,5524407,NA,NA,0.000392135
2,2,634960,5524452,NA,NA,0.000425915
2,2,635234,5524726,NA,NA,0.000358442
2,2,635235,5524727,NA,NA,0.000211713
2,2,1135054,6024546,NA,NA,0.000253564
2,2,1140014,6029506,NA,NA,0.000226909
2,2,1141974,6031466,NA,NA,0.000313886
2,2,1153135,6042627,NA,NA,0.000232688
2,3,4115,6050940,NA,NA,0.000388124
2,3,4197,6051022,NA,NA,0.000286235
2,3,4213,6051038,NA,NA,0.000227877
2,3,14133,6060958,NA,NA,0.000248604
2,3,16323,6063148,NA,NA,0.000263241
2,3,16360,6063185,NA,NA,0.000321686
2,3,16362,6063187,NA,NA,0.000320894
2,3,17716,6064541,NA,NA,0.000237731
2,3,17755,6064580,NA,NA,0.000451182
2,3,17971,6064796,NA,NA,0.000220828
2,3,186242,6233067,NA,NA,0.000520117
2,4,65942,6305020,NA,NA,0.000355977
2,4,627222,6866300,NA,NA,0.000285578
2,4,703944,6943022,NA,NA,0.000323047
2,4,704444,6943522,NA,NA,0.000226621
2,4,704446,6943524,NA,NA,0.000204493
2,4,704565,6943643,NA,NA,0.000313388
2,4,704716,6943794,NA,NA,0.000268031
2,4,705007,6944085,NA,NA,0.000227638
2,4,705040,6944118,NA,NA,0.000232513
2,4,705093,6944171,NA,NA,0.00021987
2,4,705286,6944364,NA,NA,0.000258248
2,4,705777,6944855,NA,NA,0.000319338
2,4,706191,6945269,NA,NA,0.000214102
2,4,706521,6945599,NA,NA,0.000247076
2,4,706559,6945637,NA,NA,0.00030092
2,4,706590,6945668,NA,NA,0.000354035
2,4,706836,6945914,NA,NA,0.00020872
3,1,971579,8294027,NA,NA,0.000270805
3,1,1261819,8584267,NA,NA,0.000299569
3,1,1745648,9068096,NA,NA,0.000266197
3,2,2065,9070741,NA,NA,0.000233234
3,2,2094,9070770,NA,NA,0.00028747
3,2,625211,9693887,NA,NA,0.000216114
3,2,802164,9870840,NA,NA,0.000274453
3,2,976644,10045320,NA,NA,0.000329261
4,0,84909,10959663,NA,NA,0.000295916
4,0,84982,10959736,NA,NA,0.000647053
4,0,85103,10959857,NA,NA,0.000238865
4,0,363217,11237971,NA,NA,0.000251214
4,0,363383,11238137,NA,NA,0.000340279
4,0,364553,11239307,NA,NA,0.000315933
4,1,488,11244177,NA,NA,0.000517706
4,1,490,11244179,NA,NA,0.000353849
4,1,4270,11247959,NA,NA,0.000352117
4,1,4279,11247968,NA,NA,0.000356082
4,1,5836,11249525,NA,NA,0.000206101
5,0,2083595,13355049,NA,NA,0.000227337
5,0,2084154,13355608,NA,NA,0.000217699
5,0,2084402,13355856,NA,NA,0.000418646
5,0,2331516,13602970,NA,NA,0.000405647
5,0,2392514,13663968,NA,NA,0.00052716
5,0,2392580,13664034,NA,NA,0.00023633
5,0,2392813,13664267,NA,NA,0.00023352
5,0,2392988,13664442,NA,NA,0.000219617
5,0,2397210,13668664,NA,NA,0.000207093
5,0,2397531,13668985,NA,NA,0.00028842
5,0,2401039,13672493,NA,NA,0.000276714
5,0,2401283,13672737,NA,NA,0.000293815
5,0,2402072,13673526,NA,NA,0.00025401
5,0,2402170,13673624,NA,NA,0.000909545
5,0,2402182,13673636,NA,NA,0.000397842
5,0,2402427,13673881,NA,NA,0.000250761
5,0,2402775,13674229,NA,NA,0.000223954
5,0,2411162,13682616,NA,NA,0.000205696
5,0,2418986,13690440,NA,NA,0.000204227
5,0,2418992,13690446,NA,NA,0.000288285
5,0,2419014,13690468,NA,NA,0.000296727
5,0,2419073,13690527,NA,NA,0.000211933
5,0,2419093,13690547,NA,NA,0.000399731
5,0,2422050,13693504,NA,NA,0.00022116
5,1,50845,13749458,NA,NA,0.000255953
5,1,51090,13749703,NA,NA,0.000209876
5,1,51237,13749850,NA,NA,0.000557321
5,1,53325,13751938,NA,NA,0.000244683
5,1,53483,13752096,NA,NA,0.000344376
5,1,53487,13752100,NA,NA,0.000344376
5,1,53516,13752129,NA,NA,0.000758283
5,1,53525,13752138,NA,NA,0.000225882
5,1,53686,13752299,NA,NA,0.000217298
5,1,54447,13753060,NA,NA,0.000317855
5,1,55241,13753854,NA,NA,0.000297509
5,1,55606,13754219,NA,NA,0.000429878
5,1,55610,13754223,NA,NA,0.000566058
5,1,55654,13754267,NA,NA,0.000284724
5,1,752196,14450809,NA,NA,0.000229954
5,1,752199,14450812,NA,NA,0.000284474
5,1,752200,14450813,NA,NA,0.000327738
5,1,754063,14452676,NA,NA,0.000218737
5,1,754068,14452681,NA,NA,0.000218737
5,1,754075,14452688,NA,NA,0.000218737
5,1,754078,14452691,NA,NA,0.000213941
5,1,1683368,15381981,NA,NA,0.000228858
5,1,1691106,15389719,NA,NA,0.000254961
5,1,1706239,15404852,NA,NA,0.0004432
5,1,2207482,15906095,NA,NA,0.000217074
5,1,2207487,15906100,NA,NA,0.000324847
5,1,2207492,15906105,NA,NA,0.000465995
5,1,2207938,15906551,NA,NA,0.000307304
5,1,2208658,15907271,NA,NA,0.000217897
5,1,2208959,15907572,NA,NA,0.000765839
5,1,2208967,15907580,NA,NA,0.000507356
5,1,2208973,15907586,NA,NA,0.000356169
5,1,2209123,15907736,NA,NA,0.0002282
5,1,2209162,15907775,NA,NA,0.000238042
5,1,2209287,15907900,NA,NA,0.000257356
5,1,2210285,15908898,NA,NA,0.000266385
5,1,2210756,15909369,NA,NA,0.000275682
5,1,2211894,15910507,NA,NA,0.000293344
5,1,2212657,15911270,NA,NA,0.000288123
5,1,2212714,15911327,NA,NA,0.0002231
5,1,2212721,15911334,NA,NA,0.000295231
5,1,2213600,15912213,NA,NA,0.000251977
5,1,2213692,15912305,NA,NA,0.000230381
5,1,2213712,15912325,NA,NA,0.00033396
5,1,2214020,15912633,NA,NA,0.000278104
5,1,2214620,15913233,NA,NA,0.0003775
6,0,998,15918460,NA,NA,0.000217625
6,0,24432,15941894,NA,NA,0.000238985
6,0,37013,15954475,NA,NA,0.000298325
6,0,52508,15969970,NA,NA,0.000228282
6,0,72160,15989622,NA,NA,0.000213785
6,0,91411,16008873,NA,NA,0.00021629
6,0,142622,16060084,NA,NA,0.000235324
6,0,146339,16063801,NA,NA,0.000215484
6,0,974486,16891948,NA,NA,0.000323911
6,0,1490471,17407933,NA,NA,0.000239076
6,0,1490473,17407935,NA,NA,0.000399109
6,0,1490476,17407938,NA,NA,0.000335291
6,0,1490955,17408417,NA,NA,0.000649146
6,0,1491480,17408942,NA,NA,0.000329274
6,0,1892943,17810405,NA,NA,0.000211651
6,1,4689,17816177,NA,NA,0.000289495
6,1,11588,17823076,NA,NA,0.000362396
6,1,69219,17880707,NA,NA,0.000205181
6,2,1148,17988199,NA,NA,0.000347178
6,2,1298,17988349,NA,NA,0.000320913
6,2,1490,17988541,NA,NA,0.000285964
6,2,15190,18002241,NA,NA,0.000251825
6,3,565,18107330,NA,NA,0.00020543
6,3,2815,18109580,NA,NA,0.000310896
6,3,3134,18109899,NA,NA,0.000313316
6,3,3264,18110029,NA,NA,0.00058164
6,3,5168,18111933,NA,NA,0.000242287
6,3,5205,18111970,NA,NA,0.00026673
7,0,945,18494570,NA,NA,0.000397438
7,0,363062,18856687,NA,NA,0.000301411
7,2,31714,20150599,NA,NA,0.000267946
7,2,31736,20150621,NA,NA,0.000212683
8,0,125,21574753,NA,NA,0.000220816
8,0,717,21575345,NA,NA,0.000285277
8,0,1137,21575765,NA,NA,0.000206538
8,0,4490,21579118,NA,NA,0.000214353
8,0,5042,21579670,NA,NA,0.000489206
8,0,11340,21585968,NA,NA,0.000296848
8,0,11369,21585997,NA,NA,0.000215334
8,0,11440,21586068,NA,NA,0.000630546
8,0,15139,21589767,NA,NA,0.000557575
8,0,16096,21590724,NA,NA,0.000309577
8,0,16325,21590953,NA,NA,0.000245719
8,0,17410,21592038,NA,NA,0.000215374
8,0,17437,21592065,NA,NA,0.000204504
8,0,17498,21592126,NA,NA,0.00033056
8,0,17501,21592129,NA,NA,0.000375748
8,0,17520,21592148,NA,NA,0.000211697
8,0,17666,21592294,NA,NA,0.000336156
8,0,17774,21592402,NA,NA,0.000208044
8,0,17776,21592404,NA,NA,0.000237757
8,0,17782,21592410,NA,NA,0.000221152
8,0,17787,21592415,NA,NA,0.000246842
8,0,17794,21592422,NA,NA,0.000262422
8,0,17809,21592437,NA,NA,0.000278487
8,0,17826,21592454,NA,NA,0.000304051
8,0,17847,21592475,NA,NA,0.000432806
8,0,18049,21592677,NA,NA,0.000338681
8,0,18079,21592707,NA,NA,0.000279404
8,0,18195,21592823,NA,NA,0.000291228
8,1,95473,21736815,NA,NA,0.000234495
8,1,95504,21736846,NA,NA,0.000315928
8,1,95519,21736861,NA,NA,0.000410703
8,1,95533,21736875,NA,NA,0.000670452
8,1,95539,21736881,NA,NA,0.000402866
8,1,96368,21737710,NA,NA,0.000343444
8,1,97090,21738432,NA,NA,0.000289323
8,1,97784,21739126,NA,NA,0.000344001
8,1,97917,21739259,NA,NA,0.000309278
8,1,98644,21739986,NA,NA,0.000279555
8,1,98909,21740251,NA,NA,0.000227428
8,1,460888,22102230,NA,NA,0.000565713
8,1,462483,22103825,NA,NA,0.000295356
8,1,996585,22637927,NA,NA,0.000256735
8,1,998695,22640037,NA,NA,0.000349599
8,1,1001101,22642443,NA,NA,0.000263074
8,1,1006045,22647387,NA,NA,0.000350741
8,1,1006091,22647433,NA,NA,0.000213597
8,1,1009123,22650465,NA,NA,0.000333898
8,1,1009834,22651176,NA,NA,0.000381289
8,1,1009911,22651253,NA,NA,0.000215019
8,2,145904,22797280,NA,NA,0.000203465
8,2,145907,22797283,NA,NA,0.000203465
8,2,149978,22801354,NA,NA,0.000451509
8,2,150027,22801403,NA,NA,0.000362285
8,2,150142,22801518,NA,NA,0.000236816
8,2,150971,22802347,NA,NA,0.000290583
8,2,151900,22803276,NA,NA,0.000234792
8,2,151916,22803292,NA,NA,0.000377286
8,2,151932,22803308,NA,NA,0.000657455
8,2,151951,22803327,NA,NA,0.000243212
8,2,152409,22803785,NA,NA,0.000220846
8,2,154137,22805513,NA,NA,0.00020937
8,2,182024,22833400,NA,NA,0.000224619
8,2,182403,22833779,NA,NA,0.000293931
8,2,182461,22833837,NA,NA,0.000330505
8,2,222858,22874234,NA,NA,0.00029677
8,2,223612,22874988,NA,NA,0.000327631
8,2,223654,22875030,NA,NA,0.000255984
8,2,223663,22875039,NA,NA,0.00049325
8,2,223683,22875059,NA,NA,0.000581837
8,2,223720,22875096,NA,NA,0.000495126
8,2,223731,22875107,NA,NA,0.000205216
8,2,231021,22882397,NA,NA,0.000346019
8,2,236067,22887443,NA,NA,0.000355809
8,2,565823,23217199,NA,NA,0.000752362
8,2,566138,23217514,NA,NA,0.000392124
8,2,567618,23218994,NA,NA,0.000323651
8,2,568200,23219576,NA,NA,0.000245937
8,2,568460,23219836,NA,NA,0.000220383
8,2,569037,23220413,NA,NA,0.000323507
8,2,569669,23221045,NA,NA,0.000220649
8,2,572543,23223919,NA,NA,0.000528205
8,2,572883,23224259,NA,NA,0.000264578
8,2,573113,23224489,NA,NA,0.000287494
8,2,573124,23224500,NA,NA,0.000280182
8,2,573478,23224854,NA,NA,0.000212939
8,2,573926,23225302,NA,NA,0.0002205
8,2,575249,23226625,NA,NA,0.000230129
8,2,575399,23226775,NA,NA,0.000248198
8,2,575407,23226783,NA,NA,0.00023279
8,2,576100,23227476,NA,NA,0.000321813
8,2,576115,23227491,NA,NA,0.000522151
8,2,576130,23227506,NA,NA,0.000391999
8,2,576367,23227743,NA,NA,0.000345354
8,2,576373,23227749,NA,NA,0.00028594
8,2,577076,23228452,NA,NA,0.000228365
8,2,577102,23228478,NA,NA,0.000396835
9,0,101968,23332422,NA,NA,0.000288731
9,1,17,23382111,NA,NA,0.000403116
9,1,21,23382115,NA,NA,0.000265768
9,1,528,23382622,NA,NA,0.000393635
9,1,685,23382779,NA,NA,0.000502855
9,1,3244,23385338,NA,NA,0.000825721
9,1,3248,23385342,NA,NA,0.000489133
9,1,3250,23385344,NA,NA,0.000592198
9,1,3253,23385347,NA,NA,0.000788609
9,1,3257,23385351,NA,NA,0.000234779
9,1,3258,23385352,NA,NA,0.000224475
9,1,3260,23385354,NA,NA,0.000580162
9,1,3267,23385361,NA,NA,0.000425036
9,1,3291,23385385,NA,NA,0.000579132
9,1,3297,23385391,NA,NA,0.000887232
9,1,3300,23385394,NA,NA,0.000268035
9,1,4711,23386805,NA,NA,0.000300318
9,1,4764,23386858,NA,NA,0.000314583
9,1,10356,23392450,NA,NA,0.000345486
9,1,10725,23392819,NA,NA,0.000206966
9,1,11006,23393100,NA,NA,0.000292178
9,1,11417,23393511,NA,NA,0.00032607
9,1,29622,23411716,NA,NA,0.00030246
9,1,29634,23411728,NA,NA,0.000238998
9,1,31795,23413889,NA,NA,0.000254056
9,1,32743,23414837,NA,NA,0.000295128
9,1,36134,23418228,NA,NA,0.000282515
9,1,39838,23421932,NA,NA,0.000215866
9,1,40482,23422576,NA,NA,0.000280838
9,1,42046,23424140,NA,NA,0.000293739
9,1,400993,23783087,NA,NA,0.000282652
9,1,1617562,24999656,NA,NA,0.000321671
9,1,1617563,24999657,NA,NA,0.000321671
9,1,1617572,24999666,NA,NA,0.000280236
9,1,1617576,24999670,NA,NA,0.000321671
9,1,1617586,24999680,NA,NA,0.000424285
9,1,1701412,25083506,NA,NA,0.000262826
9,1,1723748,25105842,NA,NA,0.000291704
9,1,1724102,25106196,NA,NA,0.000230641
9,1,1791158,25173252,NA,NA,0.000304402
9,1,1791169,25173263,NA,NA,0.000349968
9,1,1838545,25220639,NA,NA,0.00023385
9,1,1840040,25222134,NA,NA,0.000267622
9,1,1840045,25222139,NA,NA,0.000308016
9,1,1840307,25222401,NA,NA,0.000243054
9,1,1840438,25222532,NA,NA,0.000251824
9,1,1840453,25222547,NA,NA,0.000245919
9,1,1840814,25222908,NA,NA,0.000235431
9,1,1873907,25256001,NA,NA,0.000724389
9,1,2005625,25387719,NA,NA,0.000339332
9,1,2067525,25449619,NA,NA,0.000436255
9,1,2071689,25453783,NA,NA,0.000221545
10,0,35891,25659774,NA,NA,0.000209081
10,0,36563,25660446,NA,NA,0.0002691
10,0,37130,25661013,NA,NA,0.000301813
10,0,37206,25661089,NA,NA,0.000211383
10,0,37210,25661093,NA,NA,0.000241302
10,0,69775,25693658,NA,NA,0.000579665
10,1,5507,25699165,NA,NA,0.000272429
10,1,5586,25699244,NA,NA,0.000226618
10,1,10357,25704015,NA,NA,0.000204612
10,1,10552,25704210,NA,NA,0.000222782
10,1,10627,25704285,NA,NA,0.000575071
10,1,10920,25704578,NA,NA,0.000254068
10,1,10928,25704586,NA,NA,0.00041881
10,1,10997,25704655,NA,NA,0.000370579
10,1,11416,25705074,NA,NA,0.000215562
10,1,11418,25705076,NA,NA,0.000322214
10,1,11450,25705108,NA,NA,0.000342285
10,1,11484,25705142,NA,NA,0.000725343
10,1,12207,25705865,NA,NA,0.000593138
10,1,12253,25705911,NA,NA,0.000272624
10,1,12612,25706270,NA,NA,0.000427117
10,1,12636,25706294,NA,NA,0.000342391
10,1,12682,25706340,NA,NA,0.000297305
10,1,14474,25708132,NA,NA,0.000287393
10,1,14484,25708142,NA,NA,0.000216613
10,1,14492,25708150,NA,NA,0.00026657
10,1,14660,25708318,NA,NA,0.000221687
10,1,14693,25708351,NA,NA,0.000208787
10,1,14708,25708366,NA,NA,0.000271502
10,1,21085,25714743,NA,NA,0.000255774
10,1,24595,25718253,NA,NA,0.000231948
10,1,24633,25718291,NA,NA,0.000237588
10,1,29038,25722696,NA,NA,0.000216164
10,1,322505,26016163,NA,NA,0.000206897
10,1,401424,26095082,NA,NA,0.000268629
10,1,401426,26095084,NA,NA,0.000278993
10,1,401439,26095097,NA,NA,0.000278993
10,1,401444,26095102,NA,NA,0.000268629
10,1,401445,26095103,NA,NA,0.000268629
10,1,401447,26095105,NA,NA,0.000278993
10,1,1355937,27049595,NA,NA,0.000208683
10,1,1361365,27055023,NA,NA,0.000343216
10,1,1361645,27055303,NA,NA,0.000217698
10,1,1362214,27055872,NA,NA,0.000204165
10,1,1363353,27057011,NA,NA,0.000404726
10,1,1363356,27057014,NA,NA,0.000297257
10,1,2033287,27726945,NA,NA,0.000304715
10,1,2033881,27727539,NA,NA,0.000271602
10,1,2033944,27727602,NA,NA,0.000272234
10,1,2033963,27727621,NA,NA,0.00034248
10,1,2035867,27729525,NA,NA,0.000214458
10,1,2037704,27731362,NA,NA,0.000356856
10,1,2037720,27731378,NA,NA,0.000337049
10,1,2043608,27737266,NA,NA,0.000307935
10,1,2260303,27953961,NA,NA,0.000208599
10,1,2275942,27969600,NA,NA,0.000260689
10,1,2276066,27969724,NA,NA,0.000290934
10,1,2276544,27970202,NA,NA,0.000298582
10,1,2276853,27970511,NA,NA,0.000227028
10,1,2277153,27970811,NA,NA,0.000245312
10,1,2277177,27970835,NA,NA,0.000231415
10,1,2278712,27972370,NA,NA,0.000203957
10,1,2278899,27972557,NA,NA,0.000402083
10,1,2278991,27972649,NA,NA,0.000541213
10,1,2279175,27972833,NA,NA,0.000219658
10,1,2279602,27973260,NA,NA,0.000254804
10,1,2281301,27974959,NA,NA,0.000243211
10,1,2281754,27975412,NA,NA,0.00025229
10,1,2282643,27976301,NA,NA,0.00030052
11,0,29444,28009564,NA,NA,0.000212041
11,0,546346,28526466,NA,NA,0.000316034
11,0,546525,28526645,NA,NA,0.000283004
11,0,546713,28526833,NA,NA,0.000240488
11,0,546735,28526855,NA,NA,0.00023804
11,0,546744,28526864,NA,NA,0.000214561
12,0,13668,29244778,NA,NA,0.000209917
12,0,330622,29561732,NA,NA,0.000232789
12,0,807742,30038852,NA,NA,0.000233916
12,0,807750,30038860,NA,NA,0.000363209
13,0,19346,31089899,NA,NA,0.000238718
13,0,19450,31090003,NA,NA,0.000259354
13,0,19455,31090008,NA,NA,0.000238794
13,0,20423,31090976,NA,NA,0.000271066
13,0,20445,31090998,NA,NA,0.000522418
13,0,20493,31091046,NA,NA,0.000225672
13,0,20496,31091049,NA,NA,0.000225577
13,0,20529,31091082,NA,NA,0.000475362
13,0,21320,31091873,NA,NA,0.000318356
13,0,25009,31095562,NA,NA,0.000246752
13,0,764492,31835045,NA,NA,0.000342122
13,0,764612,31835165,NA,NA,0.000211455
13,0,766079,31836632,NA,NA,0.000209514
13,0,766081,31836634,NA,NA,0.000228038
13,0,766467,31837020,NA,NA,0.000332412
13,0,768656,31839209,NA,NA,0.00058039
13,0,777016,31847569,NA,NA,0.000239655
13,1,3254,31861082,NA,NA,0.000218921
13,1,229942,32087770,NA,NA,0.000257236
13,1,836488,32694316,NA,NA,0.000250582
13,2,1664,32696341,NA,NA,0.000237825
13,2,2050,32696727,NA,NA,0.000265332
13,2,7323,32702000,NA,NA,0.000242717
13,2,7483,32702160,NA,NA,0.000208745
13,2,8205,32702882,NA,NA,0.000535921
13,2,8646,32703323,NA,NA,0.000230419
13,2,8815,32703492,NA,NA,0.000209463
13,2,9005,32703682,NA,NA,0.000252946
13,2,10062,32704739,NA,NA,0.000281721
13,2,10761,32705438,NA,NA,0.000220211
13,2,10778,32705455,NA,NA,0.000285287
13,2,10813,32705490,NA,NA,0.000354361
13,2,10966,32705643,NA,NA,0.00025431
13,2,11082,32705759,NA,NA,0.00060871
13,2,17126,32711803,NA,NA,0.000228249
13,2,17781,32712458,NA,NA,0.0003236
14,0,3992,32754981,NA,NA,0.00024846
14,0,4359,32755348,NA,NA,0.000221639
14,0,238569,32989558,NA,NA,0.000329923
14,0,243014,32994003,NA,NA,0.000248783
14,0,357496,33108485,NA,NA,0.000258856
14,0,357517,33108506,NA,NA,0.000258856
14,0,583606,33334595,NA,NA,0.000254877
14,1,2110,33547074,NA,NA,0.000334149
14,1,2141,33547105,NA,NA,0.000212912
14,1,2189,33547153,NA,NA,0.000442654
14,1,2219,33547183,NA,NA,0.000238618
14,1,2804,33547768,NA,NA,0.000219183
14,1,1172119,34717083,NA,NA,0.000365641
14,1,1319957,34864921,NA,NA,0.000308349
14,1,1708053,35253017,NA,NA,0.000311747
14,2,126,35253156,NA,NA,0.000205332
14,2,618,35253648,NA,NA,0.000385478
14,2,630,35253660,NA,NA,0.00024146
14,2,639,35253669,NA,NA,0.000311777
14,2,3587,35256617,NA,NA,0.00030101
14,2,4304,35257334,NA,NA,0.000491062
14,2,4448,35257478,NA,NA,0.00037321
14,2,5056,35258086,NA,NA,0.00032034
14,2,5066,35258096,NA,NA,0.000285896
14,2,5725,35258755,NA,NA,0.0007962
14,2,44477,35297507,NA,NA,0.000204
14,2,44497,35297527,NA,NA,0.000244999
14,2,45201,35298231,NA,NA,0.000245854
14,2,45292,35298322,NA,NA,0.000204079
14,2,45435,35298465,NA,NA,0.000287393
14,2,46970,35300000,NA,NA,0.000280393
14,2,48002,35301032,NA,NA,0.000746833
14,2,48005,35301035,NA,NA,0.000396171
14,2,48028,35301058,NA,NA,0.00028727
14,2,48187,35301217,NA,NA,0.000229716
14,2,48340,35301370,NA,NA,0.000254735
14,2,49675,35302705,NA,NA,0.000208135
14,2,49925,35302955,NA,NA,0.001040199
14,2,49962,35302992,NA,NA,0.001426027
14,2,49963,35302993,NA,NA,0.00046067
14,2,50023,35303053,NA,NA,0.000454664
15,1,1603,35422284,NA,NA,0.000313149
15,1,3359,35424040,NA,NA,0.000206375
15,1,269413,35690094,NA,NA,0.000233926
15,1,273975,35694656,NA,NA,0.000311645
15,1,274237,35694918,NA,NA,0.000269552
15,1,274265,35694946,NA,NA,0.000229401
15,1,274362,35695043,NA,NA,0.000250889
15,1,274428,35695109,NA,NA,0.000254778
15,1,274461,35695142,NA,NA,0.000427445
15,1,274942,35695623,NA,NA,0.00031257
15,1,275238,35695919,NA,NA,0.000289639
15,1,275479,35696160,NA,NA,0.000306802
15,1,276914,35697595,NA,NA,0.00022707
15,1,277624,35698305,NA,NA,0.000353054
15,1,277630,35698311,NA,NA,0.000427906
15,3,20012,35782058,NA,NA,0.000378108
15,3,23155,35785201,NA,NA,0.000261423
15,3,25555,35787601,NA,NA,0.000211699
15,3,27358,35789404,NA,NA,0.000329087
15,3,29232,35791278,NA,NA,0.000447631
15,3,30566,35792612,NA,NA,0.000248484
15,3,30639,35792685,NA,NA,0.000207734
15,3,31205,35793251,NA,NA,0.000327016
15,3,31415,35793461,NA,NA,0.000273127
15,3,31422,35793468,NA,NA,0.000413554
15,3,31442,35793488,NA,NA,0.000254347
15,4,18389,35812066,NA,NA,0.000240003
15,4,18451,35812128,NA,NA,0.000307392
15,4,20452,35814129,NA,NA,0.000364535
15,4,23784,35817461,NA,NA,0.000271039
16,0,87512,36447877,NA,NA,0.000312402
16,0,185286,36545651,NA,NA,0.000753018
16,1,3092,38110068,NA,NA,0.000538361
16,1,41891,38148867,NA,NA,0.000327214
16,1,41892,38148868,NA,NA,0.000277377
16,1,358915,38465891,NA,NA,0.000355566
16,1,864259,38971235,NA,NA,0.000226736
16,1,864297,38971273,NA,NA,0.000272836
16,1,864324,38971300,NA,NA,0.000224099
16,1,892603,38999579,NA,NA,0.000361613
16,1,892627,38999603,NA,NA,0.000403064
16,1,892632,38999608,NA,NA,0.00052935
16,1,892767,38999743,NA,NA,0.000627512
16,1,892783,38999759,NA,NA,0.000325824
16,1,892826,38999802,NA,NA,0.000248641
16,1,892987,38999963,NA,NA,0.000333376
16,1,895704,39002680,NA,NA,0.000206383
16,1,896170,39003146,NA,NA,0.000209038
16,1,896196,39003172,NA,NA,0.000362123
16,1,896199,39003175,NA,NA,0.000288378
16,1,896307,39003283,NA,NA,0.000249719
16,3,192,39240755,NA,NA,0.00035905
16,3,2538,39243101,NA,NA,0.000222388
16,3,45122,39285685,NA,NA,0.000397116
16,3,51731,39292294,NA,NA,0.000290609
16,3,101415,39341978,NA,NA,0.000252465
16,3,107579,39348142,NA,NA,0.000329068
16,3,108620,39349183,NA,NA,0.000608402
16,3,147486,39388049,NA,NA,0.000353198
16,3,170356,39410919,NA,NA,0.000307746
16,3,182739,39423302,NA,NA,0.000228802
16,5,94324,39948837,NA,NA,0.000282323
16,5,94388,39948901,NA,NA,0.000217553
16,5,94448,39948961,NA,NA,0.000368548
16,5,96554,39951067,NA,NA,0.000490087
16,5,96599,39951112,NA,NA,0.000421629
16,5,97351,39951864,NA,NA,0.000396988
16,5,98414,39952927,NA,NA,0.000325034
16,5,160514,40015027,NA,NA,0.00020793
16,7,13666,40197484,NA,NA,0.000265563
16,7,15178,40198996,NA,NA,0.000420506
16,7,18733,40202551,NA,NA,0.000232367
16,7,32313,40216131,NA,NA,0.000434457
16,7,32318,40216136,NA,NA,0.000288581
16,7,32473,40216291,NA,NA,0.000263944
16,7,33043,40216861,NA,NA,0.000205596
16,7,118385,40302203,NA,NA,0.000288256
16,7,118650,40302468,NA,NA,0.000474175
16,7,119664,40303482,NA,NA,0.000208621
16,7,120600,40304418,NA,NA,0.000250777
16,7,121152,40304970,NA,NA,0.000204672
16,7,122117,40305935,NA,NA,0.000252346
16,7,122606,40306424,NA,NA,0.00021188
16,7,123592,40307410,NA,NA,0.000266342
16,7,124123,40307941,NA,NA,0.000242394
16,7,124561,40308379,NA,NA,0.000238535
16,7,125204,40309022,NA,NA,0.000400342
16,7,125221,40309039,NA,NA,0.00024662
16,7,125227,40309045,NA,NA,0.000603314
16,7,125235,40309053,NA,NA,0.000358332
16,7,125236,40309054,NA,NA,0.000260359
16,7,125259,40309077,NA,NA,0.000715349
16,7,125459,40309277,NA,NA,0.000257391
16,7,125461,40309279,NA,NA,0.000257391
16,7,125466,40309284,NA,NA,0.000251021
16,7,125469,40309287,NA,NA,0.000406914
16,7,125479,40309297,NA,NA,0.000442063
16,7,125480,40309298,NA,NA,0.00079652
16,7,125825,40309643,NA,NA,0.000204188
16,7,126338,40310156,NA,NA,0.000307849
16,7,126348,40310166,NA,NA,0.000352434
16,7,126355,40310173,NA,NA,0.000325238
16,7,126713,40310531,NA,NA,0.000334695
16,7,126731,40310549,NA,NA,0.000319026
16,7,126738,40310556,NA,NA,0.000392833
16,7,126760,40310578,NA,NA,0.00027385
16,7,126782,40310600,NA,NA,0.000260373
16,7,126795,40310613,NA,NA,0.000259729
16,7,127112,40310930,NA,NA,0.000244572
16,7,127115,40310933,NA,NA,0.000244572
16,7,127157,40310975,NA,NA,0.000237015
16,7,127163,40310981,NA,NA,0.000237015
16,7,127177,40310995,NA,NA,0.000237015
16,7,156726,40340544,NA,NA,0.000238461
16,7,156750,40340568,NA,NA,0.000292518
16,7,156751,40340569,NA,NA,0.000483857
16,7,156764,40340582,NA,NA,0.000717662
16,7,157335,40341153,NA,NA,0.000268109
16,7,159630,40343448,NA,NA,0.000395269
16,7,159675,40343493,NA,NA,0.000234563
16,7,159732,40343550,NA,NA,0.000221133
16,7,160356,40344174,NA,NA,0.000252152
16,7,162062,40345880,NA,NA,0.000635346
16,7,162081,40345899,NA,NA,0.000401277
16,7,162149,40345967,NA,NA,0.000334525
16,8,134514,40482185,NA,NA,0.000309228
16,9,651,40483550,NA,NA,0.000202399
16,9,4040,40486939,NA,NA,0.000442616
16,9,103094,40585993,NA,NA,0.000206948
16,9,104196,40587095,NA,NA,0.00031203
16,9,104237,40587136,NA,NA,0.000224903
16,9,104263,40587162,NA,NA,0.000211208
16,9,104271,40587170,NA,NA,0.00022531
16,9,104292,40587191,NA,NA,0.000276753
16,9,104294,40587193,NA,NA,0.000299629
16,9,104297,40587196,NA,NA,0.000241015
16,10,894,38107870,NA,NA,0.000257874
16,10,1022,38107998,NA,NA,0.000336069
16,10,1465,38108441,NA,NA,0.000215914
16,10,1526,38108502,NA,NA,0.00036066
16,10,1580,38108556,NA,NA,0.00036253
16,10,3376,38110352,NA,NA,0.000511829
16,10,3577,38110553,NA,NA,0.000514254
16,10,18287,38125263,NA,NA,0.000209654
16,11,5536,40607622,NA,NA,0.000318887
16,11,346736,40948822,NA,NA,0.00021872
16,11,415050,41017136,NA,NA,0.000221891
16,11,415051,41017137,NA,NA,0.000231854
16,11,920405,41522491,NA,NA,0.000486166
16,11,920495,41522581,NA,NA,0.000222084
1,0,203061,203061,NA,NA,-0.000283385
1,0,203503,203503,NA,NA,-0.000216385
1,0,203734,203734,NA,NA,-0.000307225
1,0,203787,203787,NA,NA,-0.000412695
1,0,203818,203818,NA,NA,-0.000325749
1,0,492887,492887,NA,NA,-0.000322046
1,0,492993,492993,NA,NA,-0.000279462
1,0,493109,493109,NA,NA,-0.00056763
1,0,1871619,1871619,NA,NA,-0.000250675
1,0,2428786,2428786,NA,NA,-0.000244233
1,0,2573629,2573629,NA,NA,-0.000326114
1,0,2574025,2574025,NA,NA,-0.000206934
1,0,2574433,2574433,NA,NA,-0.000211095
1,0,2574804,2574804,NA,NA,-0.000337784
1,0,2574987,2574987,NA,NA,-0.000387767
1,0,2575501,2575501,NA,NA,-0.000362291
1,0,2576796,2576796,NA,NA,-0.00040304
1,0,2577914,2577914,NA,NA,-0.000281533
1,0,2577965,2577965,NA,NA,-0.000499725
1,0,2579025,2579025,NA,NA,-0.000382675
1,0,2579036,2579036,NA,NA,-0.000285195
1,0,2579046,2579046,NA,NA,-0.000244671
1,0,2579055,2579055,NA,NA,-0.000429244
1,0,2579081,2579081,NA,NA,-0.000543359
1,0,2579108,2579108,NA,NA,-0.000260276
1,0,2579251,2579251,NA,NA,-0.000269381
1,0,2579459,2579459,NA,NA,-0.000399033
1,0,2579650,2579650,NA,NA,-0.000275122
1,0,2579686,2579686,NA,NA,-0.000210471
1,0,2580796,2580796,NA,NA,-0.000252812
1,0,2580808,2580808,NA,NA,-0.000250313
1,0,2582542,2582542,NA,NA,-0.000243444
1,0,2584827,2584827,NA,NA,-0.00079681
1,0,2584981,2584981,NA,NA,-0.000212079
1,0,2585009,2585009,NA,NA,-0.000261239
1,0,2585089,2585089,NA,NA,-0.000218859
1,0,2585092,2585092,NA,NA,-0.000282701
1,0,2585108,2585108,NA,NA,-0.000505564
1,0,2585346,2585346,NA,NA,-0.000220313
1,0,2585923,2585923,NA,NA,-0.000262702
1,0,3192133,3192133,NA,NA,-0.000268386
1,0,3194513,3194513,NA,NA,-0.000298695
1,0,3194522,3194522,NA,NA,-0.000236107
1,0,3210299,3210299,NA,NA,-0.00023124
1,0,3211047,3211047,NA,NA,-0.000661498
1,0,3213909,3213909,NA,NA,-0.000240145
1,1,138867,3353638,NA,NA,-0.000285552
1,1,139010,3353781,NA,NA,-0.000234932
1,1,139919,3354690,NA,NA,-0.000251168
1,1,140166,3354937,NA,NA,-0.000209322
1,1,140925,3355696,NA,NA,-0.000215985
2,0,741,3356509,NA,NA,-0.000210406
2,0,798,3356566,NA,NA,-0.000542943
2,0,801,3356569,NA,NA,-0.000272548
2,0,1184,3356952,NA,NA,-0.000279617
2,0,1787,3357555,NA,NA,-0.000345015
2,0,2766,3358534,NA,NA,-0.000213742
2,0,2798,3358566,NA,NA,-0.000385885
2,0,3563,3359331,NA,NA,-0.000318813
2,0,494221,3849989,NA,NA,-0.00040196
2,0,850965,4206733,NA,NA,-0.000220752
2,0,852900,4208668,NA,NA,-0.00020457
2,0,853178,4208946,NA,NA,-0.000304303
2,0,856200,4211968,NA,NA,-0.000398291
2,0,857889,4213657,NA,NA,-0.000549644
2,0,858455,4214223,NA,NA,-0.000219172
2,0,858473,4214241,NA,NA,-0.000335657
2,0,859065,4214833,NA,NA,-0.000366668
2,0,860608,4216376,NA,NA,-0.000204834
2,0,865886,4221654,NA,NA,-0.000346784
2,0,1092321,4448089,NA,NA,-0.000474892
2,0,1092607,4448375,NA,NA,-0.000286393
2,2,624691,5514183,NA,NA,-0.000264861
2,2,625235,5514727,NA,NA,-0.000260328
2,2,637981,5527473,NA,NA,-0.000211299
2,2,638834,5528326,NA,NA,-0.000265802
2,2,643406,5532898,NA,NA,-0.000278699
2,2,1152983,6042475,NA,NA,-0.000343862
2,3,916,6047741,NA,NA,-0.000242388
2,3,928,6047753,NA,NA,-0.00025078
2,3,3908,6050733,NA,NA,-0.000230185
2,3,9298,6056123,NA,NA,-0.000439298
2,3,14211,6061036,NA,NA,-0.000706172
2,3,14469,6061294,NA,NA,-0.000278035
2,3,15300,6062125,NA,NA,-0.000266123
2,3,16713,6063538,NA,NA,-0.00027479
2,3,16826,6063651,NA,NA,-0.00033731
2,3,18638,6065463,NA,NA,-0.000272416
2,4,161,6239239,NA,NA,-0.000283424
2,4,325,6239403,NA,NA,-0.000316997
2,4,796,6239874,NA,NA,-0.000233109
2,4,885,6239963,NA,NA,-0.000323995
2,4,897,6239975,NA,NA,-0.000208762
2,4,1076,6240154,NA,NA,-0.00023088
2,4,1156,6240234,NA,NA,-0.000213247
2,4,2381,6241459,NA,NA,-0.00043526
2,4,4118,6243196,NA,NA,-0.000282483
2,4,4257,6243335,NA,NA,-0.000391887
2,4,242705,6481783,NA,NA,-0.000262444
2,4,242786,6481864,NA,NA,-0.000247736
2,4,242828,6481906,NA,NA,-0.000245223
2,4,243301,6482379,NA,NA,-0.000894058
2,4,243307,6482385,NA,NA,-0.000502855
2,4,243320,6482398,NA,NA,-0.000212802
2,4,243331,6482409,NA,NA,-0.000322637
2,4,704474,6943552,NA,NA,-0.000435361
2,4,704532,6943610,NA,NA,-0.000336552
2,4,705256,6944334,NA,NA,-0.000278039
3,2,799964,9868640,NA,NA,-0.00023321
3,2,803937,9872613,NA,NA,-0.00040646
3,2,805242,9873918,NA,NA,-0.000252391
4,0,85133,10959887,NA,NA,-0.000275072
4,0,364118,11238872,NA,NA,-0.000366727
4,0,364456,11239210,NA,NA,-0.000543082
4,1,1512,11245201,NA,NA,-0.00026208
4,1,27020,11270709,NA,NA,-0.000221936
4,1,27689,11271378,NA,NA,-0.000254107
5,0,2084100,13355554,NA,NA,-0.000263781
5,0,2394466,13665920,NA,NA,-0.000474675
5,0,2394577,13666031,NA,NA,-0.000428255
5,0,2399017,13670471,NA,NA,-0.00020634
5,0,2399810,13671264,NA,NA,-0.00021322
5,0,2399872,13671326,NA,NA,-0.000396194
5,0,2399914,13671368,NA,NA,-0.000330646
5,0,2399919,13671373,NA,NA,-0.00064514
5,0,2402808,13674262,NA,NA,-0.000341499
5,0,2404013,13675467,NA,NA,-0.000312558
5,1,71497,13770110,NA,NA,-0.000368954
5,1,71502,13770115,NA,NA,-0.000340699
5,1,243417,13942030,NA,NA,-0.000257423
5,1,405828,14104441,NA,NA,-0.000233578
5,1,780729,14479342,NA,NA,-0.000276179
5,1,2210177,15908790,NA,NA,-0.000252359
5,1,2210229,15908842,NA,NA,-0.000309194
5,1,2214721,15913334,NA,NA,-0.000380696
6,0,840,15918302,NA,NA,-0.000238996
6,0,1224,15918686,NA,NA,-0.0002121
6,0,1390,15918852,NA,NA,-0.000222519
6,0,52505,15969967,NA,NA,-0.00042622
6,0,92668,16010130,NA,NA,-0.000219037
6,0,92701,16010163,NA,NA,-0.000330268
6,0,97150,16014612,NA,NA,-0.000233769
6,0,1490972,17408434,NA,NA,-0.000331004
6,1,10186,17821674,NA,NA,-0.000215903
6,1,12444,17823932,NA,NA,-0.000209817
6,1,25627,17837115,NA,NA,-0.000232898
6,1,26972,17838460,NA,NA,-0.000246768
6,2,518,17987569,NA,NA,-0.000272833
6,2,544,17987595,NA,NA,-0.000246833
6,2,708,17987759,NA,NA,-0.000566065
6,2,804,17987855,NA,NA,-0.000432738
6,2,1342,17988393,NA,NA,-0.000252815
6,2,1873,17988924,NA,NA,-0.000476446
6,2,2703,17989754,NA,NA,-0.000322317
6,2,15160,18002211,NA,NA,-0.00022977
6,2,113977,18101028,NA,NA,-0.000320846
6,2,116220,18103271,NA,NA,-0.000292584
6,2,116369,18103420,NA,NA,-0.000227546
6,2,118308,18105359,NA,NA,-0.000369773
6,2,119526,18106577,NA,NA,-0.000553998
6,3,666,18107431,NA,NA,-0.000260078
6,3,3845,18110610,NA,NA,-0.000234887
6,3,3968,18110733,NA,NA,-0.000269839
6,3,4887,18111652,NA,NA,-0.00034956
6,3,6138,18112903,NA,NA,-0.000419865
7,0,150,18493775,NA,NA,-0.000277976
7,0,2979,18496604,NA,NA,-0.000245318
7,1,472573,20107428,NA,NA,-0.000284517
7,2,641050,20759935,NA,NA,-0.000386929
8,0,4701,21579329,NA,NA,-0.000237765
8,0,5188,21579816,NA,NA,-0.000473337
8,0,11027,21585655,NA,NA,-0.000454609
8,0,11602,21586230,NA,NA,-0.000304208
8,0,11608,21586236,NA,NA,-0.000249855
8,0,11624,21586252,NA,NA,-0.000238747
8,0,15355,21589983,NA,NA,-0.00024289
8,0,15389,21590017,NA,NA,-0.000337785
8,0,15663,21590291,NA,NA,-0.000296284
8,0,16805,21591433,NA,NA,-0.000312109
8,0,16895,21591523,NA,NA,-0.000222355
8,0,17181,21591809,NA,NA,-0.000833545
8,0,17987,21592615,NA,NA,-0.000225543
8,0,18448,21593076,NA,NA,-0.000304446
8,0,18457,21593085,NA,NA,-0.000441742
8,0,18474,21593102,NA,NA,-0.00028315
8,1,292,21641634,NA,NA,-0.000218372
8,1,4371,21645713,NA,NA,-0.000322712
8,1,4381,21645723,NA,NA,-0.000322712
8,1,96020,21737362,NA,NA,-0.00020682
8,1,97927,21739269,NA,NA,-0.000205983
8,1,98979,21740321,NA,NA,-0.00034527
8,1,463428,22104770,NA,NA,-0.000210626
8,1,996082,22637424,NA,NA,-0.000337225
8,1,1000775,22642117,NA,NA,-0.000257035
8,1,1001164,22642506,NA,NA,-0.000297277
8,1,1001203,22642545,NA,NA,-0.000223319
8,1,1001568,22642910,NA,NA,-0.000299609
8,1,1008653,22649995,NA,NA,-0.000246201
8,2,4243,22655619,NA,NA,-0.000567661
8,2,4246,22655622,NA,NA,-0.000250557
8,2,4369,22655745,NA,NA,-0.000208471
8,2,4495,22655871,NA,NA,-0.000339672
8,2,4503,22655879,NA,NA,-0.000331804
8,2,150895,22802271,NA,NA,-0.000239842
8,2,151612,22802988,NA,NA,-0.000280679
8,2,222600,22873976,NA,NA,-0.000361437
8,2,223979,22875355,NA,NA,-0.00024495
8,2,565526,23216902,NA,NA,-0.000210927
8,2,565991,23217367,NA,NA,-0.000233007
8,2,568360,23219736,NA,NA,-0.000237613
8,2,568415,23219791,NA,NA,-0.000285059
8,2,568868,23220244,NA,NA,-0.000286428
8,2,569378,23220754,NA,NA,-0.000350004
8,2,569451,23220827,NA,NA,-0.000366743
8,2,570013,23221389,NA,NA,-0.000500732
8,2,570130,23221506,NA,NA,-0.000225758
8,2,573547,23224923,NA,NA,-0.000377038
8,2,575207,23226583,NA,NA,-0.000252501
8,2,575396,23226772,NA,NA,-0.000283153
8,2,575592,23226968,NA,NA,-0.000308644
8,2,575765,23227141,NA,NA,-0.000227099
8,2,578186,23229562,NA,NA,-0.000381308
8,2,578191,23229567,NA,NA,-0.000439235
8,2,578339,23229715,NA,NA,-0.000248401
8,2,578438,23229814,NA,NA,-0.000291261
9,1,523,23382617,NA,NA,-0.000259388
9,1,857,23382951,NA,NA,-0.000230993
9,1,985,23383079,NA,NA,-0.00022515
9,1,3987,23386081,NA,NA,-0.000244568
9,1,3995,23386089,NA,NA,-0.000255076
9,1,4443,23386537,NA,NA,-0.000205101
9,1,4490,23386584,NA,NA,-0.000427551
9,1,4511,23386605,NA,NA,-0.000280005
9,1,4529,23386623,NA,NA,-0.000321605
9,1,5166,23387260,NA,NA,-0.000210399
9,1,5167,23387261,NA,NA,-0.000224309
9,1,5202,23387296,NA,NA,-0.000391284
9,1,5217,23387311,NA,NA,-0.000831118
9,1,5220,23387314,NA,NA,-0.000203903
9,1,5227,23387321,NA,NA,-0.000318241
9,1,6963,23389057,NA,NA,-0.000224713
9,1,8114,23390208,NA,NA,-0.000235601
9,1,8165,23390259,NA,NA,-0.000447766
9,1,8687,23390781,NA,NA,-0.000298217
9,1,11123,23393217,NA,NA,-0.000211355
9,1,29020,23411114,NA,NA,-0.000235803
9,1,29372,23411466,NA,NA,-0.000245549
9,1,29729,23411823,NA,NA,-0.000223843
9,1,30144,23412238,NA,NA,-0.000221009
9,1,30240,23412334,NA,NA,-0.000235929
9,1,31187,23413281,NA,NA,-0.000378061
9,1,31926,23414020,NA,NA,-0.000224769
9,1,32881,23414975,NA,NA,-0.00026693
9,1,33069,23415163,NA,NA,-0.000475914
9,1,33724,23415818,NA,NA,-0.000243452
9,1,33795,23415889,NA,NA,-0.000217781
9,1,33989,23416083,NA,NA,-0.000384481
9,1,34179,23416273,NA,NA,-0.000357438
9,1,34302,23416396,NA,NA,-0.000298359
9,1,34744,23416838,NA,NA,-0.000286229
9,1,35091,23417185,NA,NA,-0.000254175
9,1,36348,23418442,NA,NA,-0.000269735
9,1,39436,23421530,NA,NA,-0.000476199
9,1,39905,23421999,NA,NA,-0.000213802
9,1,40055,23422149,NA,NA,-0.00032769
9,1,42464,23424558,NA,NA,-0.000494371
9,1,46622,23428716,NA,NA,-0.000291766
9,1,46943,23429037,NA,NA,-0.000236779
9,1,47096,23429190,NA,NA,-0.000283765
9,1,50168,23432262,NA,NA,-0.000315571
9,1,51333,23433427,NA,NA,-0.000259826
9,1,387590,23769684,NA,NA,-0.000209883
9,1,642065,24024159,NA,NA,-0.000205745
9,1,901709,24283803,NA,NA,-0.000521627
9,1,1635614,25017708,NA,NA,-0.000216353
9,1,1873738,25255832,NA,NA,-0.000230941
9,1,2076285,25458379,NA,NA,-0.000400648
9,1,2076312,25458406,NA,NA,-0.000259989
10,0,32543,25656426,NA,NA,-0.000255521
10,1,10107,25703765,NA,NA,-0.000504835
10,1,10570,25704228,NA,NA,-0.000374042
10,1,10903,25704561,NA,NA,-0.000260216
10,1,11937,25705595,NA,NA,-0.00041113
10,1,13520,25707178,NA,NA,-0.000213854
10,1,13552,25707210,NA,NA,-0.000372633
10,1,13604,25707262,NA,NA,-0.000389761
10,1,21974,25715632,NA,NA,-0.000387759
10,1,22019,25715677,NA,NA,-0.000288455
10,1,22030,25715688,NA,NA,-0.000317871
10,1,23109,25716767,NA,NA,-0.00032638
10,1,205605,25899263,NA,NA,-0.000217183
10,1,205887,25899545,NA,NA,-0.000216032
10,1,303556,25997214,NA,NA,-0.00028651
10,1,303562,25997220,NA,NA,-0.000317071
10,1,303574,25997232,NA,NA,-0.00028651
10,1,303576,25997234,NA,NA,-0.00028651
10,1,303591,25997249,NA,NA,-0.000221262
10,1,303595,25997253,NA,NA,-0.00028651
10,1,348921,26042579,NA,NA,-0.000204367
10,1,1355945,27049603,NA,NA,-0.000224752
10,1,1356004,27049662,NA,NA,-0.000291178
10,1,1356579,27050237,NA,NA,-0.000256661
10,1,1361665,27055323,NA,NA,-0.000332385
10,1,1361720,27055378,NA,NA,-0.000237622
10,1,1366050,27059708,NA,NA,-0.000374564
10,1,1366306,27059964,NA,NA,-0.000381421
10,1,1366885,27060543,NA,NA,-0.000282377
10,1,1368090,27061748,NA,NA,-0.000286198
10,1,1471821,27165479,NA,NA,-0.000218877
10,1,1471905,27165563,NA,NA,-0.000242559
10,1,1472357,27166015,NA,NA,-0.000252556
10,1,1474482,27168140,NA,NA,-0.000241753
10,1,2031744,27725402,NA,NA,-0.00020392
10,1,2033569,27727227,NA,NA,-0.000260124
10,1,2033570,27727228,NA,NA,-0.000226368
10,1,2036657,27730315,NA,NA,-0.000273679
10,1,2258848,27952506,NA,NA,-0.000207318
10,1,2259651,27953309,NA,NA,-0.000222833
10,1,2276904,27970562,NA,NA,-0.000278318
10,1,2277969,27971627,NA,NA,-0.000206122
10,1,2278146,27971804,NA,NA,-0.000261057
10,1,2278228,27971886,NA,NA,-0.000229894
10,1,2280290,27973948,NA,NA,-0.000239132
10,1,2281011,27974669,NA,NA,-0.000336636
10,1,2281898,27975556,NA,NA,-0.000354441
10,1,2281913,27975571,NA,NA,-0.000637218
10,1,2281920,27975578,NA,NA,-0.000330731
10,1,2282062,27975720,NA,NA,-0.000256655
10,1,2282078,27975736,NA,NA,-0.000372617
12,0,2356,29233466,NA,NA,-0.000248474
12,0,3780,29234890,NA,NA,-0.000331781
12,0,10903,29242013,NA,NA,-0.000228768
12,0,12453,29243563,NA,NA,-0.000853827
12,0,41574,29272684,NA,NA,-0.000212429
12,0,41600,29272710,NA,NA,-0.00025188
12,0,269585,29500695,NA,NA,-0.000229691
12,0,465399,29696509,NA,NA,-0.000216948
13,0,19827,31090380,NA,NA,-0.000394079
13,0,19873,31090426,NA,NA,-0.000294973
13,0,21010,31091563,NA,NA,-0.000230796
13,0,25349,31095902,NA,NA,-0.000244177
13,0,25471,31096024,NA,NA,-0.000217794
13,0,765417,31835970,NA,NA,-0.000266784
13,0,766049,31836602,NA,NA,-0.000393009
13,0,776760,31847313,NA,NA,-0.000297439
13,0,776861,31847414,NA,NA,-0.000221922
13,0,776886,31847439,NA,NA,-0.000457717
13,0,776923,31847476,NA,NA,-0.000731433
13,0,777205,31847758,NA,NA,-0.000242291
13,0,778067,31848620,NA,NA,-0.000204341
13,0,778092,31848645,NA,NA,-0.000215853
13,0,786905,31857458,NA,NA,-0.000228058
13,1,73,31857901,NA,NA,-0.000542369
13,1,76,31857904,NA,NA,-0.000225159
13,1,3030,31860858,NA,NA,-0.000224243
13,1,3054,31860882,NA,NA,-0.000306945
13,1,3325,31861153,NA,NA,-0.000288527
13,1,85991,31943819,NA,NA,-0.000246615
13,1,229614,32087442,NA,NA,-0.000244115
13,1,229800,32087628,NA,NA,-0.000300671
13,1,836381,32694209,NA,NA,-0.00020948
13,1,836415,32694243,NA,NA,-0.00024733
13,1,836416,32694244,NA,NA,-0.000255744
13,2,1019,32695696,NA,NA,-0.00032009
13,2,1750,32696427,NA,NA,-0.000261065
13,2,1825,32696502,NA,NA,-0.000278526
13,2,1827,32696504,NA,NA,-0.000334456
13,2,3859,32698536,NA,NA,-0.000263795
13,2,6662,32701339,NA,NA,-0.000237826
13,2,11051,32705728,NA,NA,-0.000500507
13,2,12537,32707214,NA,NA,-0.000324508
13,2,16437,32711114,NA,NA,-0.000317347
13,2,17042,32711719,NA,NA,-0.000204503
13,2,17293,32711970,NA,NA,-0.000239495
13,2,17363,32712040,NA,NA,-0.000399535
13,2,17503,32712180,NA,NA,-0.000471618
13,2,17525,32712202,NA,NA,-0.00024633
13,2,17768,32712445,NA,NA,-0.000611638
13,2,22196,32716873,NA,NA,-0.000323161
13,2,22263,32716940,NA,NA,-0.000235716
13,2,25771,32720448,NA,NA,-0.000211385
13,2,25787,32720464,NA,NA,-0.000318995
14,1,3892,33548856,NA,NA,-0.000497749
14,1,3902,33548866,NA,NA,-0.000320288
14,1,3917,33548881,NA,NA,-0.000321261
14,1,3936,33548900,NA,NA,-0.00026144
14,1,3948,33548912,NA,NA,-0.000257659
14,1,3949,33548913,NA,NA,-0.000365974
14,1,4422,33549386,NA,NA,-0.000216182
14,1,4452,33549416,NA,NA,-0.000287728
14,1,586339,34131303,NA,NA,-0.000425556
14,1,1320895,34865859,NA,NA,-0.000227987
14,1,1707785,35252749,NA,NA,-0.000233089
14,1,1707958,35252922,NA,NA,-0.000220374
14,2,263,35253293,NA,NA,-0.000263966
14,2,537,35253567,NA,NA,-0.000333056
14,2,905,35253935,NA,NA,-0.000271782
14,2,1008,35254038,NA,NA,-0.000568043
14,2,2319,35255349,NA,NA,-0.00027619
14,2,2378,35255408,NA,NA,-0.000994217
14,2,2605,35255635,NA,NA,-0.000209207
14,2,2716,35255746,NA,NA,-0.000234412
14,2,2741,35255771,NA,NA,-0.000294299
14,2,3116,35256146,NA,NA,-0.000255995
14,2,4098,35257128,NA,NA,-0.0002983
14,2,4369,35257399,NA,NA,-0.000249284
14,2,6410,35259440,NA,NA,-0.000519644
14,2,45020,35298050,NA,NA,-0.000322667
14,2,45647,35298677,NA,NA,-0.000267703
14,2,45677,35298707,NA,NA,-0.00042989
14,2,45820,35298850,NA,NA,-0.000270268
14,2,47232,35300262,NA,NA,-0.000209286
14,2,48259,35301289,NA,NA,-0.000446062
14,2,48671,35301701,NA,NA,-0.000250906
14,2,49717,35302747,NA,NA,-0.000211228
15,1,497,35421178,NA,NA,-0.000316225
15,1,1818,35422499,NA,NA,-0.000371142
15,1,1830,35422511,NA,NA,-0.000317051
15,1,126437,35547118,NA,NA,-0.000281729
15,1,276681,35697362,NA,NA,-0.000291512
15,2,140,35703598,NA,NA,-0.000216398
15,2,542,35704000,NA,NA,-0.000253317
15,3,19906,35781952,NA,NA,-0.000242682
15,3,20103,35782149,NA,NA,-0.000279769
15,3,26496,35788542,NA,NA,-0.00031807
15,3,30142,35792188,NA,NA,-0.00024093
15,3,30763,35792809,NA,NA,-0.000321201
15,3,31188,35793234,NA,NA,-0.00026992
15,4,11295,35804972,NA,NA,-0.000316319
15,4,21067,35814744,NA,NA,-0.000350427
15,4,21068,35814745,NA,NA,-0.000253012
15,4,21072,35814749,NA,NA,-0.000329963
15,4,21096,35814773,NA,NA,-0.000211338
15,4,24039,35817716,NA,NA,-0.000324432
15,4,24117,35817794,NA,NA,-0.000321827
15,4,24227,35817904,NA,NA,-0.000355157
15,4,26467,35820144,NA,NA,-0.000363995
15,4,103099,35896776,NA,NA,-0.00043984
16,0,87616,36447981,NA,NA,-0.000258158
16,0,148307,36508672,NA,NA,-0.000239597
16,0,351153,36711518,NA,NA,-0.000251652
16,1,863226,38970202,NA,NA,-0.000239758
16,1,895602,39002578,NA,NA,-0.000204203
16,2,17871,39123382,NA,NA,-0.000233003
16,3,93576,39334139,NA,NA,-0.000587587
16,3,93826,39334389,NA,NA,-0.000210422
16,5,3057,39857570,NA,NA,-0.00034602
16,5,96303,39950816,NA,NA,-0.000242525
16,5,97041,39951554,NA,NA,-0.000205561
16,5,97114,39951627,NA,NA,-0.000619512
16,5,98074,39952587,NA,NA,-0.000227595
16,5,98892,39953405,NA,NA,-0.000302762
16,5,99011,39953524,NA,NA,-0.000216005
16,6,23256,40142715,NA,NA,-0.000276453
16,6,24339,40143798,NA,NA,-0.000234076
16,7,13979,40197797,NA,NA,-0.000295897
16,7,19082,40202900,NA,NA,-0.000403558
16,7,19216,40203034,NA,NA,-0.00063482
16,7,156659,40340477,NA,NA,-0.000206445
16,7,157000,40340818,NA,NA,-0.000320212
16,7,157685,40341503,NA,NA,-0.000258268
16,7,157784,40341602,NA,NA,-0.000210301
16,7,158510,40342328,NA,NA,-0.000307264
16,7,159772,40343590,NA,NA,-0.000228236
16,7,159793,40343611,NA,NA,-0.000363716
16,7,159867,40343685,NA,NA,-0.000211763
16,7,160091,40343909,NA,NA,-0.000281785
16,7,161167,40344985,NA,NA,-0.000218986
16,7,162323,40346141,NA,NA,-0.000584904
16,7,162411,40346229,NA,NA,-0.000211094
16,9,3358,40486257,NA,NA,-0.000302827
16,9,101798,40584697,NA,NA,-0.000211709
16,10,12,38106988,NA,NA,-0.000207251
16,10,305,38107281,NA,NA,-0.000248448
16,10,1429,38108405,NA,NA,-0.00022307
16,10,1624,38108600,NA,NA,-0.000263218
16,10,1639,38108615,NA,NA,-0.000422507
16,10,2938,38109914,NA,NA,-0.000283484
