"","Chrom","Segment","Pos","Index","Effect.LA0410","Effect.LA0480","Effect.LA1589","Effect.LA1684","Effect.LA2093","Effect.LA2176","Effect.LA2706","Effect.LA3008","Effect.LA3475","Effect.LA4345","Effect.LA4355","PlantPhenos"
"1",7,0,718188,19213554,-0.0995610119862079,-0.0410890336811746,-0.0486422724844722,-0.0190304887484572,-0.009846537056154,-0.0333605170723939,-0.0458202698517517,NA,NA,-0.0161051893038302,NA,8
"2",3,0,40468,7190904,-0.0663169765810546,-0.0246867612902147,-0.0259205520755737,-0.0355198522240878,-0.0205507943590424,-0.0643128676868685,-0.0391287788563984,NA,NA,-0.0196521132880467,NA,8
"3",15,4,103100,35902083,-0.0629344457535586,-0.00424514723133467,-0.0054734559285129,-0.0546603522368935,-0.0140429837874445,-0.0163830885315931,-0.0240325543618304,NA,NA,-0.0049382308054477,NA,8
"4",5,1,1690701,15390439,-0.0623212198971559,-0.025571494620611,-0.0348212157041076,-0.0175112220525334,-0.0175168299778921,-0.0553663591788105,-0.0469815224874363,NA,NA,-0.0228390316410296,NA,8
"5",3,0,40423,7190859,-0.0569230020349079,-0.0323039157789638,-0.0338233376118317,-0.0393317917977776,-0.0207109024285406,-0.0533306250856827,-0.0410381895501513,NA,NA,-0.0179873612712325,NA,8
"6",5,0,1129011,12401590,0.0531947434223716,0.0249589465895788,0.041962708105136,0.0323356961872697,0.0141064452914219,0.0459022156364321,0.0374104065832547,NA,NA,0.0138849224512256,NA,8
"7",9,1,317414,23701691,0.0469763000296997,0.0318640358826562,0.0100487149978506,0.0516244911263586,0.0192332224950872,0.0593635146975589,0.0165853573108756,NA,NA,0.0140670065290192,NA,8
"8",1,0,3212245,3212245,-0.043646995097295,-0.0238176232990745,-0.00886762203472162,0.0167651461028387,0.00242139119841518,-0.0345802519984671,-0.00976605339631844,NA,NA,-0.0134658016721852,NA,8
"9",3,1,229711,7553242,0.041488940635974,-0.0204755806121437,-0.00657902864303069,-0.018550546160686,-0.00193183775755718,0.0213296548343152,0.0155150956063275,NA,NA,0.00355143852938839,NA,8
"10",6,0,1654738,17573325,-0.0386343188448597,-0.0164711273032979,-0.0151775302808877,-0.0408984291211551,-0.0139066162545755,-0.0433632217715122,-0.0195454185672124,NA,NA,-0.00885609523099909,NA,8
"11",3,0,40427,7190863,-0.0280611837109287,-0.0188064378147664,-0.0304083145423046,0.00472387539114348,-0.0119716425397585,-0.0167413404660841,-0.00951564811569617,NA,NA,-0.0111353604705975,NA,8
"12",3,1,810119,8133650,0.027270972367796,0.0351856092232308,0.0325586047983066,0.0385735513426857,0.0105516951001346,0.0403921476248492,0.0290433341433396,NA,NA,0.0188355451813042,NA,8
"13",6,0,1216360,17134947,0.0181686827421092,0.00903054400578448,-0.00274788248212087,0.0127027761231506,0.00923355931424483,0.00650182363814213,0.0274130687780136,NA,NA,-0.00395326044195237,NA,8
"14",3,0,41828,7192264,-0.0131936098586934,-0.0243880403253147,-0.0303961451489156,-0.0238707508397677,-0.0172228169478658,-0.0367939564601739,-0.0233252539410743,NA,NA,-0.0287195915146047,NA,8
"15",16,3,81601,39327470,0.0091583643126952,0.0117951244604397,0.0336209718904755,0.0298284260174235,0.018306074585356,0.0375091134030259,0.0274467617684224,NA,NA,0.012845090282526,NA,8
"16",10,1,353268,26049109,0.00755094340101856,-0.0232758708195922,-0.00214885216434976,-0.0075345070438133,NA,-0.00868211603205043,-0.0131262355632479,NA,NA,-0.0136612929046718,NA,7
"17",5,1,1690860,15390598,-0.00734665685639518,-0.0181016577660519,-0.0388248970276949,-0.0514905237110238,-0.0114604038105324,-0.0362855126088508,-0.0219197074672275,NA,NA,-0.00588844419111636,NA,8
"18",10,1,1362814,27058655,-0.00238802698283858,NA,NA,NA,NA,NA,NA,NA,NA,NA,NA,1
"19",8,0,413,21577178,-0.00188636643327414,NA,NA,NA,NA,NA,NA,NA,NA,NA,NA,1
"20",14,2,5556,35263476,-0.00176321716076247,NA,NA,NA,NA,NA,NA,NA,NA,NA,NA,1
"21",8,2,568953,23222512,-0.00166063217097066,NA,NA,NA,NA,NA,NA,NA,NA,-0.000900865266139684,NA,2
"22",16,8,130864,40485124,-0.001613412871725,NA,NA,NA,NA,NA,NA,NA,NA,NA,NA,1
"23",2,0,865955,4221723,0.00160833243379318,NA,NA,NA,NA,NA,NA,NA,NA,NA,NA,1
"24",9,1,30223,23414500,0.00159019737026602,NA,NA,NA,NA,NA,NA,NA,NA,NA,NA,1
"25",13,1,1216,31862553,0.00156080613775397,NA,NA,NA,NA,NA,NA,NA,NA,NA,NA,1
"26",1,0,2585805,2585805,0.00150976800064872,NA,NA,NA,NA,NA,NA,NA,NA,NA,NA,1
"27",2,2,625467,5514959,0.00148914482157706,NA,NA,NA,NA,NA,NA,NA,NA,NA,NA,1
"28",16,7,17426,40207766,0.00144955813476728,NA,NA,NA,NA,NA,NA,NA,NA,NA,NA,1
"29",16,10,1625,38113907,0.00142427043379992,NA,NA,NA,NA,NA,NA,NA,NA,NA,NA,1
"30",8,0,11339,21588104,-0.00140686538882976,NA,NA,NA,NA,NA,NA,NA,NA,NA,NA,1
"31",13,2,16381,32714567,0.00136834930216059,NA,NA,NA,NA,NA,NA,NA,NA,NA,NA,1
"32",13,2,974,32699160,0.00134924106049324,NA,NA,NA,NA,NA,NA,NA,NA,NA,NA,1
"33",5,1,57029,13756767,0.0013278362245577,NA,NA,NA,NA,NA,NA,NA,NA,NA,NA,1
"34",9,1,1839731,25224008,0.00132267412435458,0.00148345160965663,NA,NA,NA,NA,NA,NA,NA,NA,NA,2
"35",1,0,2577597,2577597,0.0013219304702549,NA,NA,NA,NA,NA,NA,NA,NA,NA,NA,1
"36",5,1,2213725,15913463,-0.00127302713661746,NA,NA,NA,NA,NA,NA,NA,NA,NA,NA,1
"37",15,1,275244,35700815,0.00126681077192925,NA,NA,NA,NA,NA,NA,NA,NA,NA,NA,1
"38",13,2,3667,32701853,0.00126537066446863,NA,NA,NA,NA,NA,NA,NA,NA,NA,NA,1
"39",16,8,134624,40488884,0.00125254867987955,NA,NA,NA,NA,NA,NA,NA,NA,NA,NA,1
"40",6,3,3804,18111694,0.00124787751563175,NA,NA,NA,NA,NA,NA,NA,NA,NA,NA,1
"41",13,0,777265,31851225,-0.00124608228215435,NA,NA,NA,NA,NA,NA,NA,NA,NA,NA,1
"42",9,1,34301,23418578,0.00124451324617069,NA,NA,NA,NA,NA,NA,NA,NA,NA,NA,1
"43",10,1,1361815,27057656,-0.00124029282616663,NA,NA,NA,NA,NA,NA,NA,NA,NA,NA,1
"44",9,1,2076326,25460603,0.00123841630275935,NA,NA,NA,NA,NA,NA,NA,NA,NA,NA,1
"45",13,2,3664,32701850,0.00123470600990862,NA,NA,NA,NA,NA,NA,NA,NA,NA,NA,1
"46",8,2,569150,23222709,-0.00122166831148731,NA,NA,NA,NA,NA,NA,NA,NA,NA,NA,1
"47",14,2,45432,35303352,0.00121689357889956,NA,NA,NA,NA,NA,NA,NA,NA,NA,NA,1
"48",2,3,16116,6062941,-0.00121553834910831,NA,NA,NA,NA,NA,NA,NA,NA,NA,NA,1
"49",13,0,777267,31851227,-0.00118956980692608,NA,NA,NA,NA,NA,NA,NA,NA,NA,NA,1
"50",5,0,2401682,13674261,-0.00118116439051789,NA,NA,NA,NA,NA,NA,NA,NA,NA,NA,1
"68",2,0,853732,4209500,NA,0.00278645887743425,NA,NA,NA,NA,NA,NA,NA,NA,NA,1
"69",14,2,49314,35307234,NA,-0.00271973845256678,NA,NA,NA,NA,-0.00201618680673324,NA,NA,NA,NA,2
"70",8,2,151748,22805307,NA,-0.00250490686672592,NA,NA,NA,NA,-0.00122524066278015,NA,NA,NA,NA,2
"71",1,0,2577122,2577122,NA,-0.00198585514322979,NA,NA,NA,NA,NA,NA,NA,NA,NA,1
"72",9,1,42044,23426321,NA,-0.00188053987979999,NA,NA,NA,NA,NA,NA,NA,NA,NA,1
"73",13,0,19524,31093484,NA,-0.00183346903426496,NA,NA,NA,NA,NA,NA,NA,NA,NA,1
"74",5,0,2394595,13667174,NA,0.00182666178663374,NA,NA,NA,NA,NA,NA,NA,NA,NA,1
"75",10,0,37205,25663271,NA,-0.00177101253007121,NA,NA,NA,NA,NA,NA,NA,NA,NA,1
"76",13,0,19518,31093478,NA,-0.00172342846891752,NA,NA,NA,NA,NA,NA,NA,NA,NA,1
"77",8,2,146245,22799804,NA,0.00166083773007301,NA,NA,NA,NA,NA,NA,NA,NA,NA,1
"78",9,1,1839717,25223994,NA,0.00160170057550972,0.00136888452394687,NA,0.00139037075204946,NA,0.00262950071532829,NA,NA,NA,NA,4
"79",16,0,148306,36513977,NA,0.00157524075250957,NA,NA,NA,NA,NA,NA,NA,NA,NA,1
"80",10,1,11234,25707075,NA,0.00155035849034937,NA,NA,NA,NA,NA,NA,NA,NA,NA,1
"81",16,3,40496,39286365,NA,-0.00154111205173628,NA,NA,-0.00097185558288258,NA,NA,NA,NA,NA,NA,2
"82",10,1,2036308,27732149,NA,-0.00153888650259649,NA,NA,NA,NA,NA,NA,NA,NA,NA,1
"83",13,0,776895,31850855,NA,0.00148398727764476,NA,NA,NA,NA,NA,NA,NA,NA,NA,1
"85",10,1,2276072,27971913,NA,-0.00145019347160563,-0.00160684979510015,NA,NA,NA,NA,NA,NA,NA,NA,2
"86",1,0,2574612,2574612,NA,-0.00144127369356865,NA,NA,NA,NA,NA,NA,NA,NA,NA,1
"87",13,0,25436,31099396,NA,0.00142728380609879,NA,NA,NA,NA,NA,NA,NA,NA,NA,1
"88",14,2,49687,35307607,NA,-0.00138551441626421,NA,NA,NA,NA,NA,NA,NA,NA,NA,1
"89",5,0,563546,11836125,NA,0.00135984333706858,NA,NA,NA,NA,NA,NA,NA,NA,NA,1
"90",14,1,3879,33553482,NA,0.00135215245663287,NA,NA,NA,NA,NA,NA,NA,NA,NA,1
"91",8,1,998728,22642207,NA,-0.00134656556541855,NA,NA,-0.00133463839424564,NA,NA,NA,NA,NA,NA,2
"92",10,1,2033303,27729144,NA,-0.00134395062905958,NA,NA,NA,NA,NA,NA,NA,NA,NA,1
"93",9,1,172765,23557042,NA,0.00132608301536554,NA,NA,NA,NA,NA,NA,NA,NA,NA,1
"94",16,10,4238,38116520,NA,0.00132600256951884,NA,NA,NA,NA,0.00123005277019683,NA,NA,NA,NA,2
"95",1,0,2577066,2577066,NA,-0.00132386986838204,NA,NA,NA,NA,NA,NA,NA,NA,NA,1
"96",9,1,1839714,25223991,NA,0.00131319374794036,NA,NA,NA,NA,0.00166992487425565,NA,NA,NA,NA,2
"97",1,0,2585698,2585698,NA,-0.00130633700878853,NA,NA,NA,NA,NA,NA,NA,NA,NA,1
"98",13,0,20359,31094319,NA,0.00129423203319026,NA,NA,NA,NA,NA,NA,NA,NA,NA,1
"99",16,10,1429,38113711,NA,0.00128528319527919,NA,NA,NA,NA,NA,NA,NA,NA,NA,1
"100",10,1,1367895,27063736,NA,0.00128407333693271,NA,NA,NA,NA,NA,NA,NA,NA,NA,1
"116",8,2,571715,23225274,NA,NA,0.00277880209350786,NA,NA,NA,NA,NA,NA,NA,NA,1
"118",10,1,2276637,27972478,NA,NA,0.00264867299566855,NA,NA,NA,NA,NA,NA,NA,NA,1
"120",10,1,2282410,27978251,NA,NA,-0.00211440762301056,NA,NA,NA,NA,NA,NA,NA,NA,1
"121",16,7,19308,40209648,NA,NA,0.00208868722331559,NA,NA,NA,NA,NA,NA,NA,NA,1
"122",10,1,2032376,27728217,NA,NA,0.00205587675082018,NA,NA,NA,NA,NA,NA,NA,NA,1
"123",1,0,2576367,2576367,NA,NA,-0.00202572025446739,NA,NA,NA,NA,NA,NA,NA,NA,1
"124",16,7,157756,40348096,NA,NA,-0.00189308240687054,NA,NA,NA,NA,NA,NA,NA,NA,1
"125",13,2,10199,32708385,NA,NA,0.00188247780768885,NA,NA,NA,NA,NA,NA,NA,NA,1
"126",1,0,2576637,2576637,NA,NA,0.00181627610904724,NA,NA,NA,0.00192947978722214,NA,NA,NA,NA,2
"127",2,2,625487,5514979,NA,NA,0.00180926941389687,NA,NA,NA,NA,NA,NA,NA,NA,1
"128",16,1,864094,38976376,NA,NA,0.00179141131366999,NA,NA,NA,NA,NA,NA,NA,NA,1
"129",10,1,15363,25711204,NA,NA,-0.00176597813720633,NA,NA,NA,NA,NA,NA,NA,NA,1
"130",1,0,2578380,2578380,NA,NA,0.00176250041146822,NA,NA,NA,NA,NA,NA,NA,NA,1
"131",5,1,2207392,15907130,NA,NA,-0.00168387189086244,NA,NA,NA,NA,NA,NA,NA,NA,1
"132",13,2,10229,32708415,NA,NA,0.00164257264454057,NA,NA,NA,NA,NA,NA,NA,NA,1
"133",13,2,10214,32708400,NA,NA,0.0016343299441016,NA,NA,NA,NA,NA,NA,NA,NA,1
"134",5,1,2207377,15907115,NA,NA,-0.00161560744071862,NA,NA,NA,NA,NA,NA,NA,NA,1
"136",13,1,262757,32124094,NA,NA,0.00158598678144741,NA,NA,NA,NA,NA,NA,NA,NA,1
"137",1,0,2575167,2575167,NA,NA,-0.00156735430005839,NA,NA,NA,NA,NA,NA,NA,NA,1
"138",16,7,16293,40206633,NA,NA,-0.0014447778321661,NA,NA,NA,NA,NA,NA,NA,NA,1
"139",14,2,5766,35263686,NA,NA,-0.00141050026062985,NA,NA,NA,NA,NA,NA,NA,NA,1
"140",2,4,844,6239956,NA,NA,0.00137454893863541,NA,NA,NA,NA,NA,NA,NA,NA,1
"142",15,3,19277,35786629,NA,NA,0.00135840370321808,NA,NA,NA,NA,NA,NA,NA,NA,1
"143",15,4,21285,35820268,NA,NA,0.00133253625900241,NA,NA,NA,NA,NA,NA,NA,NA,1
"144",5,1,2209027,15908765,NA,NA,-0.00132470199830761,NA,NA,NA,NA,NA,NA,NA,NA,1
"145",8,2,152950,22806509,NA,NA,-0.00131774268187792,NA,NA,NA,NA,NA,NA,NA,NA,1
"146",2,2,641956,5531448,NA,NA,-0.00129362543665423,NA,NA,NA,NA,NA,NA,NA,NA,1
"147",9,1,39539,23423816,NA,NA,-0.00125114549492293,NA,NA,NA,NA,NA,NA,NA,NA,1
"148",10,1,2281094,27976935,NA,NA,-0.00124029564946797,NA,NA,NA,NA,NA,NA,NA,NA,1
"149",13,2,1641,32699827,NA,NA,0.0012351488134787,NA,NA,NA,NA,NA,NA,NA,NA,1
"150",16,9,103367,40593170,NA,NA,0.00122981994461921,NA,NA,NA,NA,NA,NA,NA,NA,1
"168",2,4,894,6240006,NA,NA,NA,0.00161208108292357,NA,NA,NA,NA,NA,NA,NA,1
"169",2,3,15425,6062250,NA,NA,NA,0.0015575932910862,NA,NA,NA,NA,NA,NA,NA,1
"170",13,2,17656,32715842,NA,NA,NA,0.0015190137581039,NA,NA,NA,NA,NA,0.0010237173262986,NA,2
"171",15,4,20403,35819386,NA,NA,NA,0.00147605066126702,NA,NA,NA,NA,NA,NA,NA,1
"172",9,1,961,23385238,NA,NA,NA,0.00146743924974111,NA,NA,NA,NA,NA,NA,NA,1
"173",2,4,895,6240007,NA,NA,NA,0.00146393507033665,NA,NA,NA,NA,NA,NA,NA,1
"174",10,1,2278146,27973987,NA,NA,NA,0.00146042619591164,NA,NA,NA,NA,NA,NA,NA,1
"175",10,1,9623,25705464,NA,NA,NA,0.00142282652427773,NA,NA,NA,NA,NA,NA,NA,1
"176",2,0,787,3356555,NA,NA,NA,0.00135739093630319,NA,NA,NA,NA,NA,NA,NA,1
"177",9,1,4092,23388369,NA,NA,NA,0.00135655328159336,NA,NA,NA,NA,NA,NA,NA,1
"178",10,1,2276588,27972429,NA,NA,NA,0.00132633426683613,NA,NA,NA,NA,NA,NA,NA,1
"179",8,1,99861,21743340,NA,NA,NA,-0.00131894599644733,NA,NA,NA,NA,NA,NA,NA,1
"180",2,0,862324,4218092,NA,NA,NA,-0.00131819417705615,NA,NA,NA,NA,NA,NA,NA,1
"181",8,1,98045,21741524,NA,NA,NA,-0.00130499793914497,NA,NA,NA,NA,NA,NA,NA,1
"182",8,2,181329,22834888,NA,NA,NA,-0.00130492134407502,NA,NA,NA,NA,NA,NA,NA,1
"183",10,1,2280670,27976511,NA,NA,NA,0.00129307622986822,NA,NA,NA,NA,NA,NA,NA,1
"184",10,1,322757,26018598,NA,NA,NA,0.00128967374503872,NA,NA,NA,NA,NA,NA,NA,1
"185",13,2,3063,32701249,NA,NA,NA,-0.00128345028361157,NA,NA,NA,NA,NA,NA,NA,1
"186",2,0,768,3356536,NA,NA,NA,0.00126405526243932,NA,NA,NA,NA,NA,NA,NA,1
"187",13,2,8203,32706389,NA,NA,NA,-0.00126313939817148,NA,NA,NA,NA,NA,NA,NA,1
"188",8,1,96169,21739648,NA,NA,NA,-0.00125771849993831,NA,NA,NA,NA,NA,NA,NA,1
"189",10,1,1362061,27057902,NA,NA,NA,-0.00125155126294676,NA,NA,NA,NA,NA,NA,NA,1
"190",11,0,546316,28528728,NA,NA,NA,-0.00124572449144727,NA,NA,NA,NA,NA,NA,NA,1
"191",1,1,139919,3354690,NA,NA,NA,0.00123524913283484,NA,NA,NA,NA,NA,NA,NA,1
"192",9,1,34092,23418369,NA,NA,NA,-0.00123017843088886,NA,NA,NA,NA,NA,NA,NA,1
"193",2,4,706035,6945147,NA,NA,NA,0.00122137935882943,NA,NA,NA,NA,NA,NA,NA,1
"194",16,7,157685,40348025,NA,NA,NA,0.00121028342821574,NA,NA,NA,NA,NA,NA,NA,1
"195",14,0,5684,32760182,NA,NA,NA,-0.00120697049524748,NA,NA,NA,NA,NA,NA,NA,1
"196",16,10,2836,38115118,NA,NA,NA,-0.00120097333446844,NA,NA,NA,NA,NA,NA,NA,1
"197",2,0,1144,3356912,NA,NA,NA,0.00119797278038435,NA,NA,NA,NA,NA,NA,NA,1
"198",1,0,2576809,2576809,NA,NA,NA,0.00119594398330915,NA,NA,NA,NA,NA,NA,NA,1
"199",13,2,10813,32708999,NA,NA,NA,-0.0011777322035652,NA,NA,NA,NA,NA,NA,NA,1
"200",5,1,2214749,15914487,NA,NA,NA,0.00115616349710801,NA,NA,NA,NA,NA,NA,NA,1
"217",12,0,5084,29239115,NA,NA,NA,NA,-0.00159547238016694,NA,NA,NA,NA,NA,NA,1
"218",5,1,2211932,15911670,NA,NA,NA,NA,-0.00144963810680094,NA,NA,NA,NA,NA,NA,1
"220",8,1,98369,21741848,NA,NA,NA,NA,-0.00137922487038256,NA,NA,NA,NA,NA,NA,1
"221",1,0,2586004,2586004,NA,NA,NA,NA,-0.0013708401654635,NA,NA,NA,NA,NA,NA,1
"222",13,2,9113,32707299,NA,NA,NA,NA,-0.00134666534323949,NA,NA,NA,NA,NA,NA,1
"224",2,5,202773,7148783,NA,NA,NA,NA,-0.00130926826487792,NA,NA,NA,NA,NA,NA,1
"225",6,1,250,17812863,NA,NA,NA,NA,-0.00126873838148177,NA,NA,NA,NA,NA,NA,1
"226",8,1,98299,21741778,NA,NA,NA,NA,-0.00126317328813974,NA,NA,NA,NA,NA,NA,1
"227",9,1,40033,23424310,NA,NA,NA,NA,-0.00122187189047434,NA,NA,NA,NA,NA,NA,1
"228",8,2,4516,22658075,NA,NA,NA,NA,0.00119882192064518,NA,NA,NA,NA,NA,NA,1
"229",5,0,2400319,13672898,NA,NA,NA,NA,-0.00110743057937925,NA,NA,NA,NA,NA,NA,1
"230",16,7,162438,40352778,NA,NA,NA,NA,0.00104331617359536,NA,NA,NA,NA,NA,NA,1
"231",8,1,999460,22642939,NA,NA,NA,NA,-0.00100949887812899,NA,NA,NA,NA,NA,NA,1
"232",13,2,8815,32707001,NA,NA,NA,NA,-0.00100453341621886,NA,NA,NA,NA,NA,NA,1
"233",16,9,101632,40591435,NA,NA,NA,NA,-0.000995850197992073,NA,NA,NA,NA,NA,NA,1
"235",2,0,860989,4216757,NA,NA,NA,NA,0.00096781823050962,NA,NA,NA,NA,NA,NA,1
"236",10,1,2036282,27732123,NA,NA,NA,NA,0.000957052683233711,NA,NA,NA,NA,NA,NA,1
"237",2,4,1916,6241028,NA,NA,NA,NA,0.000933940000954045,NA,NA,NA,NA,NA,NA,1
"238",16,7,156802,40347142,NA,NA,NA,NA,0.000920875028210391,NA,NA,NA,NA,NA,NA,1
"239",2,3,4213,6051038,NA,NA,NA,NA,-0.000906539234886272,NA,NA,NA,NA,NA,NA,1
"240",16,7,158717,40349057,NA,NA,NA,NA,-0.000904046370277693,NA,NA,NA,NA,NA,NA,1
"241",14,2,47803,35305723,NA,NA,NA,NA,-0.000900411371969755,NA,NA,NA,NA,NA,NA,1
"242",10,1,2278973,27974814,NA,NA,NA,NA,-0.000895446121456718,NA,NA,NA,NA,NA,NA,1
"243",13,2,6636,32704822,NA,NA,NA,NA,0.00089092279758347,NA,NA,NA,NA,NA,NA,1
"244",5,1,1133190,14832928,NA,NA,NA,NA,0.000882544809694576,NA,NA,NA,NA,NA,NA,1
"245",5,1,2208038,15907776,NA,NA,NA,NA,-0.000880040814322379,NA,NA,NA,NA,NA,NA,1
"246",13,2,9005,32707191,NA,NA,NA,NA,-0.000875393183324822,NA,NA,NA,NA,NA,NA,1
"247",6,0,137010,16055597,NA,NA,NA,NA,0.000863725455554202,NA,NA,NA,NA,NA,NA,1
"248",1,0,2577314,2577314,NA,NA,NA,NA,-0.000854889579163042,NA,NA,NA,NA,NA,NA,1
"249",16,3,40477,39286346,NA,NA,NA,NA,-0.000845233534034359,NA,NA,NA,NA,NA,NA,1
"250",9,1,32723,23417000,NA,NA,NA,NA,-0.000844543846927538,NA,NA,NA,NA,NA,NA,1
"268",6,1,131398,17944011,NA,NA,NA,NA,NA,-0.00206724560390563,NA,NA,NA,NA,NA,1
"269",8,2,576028,23229587,NA,NA,NA,NA,NA,0.0019383476638414,NA,NA,NA,NA,NA,1
"270",10,1,1361695,27057536,NA,NA,NA,NA,NA,0.00191128867555432,NA,NA,NA,NA,NA,1
"271",2,0,857978,4213746,NA,NA,NA,NA,NA,-0.00190064002759401,NA,NA,NA,NA,NA,1
"272",15,1,277081,35702652,NA,NA,NA,NA,NA,0.00186006982564057,NA,NA,NA,NA,NA,1
"273",5,1,2214740,15914478,NA,NA,NA,NA,NA,0.00185445900224066,NA,NA,NA,NA,NA,1
"274",10,1,2276647,27972488,NA,NA,NA,NA,NA,0.00180804974899216,NA,NA,NA,NA,NA,1
"275",10,1,2279697,27975538,NA,NA,NA,NA,NA,-0.00177455911921311,-0.00129448458307301,NA,NA,NA,NA,2
"276",9,1,40012,23424289,NA,NA,NA,NA,NA,-0.00168436462555505,NA,NA,NA,NA,NA,1
"277",1,0,203566,203566,NA,NA,NA,NA,NA,0.00166675199307839,NA,NA,NA,NA,NA,1
"278",13,2,22196,32720382,NA,NA,NA,NA,NA,0.00165900150283513,NA,NA,NA,NA,NA,1
"279",9,1,43393,23427670,NA,NA,NA,NA,NA,0.00161742797088046,NA,NA,NA,NA,NA,1
"280",9,1,10232,23394509,NA,NA,NA,NA,NA,0.00159033064679238,NA,NA,NA,NA,NA,1
"281",9,1,30080,23414357,NA,NA,NA,NA,NA,0.00158536353359049,NA,NA,NA,NA,NA,1
"282",2,3,17029,6063854,NA,NA,NA,NA,NA,0.00156591871624,NA,NA,NA,NA,NA,1
"283",16,7,158260,40348600,NA,NA,NA,NA,NA,0.0015403143501176,NA,NA,NA,NA,NA,1
"284",10,1,2275156,27970997,NA,NA,NA,NA,NA,-0.00150483223584328,NA,NA,NA,NA,NA,1
"285",13,2,22193,32720379,NA,NA,NA,NA,NA,0.00138409874748432,NA,NA,NA,NA,NA,1
"286",2,0,3563,3359331,NA,NA,NA,NA,NA,0.00137270629385152,NA,NA,NA,NA,NA,1
"287",1,0,2576640,2576640,NA,NA,NA,NA,NA,0.00134310631566054,NA,NA,NA,NA,NA,1
"288",1,0,2586858,2586858,NA,NA,NA,NA,NA,-0.0013329249341441,NA,NA,NA,NA,NA,1
"289",1,0,2573692,2573692,NA,NA,NA,NA,NA,-0.00132766710244884,NA,NA,NA,NA,NA,1
"290",1,0,3195306,3195306,NA,NA,NA,NA,NA,0.00131939988498619,NA,NA,NA,NA,NA,1
"291",6,3,4750,18112640,NA,NA,NA,NA,NA,0.00131930540318854,NA,NA,NA,NA,NA,1
"292",10,1,23119,25718960,NA,NA,NA,NA,NA,0.0013105533740507,NA,NA,NA,NA,NA,1
"293",16,8,134741,40489001,NA,NA,NA,NA,NA,0.00130925666763106,NA,NA,NA,NA,NA,1
"294",10,1,2281232,27977073,NA,NA,NA,NA,NA,-0.00129835996948611,NA,NA,NA,NA,NA,1
"295",8,2,151053,22804612,NA,NA,NA,NA,NA,-0.00129579346851726,NA,NA,NA,NA,NA,1
"296",2,1,418691,4871392,NA,NA,NA,NA,NA,-0.00128442712253231,NA,NA,NA,NA,NA,1
"297",3,2,1665,9071424,NA,NA,NA,NA,NA,-0.00128384547620741,NA,NA,NA,NA,NA,1
"298",1,0,2578484,2578484,NA,NA,NA,NA,NA,0.00127626264777429,NA,NA,NA,NA,NA,1
"299",16,5,96396,39957431,NA,NA,NA,NA,NA,0.00127417239641874,NA,NA,NA,NA,NA,1
"300",10,1,1361648,27057489,NA,NA,NA,NA,NA,0.00127068147079799,NA,NA,NA,NA,NA,1
"318",16,7,161534,40351874,NA,NA,NA,NA,NA,NA,0.00300353140636973,NA,NA,NA,NA,1
"319",10,1,2276629,27972470,NA,NA,NA,NA,NA,NA,0.00292269661566736,NA,NA,NA,NA,1
"321",16,10,2868,38115150,NA,NA,NA,NA,NA,NA,0.00240395533419526,NA,NA,NA,NA,1
"322",5,0,2400757,13673336,NA,NA,NA,NA,NA,NA,-0.00217220271038578,NA,NA,NA,NA,1
"325",10,1,2280193,27976034,NA,NA,NA,NA,NA,NA,0.00181425608537379,NA,NA,NA,NA,1
"326",16,10,2872,38115154,NA,NA,NA,NA,NA,NA,0.00176135182401307,NA,NA,NA,NA,1
"328",2,4,3213,6242325,NA,NA,NA,NA,NA,NA,0.0015987748966991,NA,NA,NA,NA,1
"329",2,2,624987,5514479,NA,NA,NA,NA,NA,NA,0.00150667776018103,NA,NA,NA,NA,1
"330",6,2,16124,18004300,NA,NA,NA,NA,NA,NA,0.00149580247469688,NA,NA,NA,NA,1
"331",3,1,102181,7425712,NA,NA,NA,NA,NA,NA,-0.00148654163504456,NA,NA,NA,NA,1
"332",6,3,2802,18110692,NA,NA,NA,NA,NA,NA,-0.0014690537483551,NA,NA,NA,NA,1
"333",13,0,318977,31392937,NA,NA,NA,NA,NA,NA,0.00146819294147751,NA,NA,NA,NA,1
"334",1,0,2577546,2577546,NA,NA,NA,NA,NA,NA,0.00145334840546408,NA,NA,NA,NA,1
"335",9,1,33584,23417861,NA,NA,NA,NA,NA,NA,0.00143803799927955,NA,NA,NA,NA,1
"336",16,7,16431,40206771,NA,NA,NA,NA,NA,NA,-0.00139895168706611,NA,NA,NA,NA,1
"337",16,7,161588,40351928,NA,NA,NA,NA,NA,NA,0.00135389143804667,NA,NA,NA,NA,1
"338",15,4,24422,35823405,NA,NA,NA,NA,NA,NA,-0.00134205663138315,NA,NA,NA,NA,1
"339",5,1,2214098,15913836,NA,NA,NA,NA,NA,NA,-0.00130790007724588,NA,NA,NA,NA,1
"340",5,1,2214097,15913835,NA,NA,NA,NA,NA,NA,-0.00129475872780327,NA,NA,NA,NA,1
"342",8,2,149388,22802947,NA,NA,NA,NA,NA,NA,0.00128985894308628,NA,NA,NA,NA,1
"343",5,0,563590,11836169,NA,NA,NA,NA,NA,NA,0.00128880068448803,NA,NA,NA,NA,1
"344",9,1,40734,23425011,NA,NA,NA,NA,NA,NA,-0.00127039467530065,NA,NA,NA,NA,1
"346",8,2,182174,22835733,NA,NA,NA,NA,NA,NA,0.00122753642878462,NA,NA,NA,NA,1
"348",16,7,161528,40351868,NA,NA,NA,NA,NA,NA,0.00122095090694833,NA,NA,NA,NA,1
"349",3,1,102182,7425713,NA,NA,NA,NA,NA,NA,0.00121061332583642,NA,NA,NA,NA,1
"350",16,7,14497,40204837,NA,NA,NA,NA,NA,NA,0.0012074138568405,NA,NA,NA,NA,1
"351",16,3,97881,39343750,NA,NA,NA,NA,NA,NA,NA,0.000220986078300405,NA,NA,NA,1
"352",16,3,98617,39344486,NA,NA,NA,NA,NA,NA,NA,0.000185069503804404,NA,NA,NA,1
"353",16,3,98722,39344591,NA,NA,NA,NA,NA,NA,NA,0.000185069503804404,NA,NA,NA,1
"354",16,3,98746,39344615,NA,NA,NA,NA,NA,NA,NA,0.000185069503804404,NA,NA,NA,1
"355",16,3,98890,39344759,NA,NA,NA,NA,NA,NA,NA,0.000185069503804404,NA,NA,NA,1
"356",16,3,98983,39344852,NA,NA,NA,NA,NA,NA,NA,0.000185069503804404,NA,NA,NA,1
"357",16,3,98692,39344561,NA,NA,NA,NA,NA,NA,NA,0.000182179745656675,NA,NA,NA,1
"358",9,1,870978,24255255,NA,NA,NA,NA,NA,NA,NA,0.000180313168119803,NA,NA,NA,1
"359",9,1,870979,24255256,NA,NA,NA,NA,NA,NA,NA,0.000180313168119803,NA,NA,NA,1
"360",16,3,98531,39344400,NA,NA,NA,NA,NA,NA,NA,0.000170729609421381,NA,NA,NA,1
"361",16,3,98587,39344456,NA,NA,NA,NA,NA,NA,NA,0.000170729609421381,NA,NA,NA,1
"362",2,2,819192,5708684,NA,NA,NA,NA,NA,NA,NA,-0.000168630297988346,NA,NA,NA,1
"363",1,0,86066,86066,NA,NA,NA,NA,NA,NA,NA,-0.000164946136542539,NA,NA,NA,1
"364",1,0,829949,829949,NA,NA,NA,NA,NA,NA,NA,-0.000162929723145009,NA,NA,-0.000114153917496056,2
"365",16,3,97866,39343735,NA,NA,NA,NA,NA,NA,NA,0.000154347910488357,NA,NA,NA,1
"366",2,0,975308,4331076,NA,NA,NA,NA,NA,NA,NA,0.00015347687835449,NA,NA,NA,1
"367",2,0,975910,4331678,NA,NA,NA,NA,NA,NA,NA,0.00015347687835449,NA,NA,NA,1
"368",2,0,986549,4342317,NA,NA,NA,NA,NA,NA,NA,0.00015347687835449,NA,NA,NA,1
"369",5,1,71788,13771526,NA,NA,NA,NA,NA,NA,NA,-0.000151902501184671,NA,NA,NA,1
"370",2,2,824050,5713542,NA,NA,NA,NA,NA,NA,NA,-0.000150767823774955,NA,NA,-0.00012378606066731,2
"371",2,2,824040,5713532,NA,NA,NA,NA,NA,NA,NA,-0.00014224499306791,NA,NA,-0.000104961177909145,2
"372",13,1,614991,32476328,NA,NA,NA,NA,NA,NA,NA,-0.000135092514726073,NA,NA,NA,1
"373",9,1,937600,24321877,NA,NA,NA,NA,NA,NA,NA,0.000133576829121344,NA,NA,NA,1
"374",9,1,937610,24321887,NA,NA,NA,NA,NA,NA,NA,0.000133576829121344,NA,NA,NA,1
"375",9,1,937669,24321946,NA,NA,NA,NA,NA,NA,NA,0.000133576829121344,NA,NA,NA,1
"376",9,1,937816,24322093,NA,NA,NA,NA,NA,NA,NA,0.000133576829121344,NA,NA,NA,1
"377",9,1,937865,24322142,NA,NA,NA,NA,NA,NA,NA,0.000133576829121344,NA,NA,NA,1
"378",9,1,937982,24322259,NA,NA,NA,NA,NA,NA,NA,0.000133576829121344,NA,NA,NA,1
"379",9,1,938021,24322298,NA,NA,NA,NA,NA,NA,NA,0.000133576829121344,NA,NA,NA,1
"380",9,1,938166,24322443,NA,NA,NA,NA,NA,NA,NA,0.000133576829121344,NA,NA,NA,1
"381",16,3,97980,39343849,NA,NA,NA,NA,NA,NA,NA,0.000133129489500747,NA,NA,NA,1
"382",2,0,419265,3775033,NA,NA,NA,NA,NA,NA,NA,0.000131535597812113,NA,NA,NA,1
"383",5,1,71464,13771202,NA,NA,NA,NA,NA,NA,NA,-0.000130574721833301,NA,NA,NA,1
"384",9,1,951587,24335864,NA,NA,NA,NA,NA,NA,NA,0.000130410362301511,NA,NA,NA,1
"385",9,1,951642,24335919,NA,NA,NA,NA,NA,NA,NA,0.000130410362301511,NA,NA,NA,1
"386",16,3,108926,39354795,NA,NA,NA,NA,NA,NA,NA,-0.000129168978850725,NA,NA,NA,1
"387",9,1,2059134,25443411,NA,NA,NA,NA,NA,NA,NA,0.000128886183058712,NA,NA,NA,1
"388",16,3,97810,39343679,NA,NA,NA,NA,NA,NA,NA,-0.000128696871922182,NA,NA,NA,1
"389",16,3,98578,39344447,NA,NA,NA,NA,NA,NA,NA,0.00012771419691064,NA,NA,NA,1
"390",16,3,164589,39410458,NA,NA,NA,NA,NA,NA,NA,-0.000126641784816585,NA,NA,NA,1
"391",12,0,283184,29517215,NA,NA,NA,NA,NA,NA,NA,0.00012611798605015,NA,NA,NA,1
"392",12,0,283193,29517224,NA,NA,NA,NA,NA,NA,NA,0.00012611798605015,NA,NA,NA,1
"393",12,0,283197,29517228,NA,NA,NA,NA,NA,NA,NA,0.00012611798605015,NA,NA,NA,1
"394",2,2,823995,5713487,NA,NA,NA,NA,NA,NA,NA,-0.000125588776444294,NA,NA,-0.000119985280993073,2
"395",16,3,97998,39343867,NA,NA,NA,NA,NA,NA,NA,0.000123628256654381,NA,NA,NA,1
"396",8,2,16173,22669732,NA,NA,NA,NA,NA,NA,NA,0.00012303716568278,NA,NA,NA,1
"397",2,0,407943,3763711,NA,NA,NA,NA,NA,NA,NA,-0.000122769690645823,NA,NA,NA,1
"398",2,0,408579,3764347,NA,NA,NA,NA,NA,NA,NA,-0.000122769690645823,NA,NA,NA,1
"399",12,0,273617,29507648,NA,NA,NA,NA,NA,NA,NA,-0.000121412181072691,NA,NA,NA,1
"400",12,0,274710,29508741,NA,NA,NA,NA,NA,NA,NA,-0.000121412181072691,NA,NA,NA,1
"401",3,1,508679,7832210,NA,NA,NA,NA,NA,NA,NA,NA,-0.000106586287886362,NA,NA,1
"402",2,4,358839,6597951,NA,NA,NA,NA,NA,NA,NA,NA,-0.000103668988111565,NA,NA,1
"403",16,1,360208,38472490,NA,NA,NA,NA,NA,NA,NA,NA,9.31066147975105e-05,NA,NA,1
"404",2,2,657794,5547286,NA,NA,NA,NA,NA,NA,NA,NA,9.27560036811032e-05,NA,NA,1
"405",16,1,658323,38770605,NA,NA,NA,NA,NA,NA,NA,NA,9.11933010027019e-05,NA,NA,1
"406",9,1,443816,23828093,NA,NA,NA,NA,NA,NA,NA,NA,-8.89879550812027e-05,NA,NA,1
"407",16,1,657002,38769284,NA,NA,NA,NA,NA,NA,NA,NA,8.86454825247504e-05,NA,NA,1
"408",2,2,656557,5546049,NA,NA,NA,NA,NA,NA,NA,NA,-8.71624776590399e-05,NA,NA,1
"409",2,2,657079,5546571,NA,NA,NA,NA,NA,NA,NA,NA,-8.71624776590399e-05,NA,NA,1
"410",2,2,657182,5546674,NA,NA,NA,NA,NA,NA,NA,NA,-8.71624776590399e-05,NA,NA,1
"411",2,2,657694,5547186,NA,NA,NA,NA,NA,NA,NA,NA,-8.71624776590399e-05,NA,NA,1
"412",2,2,658117,5547609,NA,NA,NA,NA,NA,NA,NA,NA,-8.71624776590399e-05,NA,NA,1
"413",2,2,543343,5432835,NA,NA,NA,NA,NA,NA,NA,NA,-8.23601868777422e-05,NA,NA,1
"414",9,1,467227,23851504,NA,NA,NA,NA,NA,NA,NA,NA,-7.94568799724171e-05,NA,NA,1
"415",3,2,1569509,10639268,NA,NA,NA,NA,NA,NA,NA,NA,7.76412541638144e-05,NA,NA,1
"416",16,1,657001,38769283,NA,NA,NA,NA,NA,NA,NA,NA,7.73790886035154e-05,NA,NA,1
"417",16,1,657006,38769288,NA,NA,NA,NA,NA,NA,NA,NA,7.73790886035154e-05,NA,NA,1
"418",2,2,661168,5550660,NA,NA,NA,NA,NA,NA,NA,NA,-7.58911357557751e-05,NA,NA,1
"419",2,2,661348,5550840,NA,NA,NA,NA,NA,NA,NA,NA,-7.58911357557751e-05,NA,NA,1
"420",2,2,661857,5551349,NA,NA,NA,NA,NA,NA,NA,NA,-7.58911357557751e-05,NA,NA,1
"421",2,2,662357,5551849,NA,NA,NA,NA,NA,NA,NA,NA,-7.58911357557751e-05,NA,NA,1
"422",16,1,656977,38769259,NA,NA,NA,NA,NA,NA,NA,NA,7.54294920334597e-05,NA,NA,1
"423",16,11,277996,40886986,NA,NA,NA,NA,NA,NA,NA,NA,-7.48783175857431e-05,NA,NA,1
"424",16,1,654848,38767130,NA,NA,NA,NA,NA,NA,NA,NA,7.33542041143716e-05,NA,NA,1
"425",16,1,656213,38768495,NA,NA,NA,NA,NA,NA,NA,NA,7.33542041143716e-05,NA,NA,1
"426",16,1,657280,38769562,NA,NA,NA,NA,NA,NA,NA,NA,7.33542041143716e-05,NA,NA,1
"427",16,1,657405,38769687,NA,NA,NA,NA,NA,NA,NA,NA,7.33542041143716e-05,NA,NA,1
"428",16,1,657406,38769688,NA,NA,NA,NA,NA,NA,NA,NA,7.33542041143716e-05,NA,NA,1
"429",16,1,658354,38770636,NA,NA,NA,NA,NA,NA,NA,NA,7.33542041143716e-05,NA,NA,1
"430",16,1,659386,38771668,NA,NA,NA,NA,NA,NA,NA,NA,7.33542041143716e-05,NA,NA,1
"431",16,1,659819,38772101,NA,NA,NA,NA,NA,NA,NA,NA,7.33542041143716e-05,NA,NA,1
"432",16,1,660781,38773063,NA,NA,NA,NA,NA,NA,NA,NA,7.33542041143716e-05,NA,NA,1
"433",16,1,661967,38774249,NA,NA,NA,NA,NA,NA,NA,NA,7.33542041143716e-05,NA,NA,1
"434",16,1,662996,38775278,NA,NA,NA,NA,NA,NA,NA,NA,7.33542041143716e-05,NA,NA,1
"435",16,1,663007,38775289,NA,NA,NA,NA,NA,NA,NA,NA,7.33542041143716e-05,NA,NA,1
"436",16,1,663390,38775672,NA,NA,NA,NA,NA,NA,NA,NA,7.33542041143716e-05,NA,NA,1
"437",16,1,663749,38776031,NA,NA,NA,NA,NA,NA,NA,NA,7.33542041143716e-05,NA,NA,1
"438",2,4,347752,6586864,NA,NA,NA,NA,NA,NA,NA,NA,7.30921572283817e-05,NA,NA,1
"439",2,4,347779,6586891,NA,NA,NA,NA,NA,NA,NA,NA,7.30921572283817e-05,NA,NA,1
"440",14,1,28593,33578196,NA,NA,NA,NA,NA,NA,NA,NA,-7.2573153417357e-05,NA,NA,1
"441",2,2,480741,5370233,NA,NA,NA,NA,NA,NA,NA,NA,-7.2187652872145e-05,NA,NA,1
"442",14,1,348980,33898583,NA,NA,NA,NA,NA,NA,NA,NA,-7.17723291798528e-05,NA,NA,1
"443",9,1,485926,23870203,NA,NA,NA,NA,NA,NA,NA,NA,-7.15881276883533e-05,NA,NA,1
"444",2,2,817697,5707189,NA,NA,NA,NA,NA,NA,NA,NA,-7.06893540245889e-05,NA,NA,1
"445",2,4,378457,6617569,NA,NA,NA,NA,NA,NA,NA,NA,-7.05212993157255e-05,NA,-0.000102509656118708,2
"446",2,4,378734,6617846,NA,NA,NA,NA,NA,NA,NA,NA,-7.05212993157255e-05,NA,-0.000102509656118708,2
"447",2,4,380642,6619754,NA,NA,NA,NA,NA,NA,NA,NA,-7.05212993157255e-05,NA,-0.000102509656118708,2
"448",2,4,382853,6621965,NA,NA,NA,NA,NA,NA,NA,NA,-7.05212993157255e-05,NA,-0.000102509656118708,2
"449",2,4,383323,6622435,NA,NA,NA,NA,NA,NA,NA,NA,-7.05212993157255e-05,NA,-0.000102509656118708,2
"450",2,4,387607,6626719,NA,NA,NA,NA,NA,NA,NA,NA,-7.05212993157255e-05,NA,-0.000102509656118708,2
"468",16,7,162032,40352372,NA,NA,NA,NA,NA,NA,NA,NA,NA,0.0015789552442232,NA,1
"469",16,3,169940,39415809,NA,NA,NA,NA,NA,NA,NA,NA,NA,-0.00137605877379607,NA,1
"470",2,3,4214,6051039,NA,NA,NA,NA,NA,NA,NA,NA,NA,-0.00125839965732035,NA,1
"471",2,3,4187,6051012,NA,NA,NA,NA,NA,NA,NA,NA,NA,-0.00120468038302112,NA,1
"472",1,0,2585940,2585940,NA,NA,NA,NA,NA,NA,NA,NA,NA,-0.00120059977881881,NA,1
"473",9,1,3335,23387612,NA,NA,NA,NA,NA,NA,NA,NA,NA,-0.00119199773542194,NA,1
"474",15,3,4586,35771938,NA,NA,NA,NA,NA,NA,NA,NA,NA,0.00118537261752944,NA,1
"475",14,2,47750,35305670,NA,NA,NA,NA,NA,NA,NA,NA,NA,-0.001160779064544,NA,1
"476",5,0,2400571,13673150,NA,NA,NA,NA,NA,NA,NA,NA,NA,-0.00113976938712939,NA,1
"477",5,0,2084443,13357022,NA,NA,NA,NA,NA,NA,NA,NA,NA,-0.00112246015753261,NA,1
"478",10,1,2087607,27783448,NA,NA,NA,NA,NA,NA,NA,NA,NA,-0.00111272581658769,NA,1
"479",8,1,1008992,22652471,NA,NA,NA,NA,NA,NA,NA,NA,NA,0.00111184488099083,NA,1
"480",6,0,72992,15991579,NA,NA,NA,NA,NA,NA,NA,NA,NA,0.00110854766033648,NA,1
"481",6,0,72997,15991584,NA,NA,NA,NA,NA,NA,NA,NA,NA,0.00108511210156471,NA,1
"482",1,0,2578978,2578978,NA,NA,NA,NA,NA,NA,NA,NA,NA,-0.00107482723752603,NA,1
"483",16,7,31953,40222293,NA,NA,NA,NA,NA,NA,NA,NA,NA,-0.00107396705950632,NA,1
"484",10,1,2279844,27975685,NA,NA,NA,NA,NA,NA,NA,NA,NA,0.00106486412858501,NA,1
"485",8,1,1009874,22653353,NA,NA,NA,NA,NA,NA,NA,NA,NA,0.0010363155998871,NA,1
"487",10,1,1367728,27063569,NA,NA,NA,NA,NA,NA,NA,NA,NA,-0.000996315373898903,NA,1
"488",9,1,10525,23394802,NA,NA,NA,NA,NA,NA,NA,NA,NA,0.000992632849091409,NA,1
"489",14,1,3685,33553288,NA,NA,NA,NA,NA,NA,NA,NA,NA,0.000962225440654404,NA,1
"490",5,1,2209739,15909477,NA,NA,NA,NA,NA,NA,NA,NA,NA,-0.000959563932362998,NA,1
"491",9,1,5768,23390045,NA,NA,NA,NA,NA,NA,NA,NA,NA,0.000937918073682405,NA,1
"492",2,4,137,6239249,NA,NA,NA,NA,NA,NA,NA,NA,NA,0.000928464769655196,NA,1
"493",5,1,2209769,15909507,NA,NA,NA,NA,NA,NA,NA,NA,NA,-0.000913794183689478,NA,1
"494",4,0,84993,10960830,NA,NA,NA,NA,NA,NA,NA,NA,NA,-0.00090659150826657,NA,1
"495",9,1,1845709,25229986,NA,NA,NA,NA,NA,NA,NA,NA,NA,0.000901546117589565,NA,1
"497",14,2,3288,35261208,NA,NA,NA,NA,NA,NA,NA,NA,NA,0.000891315883729274,NA,1
"498",16,3,133359,39379228,NA,NA,NA,NA,NA,NA,NA,NA,NA,-0.000890683203318047,NA,1
"499",3,1,971974,8295505,NA,NA,NA,NA,NA,NA,NA,NA,NA,-0.000888498512278345,NA,1
"500",10,1,2275028,27970869,NA,NA,NA,NA,NA,NA,NA,NA,NA,-0.000885404031568466,NA,1
"501",2,2,821958,5711450,NA,NA,NA,NA,NA,NA,NA,NA,NA,NA,-0.00014827089837929,1
"502",2,2,822012,5711504,NA,NA,NA,NA,NA,NA,NA,NA,NA,NA,-0.00014827089837929,1
"503",2,2,825082,5714574,NA,NA,NA,NA,NA,NA,NA,NA,NA,NA,-0.000140268868751704,1
"504",2,2,825228,5714720,NA,NA,NA,NA,NA,NA,NA,NA,NA,NA,-0.000140268868751704,1
"505",2,2,826539,5716031,NA,NA,NA,NA,NA,NA,NA,NA,NA,NA,-0.000140268868751704,1
"506",2,2,826768,5716260,NA,NA,NA,NA,NA,NA,NA,NA,NA,NA,-0.000140268868751704,1
"507",2,2,827148,5716640,NA,NA,NA,NA,NA,NA,NA,NA,NA,NA,-0.000140268868751704,1
"508",2,2,827641,5717133,NA,NA,NA,NA,NA,NA,NA,NA,NA,NA,-0.000140268868751704,1
"509",2,2,828303,5717795,NA,NA,NA,NA,NA,NA,NA,NA,NA,NA,-0.000140268868751704,1
"510",2,2,828305,5717797,NA,NA,NA,NA,NA,NA,NA,NA,NA,NA,-0.000140268868751704,1
"511",2,2,829639,5719131,NA,NA,NA,NA,NA,NA,NA,NA,NA,NA,-0.000140268868751704,1
"512",2,2,830410,5719902,NA,NA,NA,NA,NA,NA,NA,NA,NA,NA,-0.000140268868751704,1
"513",2,2,831752,5721244,NA,NA,NA,NA,NA,NA,NA,NA,NA,NA,-0.000140268868751704,1
"514",2,2,879813,5769305,NA,NA,NA,NA,NA,NA,NA,NA,NA,NA,-0.000140268868751704,1
"515",2,2,894061,5783553,NA,NA,NA,NA,NA,NA,NA,NA,NA,NA,-0.000140268868751704,1
"516",2,2,821665,5711157,NA,NA,NA,NA,NA,NA,NA,NA,NA,NA,-0.00013234313284541,1
"517",2,2,832333,5721825,NA,NA,NA,NA,NA,NA,NA,NA,NA,NA,-0.000124587425574504,1
"518",2,2,832600,5722092,NA,NA,NA,NA,NA,NA,NA,NA,NA,NA,-0.000124587425574504,1
"519",2,2,832792,5722284,NA,NA,NA,NA,NA,NA,NA,NA,NA,NA,-0.000124587425574504,1
"520",2,2,833271,5722763,NA,NA,NA,NA,NA,NA,NA,NA,NA,NA,-0.000124587425574504,1
"521",2,2,833282,5722774,NA,NA,NA,NA,NA,NA,NA,NA,NA,NA,-0.000124587425574504,1
"522",2,2,833328,5722820,NA,NA,NA,NA,NA,NA,NA,NA,NA,NA,-0.000124587425574504,1
"523",2,2,833478,5722970,NA,NA,NA,NA,NA,NA,NA,NA,NA,NA,-0.000124587425574504,1
"524",2,2,833637,5723129,NA,NA,NA,NA,NA,NA,NA,NA,NA,NA,-0.000124587425574504,1
"527",2,2,822032,5711524,NA,NA,NA,NA,NA,NA,NA,NA,NA,NA,-0.000114740134449991,1
"528",2,2,822037,5711529,NA,NA,NA,NA,NA,NA,NA,NA,NA,NA,-0.000114740134449991,1
"529",2,2,822042,5711534,NA,NA,NA,NA,NA,NA,NA,NA,NA,NA,-0.000114740134449991,1
"530",2,2,894932,5784424,NA,NA,NA,NA,NA,NA,NA,NA,NA,NA,-0.000114727619876775,1
"532",3,2,60624,9130383,NA,NA,NA,NA,NA,NA,NA,NA,NA,NA,0.000108660553775483,1
"533",3,2,60738,9130497,NA,NA,NA,NA,NA,NA,NA,NA,NA,NA,0.000108660553775483,1
"534",3,2,60739,9130498,NA,NA,NA,NA,NA,NA,NA,NA,NA,NA,0.000108660553775483,1
"535",6,0,299129,16217716,NA,NA,NA,NA,NA,NA,NA,NA,NA,NA,-0.000106100124651083,1
"536",7,2,610525,20731547,NA,NA,NA,NA,NA,NA,NA,NA,NA,NA,-0.000105748137414214,1
"538",7,0,1110546,19605912,NA,NA,NA,NA,NA,NA,NA,NA,NA,NA,-0.000104782062726074,1
"539",7,0,1110721,19606087,NA,NA,NA,NA,NA,NA,NA,NA,NA,NA,-0.000104782062726074,1
"540",7,0,1111706,19607072,NA,NA,NA,NA,NA,NA,NA,NA,NA,NA,-0.000104782062726074,1
"541",15,1,248642,35674213,NA,NA,NA,NA,NA,NA,NA,NA,NA,NA,0.000102874100532899,1
"542",15,1,248664,35674235,NA,NA,NA,NA,NA,NA,NA,NA,NA,NA,0.000102874100532899,1
"549",2,4,390172,6629284,NA,NA,NA,NA,NA,NA,NA,NA,NA,NA,-0.000102509656118708,1
"550",2,4,390412,6629524,NA,NA,NA,NA,NA,NA,NA,NA,NA,NA,-0.000102509656118708,1
